id,device_id,power_kw,temperature_c,voltage,E_actual,optimal_baseline,is_anomaly,created_at
1,1,3.0066311823653993,40.50815122530312,220.99342830602245,2.9994600215424527,24.5,0,2026-01-01 00:00:00
2,1,3.006569284983525,40.781014833877705,219.72347139765762,3.0046358479003565,24.5,0,2026-01-01 00:01:00
3,1,2.9117946305042492,40.392421397220176,221.2953770762014,2.914427073739538,24.5,0,2026-01-01 00:02:00
4,1,3.105691761098025,41.16516080278628,223.04605971281606,3.152103266394159,24.5,0,2026-01-01 00:03:00
5,1,3.1842433202678015,42.08470232317985,219.53169325055333,3.145609012220861,24.5,0,2026-01-01 00:04:00
6,1,3.0016763772587094,40.55719511519358,219.53172608610163,2.9578585646414672,24.5,0,2026-01-01 00:05:00
7,1,3.3101040565086315,42.139613243449006,223.15842563101478,3.3699495768814596,24.5,0,2026-01-01 00:06:00
8,1,3.2490912610870204,41.01263795009721,221.53486945830582,3.223685455951846,24.5,0,2026-01-01 00:07:00
9,1,3.1095971257788615,40.78321342133615,219.06105122813008,3.043958675205166,24.5,0,2026-01-01 00:08:00
10,1,3.218652776448292,41.955909990390005,221.08512008717193,3.191500795007891,24.5,0,2026-01-01 00:09:00
11,1,3.384484750697371,42.4201648499229,219.0731646143751,3.3645993208629092,24.5,0,2026-01-01 00:10:00
12,1,3.3169799203841435,42.25901477092051,219.06854049285948,3.3910813848952466,24.5,0,2026-01-01 00:11:00
13,1,3.2846532164237368,40.867683538903016,220.48392454313208,3.3269553071874847,24.5,0,2026-01-01 00:12:00
14,1,3.215198628797862,41.38205385354889,216.1734395106844,3.268397617077962,24.5,0,2026-01-01 00:13:00
15,1,3.271309894061438,42.271826266420554,216.55016433497394,3.3077319467152315,24.5,0,2026-01-01 00:14:00
16,1,3.2664928394687225,41.73861280607256,218.87542494151805,3.308908956758016,24.5,0,2026-01-01 00:15:00
17,1,3.1124166400009465,40.80396751236996,217.97433775933115,3.073036648817335,24.5,0,2026-01-01 00:16:00
18,1,3.590385113564708,42.60540052986384,220.62849466519054,3.574356536271785,24.5,0,2026-01-01 00:17:00
19,1,3.3800863577152898,41.57672911099518,218.18395184895758,3.3245119090761586,24.5,0,2026-01-01 00:18:00
20,1,3.4073476740147255,43.183185300885796,217.17539259732942,3.3903554582764808,24.5,0,2026-01-01 00:19:00
21,1,3.469855826251315,42.99416001209288,222.9312975378431,3.4971282992330397,24.5,0,2026-01-01 00:20:00
22,1,3.367334050216582,42.345956001787556,219.54844739902694,3.3669992327285674,24.5,0,2026-01-01 00:21:00
23,1,3.4503520278213804,42.96129805680411,220.13505640937584,3.508343638040237,24.5,0,2026-01-01 00:22:00
24,1,3.280370989185526,41.951892071566206,217.15050362757307,3.215764016232082,24.5,0,2026-01-01 00:23:00
25,1,3.7152835396538992,43.198238147318634,218.91123455094964,3.7313894681553568,24.5,0,2026-01-01 00:24:00
26,1,3.399670761781936,42.973580854705176,220.22184517941974,3.328767059907367,24.5,0,2026-01-01 00:25:00
27,1,3.3984715186791674,42.324666227994626,217.6980128451554,3.3943557930742285,24.5,0,2026-01-01 00:26:00
28,1,3.523745556059256,42.19210783952038,220.75139603669135,3.551260946686423,24.5,0,2026-01-01 00:27:00
29,1,3.6836890241080114,41.717214365905974,218.79872262016238,3.6626639930923113,24.5,0,2026-01-01 00:28:00
30,1,3.5825432262094994,42.484069558003384,219.41661250041344,3.5997252311002166,24.5,0,2026-01-01 00:29:00
31,1,3.4632727340054372,42.82611169832137,218.79658677554121,3.4049118682160318,24.5,0,2026-01-01 00:30:00
32,1,3.8141084118810578,43.44531804976666,223.70455636901787,3.71911848476231,24.5,0,2026-01-01 00:31:00
33,1,3.7138832930993226,43.12321004751292,219.97300555052414,3.7298693425017166,24.5,0,2026-01-01 00:32:00
34,1,3.675280898738014,42.50414123841281,217.8845781420882,3.7503729733855127,24.5,0,2026-01-01 00:33:00
35,1,3.772773047385627,41.72463995490255,221.64508982420637,3.710165153951049,24.5,0,2026-01-01 00:34:00
36,1,3.8866374494154927,42.995178695789036,217.55831270005797,3.934167705253277,24.5,0,2026-01-01 00:35:00
37,1,3.9318804398364313,43.1131814003178,220.41772719000951,3.9199222887322858,24.5,0,2026-01-01 00:36:00
38,1,3.5838782418817967,42.57847537434162,216.08065975224045,3.503857817721014,24.5,0,2026-01-01 00:37:00
39,1,3.8504653072536184,43.64375370297009,217.34362790220314,3.779286039197604,24.5,0,2026-01-01 00:38:00
40,1,3.7932718854224663,44.2595983229615,220.39372247173824,3.7792961741043936,24.5,0,2026-01-01 00:39:00
41,1,3.8380672587169147,43.20864886613125,221.4769331599908,3.8025225389254342,24.5,0,2026-01-01 00:40:00
42,1,3.610277450540012,42.608798419631256,220.34273656237994,3.529859967108675,24.5,0,2026-01-01 00:41:00
43,1,3.7683697601748154,42.92967599906163,219.76870343522353,3.6678738336590833,24.5,0,2026-01-01 00:42:00
44,1,3.7104942883551195,43.07275126786788,219.39779260882142,3.652237450922996,24.5,0,2026-01-01 00:43:00
45,1,3.847369831357246,42.87011326456756,217.04295601926515,3.840169042493438,24.5,0,2026-01-01 00:44:00
46,1,3.911355514104329,43.52798905458316,218.5603115832106,3.89347391979834,24.5,0,2026-01-01 00:45:00
47,1,3.6160046708487883,43.13679337166855,219.07872245808042,3.5743473502234573,24.5,0,2026-01-01 00:46:00
48,1,3.8880279388309473,43.441520866154065,222.11424445243784,3.8798914433027902,24.5,0,2026-01-01 00:47:00
49,1,3.990982469649638,43.857280597963715,220.68723657913694,4.023872992432905,24.5,0,2026-01-01 00:48:00
50,1,3.7957436704094,43.61890751413038,216.47391968927454,3.7968963455123745,24.5,0,2026-01-01 00:49:00
51,1,3.973020877431301,42.5156166892684,220.64816793878958,3.947139919567726,24.5,0,2026-01-01 00:50:00
52,1,3.9200997715636445,43.92157123246138,219.22983543916737,3.946561757402096,24.5,0,2026-01-01 00:51:00
53,1,3.919062491463876,43.17053159347973,218.64615599938807,3.850743745399681,24.5,0,2026-01-01 00:52:00
54,1,3.9130053698495573,42.827944471273945,221.22335257768174,3.881075325607768,24.5,0,2026-01-01 00:53:00
55,1,3.841090501635423,42.66792835622976,222.0619990449919,3.810350118576449,24.5,0,2026-01-01 00:54:00
56,1,3.856781092726628,43.64323365692139,221.8625602382324,3.7737793608100794,24.5,0,2026-01-01 00:55:00
57,1,3.9880285447427437,43.64852643090917,218.3215649535547,3.944764292501846,24.5,0,2026-01-01 00:56:00
58,1,3.946381637916116,42.666977372944295,219.38157524829757,3.820203265871272,24.5,0,2026-01-01 00:57:00
59,1,3.9616820350737356,43.96272645773745,220.66252686280714,4.034379688503253,24.5,0,2026-01-01 00:58:00
60,1,3.963646568813663,42.785669137872276,221.95109025424472,3.8934592164293,24.5,0,2026-01-01 00:59:00
61,1,3.9311389705218134,43.786933217949226,219.04165152430943,3.986928462462241,24.5,0,2026-01-01 01:00:00
62,1,4.085408974880132,44.1456804269396,219.62868204667237,4.062468060137017,24.5,0,2026-01-01 01:01:00
63,1,3.9193866259164074,44.2858654315425,217.78733005198794,3.923404810612221,24.5,0,2026-01-01 01:02:00
64,1,3.8217823788180882,44.64997861240083,217.60758675183865,3.773340844164961,24.5,0,2026-01-01 01:03:00
65,1,4.110912616511981,43.205956280146154,221.62505164478839,4.095083272533267,24.5,0,2026-01-01 01:04:00
66,1,4.039586665934251,43.829656724423614,222.71248005714165,4.045938986278235,24.5,0,2026-01-01 01:05:00
67,1,4.016885616513845,43.76790819631656,219.85597975683933,4.023689087777361,24.5,0,2026-01-01 01:06:00
68,1,4.222022684505471,44.53373455624712,222.00706579578406,4.23256835403814,24.5,0,2026-01-01 01:07:00
69,1,4.036745968773117,44.10101835596071,220.72327205009526,3.990972579062422,24.5,0,2026-01-01 01:08:00
70,1,4.03509682117826,43.84501604972649,218.70976049078976,3.983332504420362,24.5,0,2026-01-01 01:09:00
71,1,3.9268270772506755,43.52057344855074,220.72279121101684,3.819726454618616,24.5,0,2026-01-01 01:10:00
72,1,4.070413373361709,43.328499122122814,223.07607313293192,4.067776741361516,24.5,0,2026-01-01 01:11:00
73,1,4.099704211278908,44.777538854869,219.9283479217801,4.12441128628103,24.5,0,2026-01-01 01:12:00
74,1,3.9396426680464915,44.04718448901476,223.12928731162802,3.9917870773786923,24.5,0,2026-01-01 01:13:00
75,1,3.9673655268151493,44.6925916263755,214.7605097918205,3.953374012663545,24.5,0,2026-01-01 01:14:00
76,1,4.08596826668978,43.95391050585176,221.64380500875043,4.0171141471449054,24.5,0,2026-01-01 01:15:00
77,1,4.0540785617964055,43.751576497852,220.17409413647636,3.9385295433066445,24.5,0,2026-01-01 01:16:00
78,1,4.141193146313495,43.71449440096507,219.40198529906826,4.161511746918948,24.5,0,2026-01-01 01:17:00
79,1,4.085191179222972,44.45212169367403,220.18352155307102,3.963636808724962,24.5,0,2026-01-01 01:18:00
80,1,4.121693504595686,43.85665373795183,216.0248621707982,4.072230201443258,24.5,0,2026-01-01 01:19:00
81,1,3.939134966157631,45.10962714434414,219.560656224325,3.8965322618817924,24.5,0,2026-01-01 01:20:00
82,1,4.073713210148335,43.45517885172866,220.7142251430235,4.037376654321889,24.5,0,2026-01-01 01:21:00
83,1,4.108594498711789,44.406302191443835,222.95578808948304,4.076831907985996,24.5,0,2026-01-01 01:22:00
84,1,3.9172241666921765,44.96330990541033,218.96345956345272,3.8917531401837757,24.5,0,2026-01-01 01:23:00
85,1,4.108329212032124,44.798799260372704,218.3830127942136,3.953195620415363,24.5,0,2026-01-01 01:24:00
86,1,4.255322436626066,44.82866850957056,218.99648591283093,4.220038280305264,24.5,0,2026-01-01 01:25:00
87,1,4.06861433733367,43.6832881289355,221.83080423540414,3.9222955022998334,24.5,0,2026-01-01 01:26:00
88,1,4.096863535604677,43.548381062185236,220.65750221931938,4.0979863236434015,24.5,0,2026-01-01 01:27:00
89,1,4.019044046814006,44.763242394788854,218.94047959246592,3.9560753633221766,24.5,0,2026-01-01 01:28:00
90,1,3.972168523104379,45.052364624099624,221.0265348662267,3.8291212390492437,24.5,0,2026-01-01 01:29:00
91,1,3.840659344568399,43.67023321190909,220.1941550986961,3.7655382577094128,24.5,0,2026-01-01 01:30:00
92,1,3.9800560601108583,43.47862665657203,221.9372899810658,3.915498078485132,24.5,0,2026-01-01 01:31:00
93,1,3.845980730302787,42.55467265778515,218.5958938122453,3.870294952375656,24.5,0,2026-01-01 01:32:00
94,1,4.165981589589814,44.06430407557213,219.34467570680445,4.13724944857465,24.5,0,2026-01-01 01:33:00
95,1,3.9741410285561756,44.223936344259116,219.2157836937357,3.9541813788033355,24.5,0,2026-01-01 01:34:00
96,1,3.9059800937533464,45.207890254067436,217.07297010373577,3.9281100651002574,24.5,0,2026-01-01 01:35:00
97,1,4.087878621161544,44.90100192766799,220.59224055412915,4.044015540110706,24.5,0,2026-01-01 01:36:00
98,1,3.8754607655874866,44.278931050297274,220.52211054435978,3.8757599271866714,24.5,0,2026-01-01 01:37:00
99,1,3.894888467641738,43.92697843719475,220.01022691328492,3.891098039420642,24.5,0,2026-01-01 01:38:00
100,1,3.962866812055966,43.98359093405977,219.5308257332497,3.859504516948311,24.5,0,2026-01-01 01:39:00
101,1,4.008076247672221,45.367737210440836,217.16925851589917,4.041844401543363,24.5,0,2026-01-01 01:40:00
102,1,3.983083263659631,44.53736651653405,219.1587093544693,3.872041508616075,24.5,0,2026-01-01 01:41:00
103,1,3.9514128548238547,43.10196191525732,219.31457096694646,3.9571816315752737,24.5,0,2026-01-01 01:42:00
104,1,3.908489623289498,43.92191445994081,218.39544546155676,3.7925851441668756,24.5,0,2026-01-01 01:43:00
105,1,3.9543079904195197,43.87138351105742,219.67742857666798,3.943458136283235,24.5,0,2026-01-01 01:44:00
106,1,3.9444106969372754,44.01399090881712,220.80810171362907,3.996306805135375,24.5,0,2026-01-01 01:45:00
107,1,3.8600150020089052,44.42763290432142,223.77237180242105,3.8086660016058365,24.5,0,2026-01-01 01:46:00
108,1,3.8992802428174893,44.234409778523364,220.34915562566368,3.8449625823682916,24.5,0,2026-01-01 01:47:00
109,1,3.777526687034079,44.021909945571615,220.51510078144554,3.7674709131738093,24.5,0,2026-01-01 01:48:00
110,1,3.8715287965137035,45.07950830061805,219.85110816846768,3.8130884646501757,24.5,0,2026-01-01 01:49:00
111,1,3.7391750360332354,43.75298656546951,216.1624575694019,3.7891834387160723,24.5,0,2026-01-01 01:50:00
112,1,4.098121648278922,45.884526984561155,219.94697224910158,4.06249364370684,24.5,0,2026-01-01 01:51:00
113,1,3.8277851512428085,43.837868418595846,220.12046041988205,3.769144667032794,24.5,0,2026-01-01 01:52:00
114,1,3.757197194339604,44.01117632875548,224.92648422497058,3.687965566908975,24.5,0,2026-01-01 01:53:00
115,1,3.783779815850976,44.0322032169848,219.61527807043777,3.6942422408047233,24.5,0,2026-01-01 01:54:00
116,1,3.8537483306883558,44.3943336535816,220.6030946846672,3.778296330612999,24.5,0,2026-01-01 01:55:00
117,1,3.9451173324222117,44.80589087433489,219.93057646058952,3.8820847058271006,24.5,0,2026-01-01 01:56:00
118,1,3.664087226516909,44.33434025020384,217.66264392476094,3.5970852655211836,24.5,0,2026-01-01 01:57:00
119,1,3.6260062872450742,43.410465538363276,222.28564562903003,3.5505621018879943,24.5,0,2026-01-01 01:58:00
120,1,3.8431120004228476,43.65476856293152,221.50386606537356,3.9025920645083474,24.5,0,2026-01-01 01:59:00
121,1,3.6055955807360673,45.376709694465795,221.5820638940861,3.5110822475208185,24.5,0,2026-01-01 02:00:00
122,1,3.630108391638246,43.758540710496575,218.18122509041052,3.5937803829745776,24.5,0,2026-01-01 02:01:00
123,1,3.7098234660975993,44.48887336276974,222.8055886218722,3.6944646360317153,24.5,0,2026-01-01 02:02:00
124,1,3.6198172854249657,43.12654978301784,217.19629787441545,3.6070716344492837,24.5,0,2026-01-01 02:03:00
125,1,3.747376592511847,44.05881377508348,221.17371418760055,3.6982656801640146,24.5,0,2026-01-01 02:04:00
126,1,3.643609448232793,43.858897801361174,224.38091125161995,3.5863126761521014,24.5,0,2026-01-01 02:05:00
127,1,3.5652211212049756,44.28360449057151,218.01892734973862,3.543158531996679,24.5,0,2026-01-01 02:06:00
128,1,3.58873256542468,42.40058590571236,218.86740454079447,3.5567699363774024,24.5,0,2026-01-01 02:07:00
129,1,3.6103547526472552,44.14831483220501,220.19930273017528,3.551488772453681,24.5,0,2026-01-01 02:08:00
130,1,3.5684175062399337,43.329790376832094,218.9930486917676,3.4445866293948573,24.5,0,2026-01-01 02:09:00
131,1,3.5510366557252393,44.26281132540441,216.89867313786775,3.48177575962522,24.5,0,2026-01-01 02:10:00
132,1,3.6278971994204543,43.50849366864914,220.13712594961206,3.523354174774789,24.5,0,2026-01-01 02:11:00
133,1,3.5279245746528702,43.506882435552136,217.87539257254778,3.4483039976518155,24.5,0,2026-01-01 02:12:00
134,1,3.565939343339574,43.84792306832657,220.94718486127036,3.5204875079141855,24.5,0,2026-01-01 02:13:00
135,1,3.2987931106925252,42.952906973972524,218.1611515315324,3.2728209374011126,24.5,0,2026-01-01 02:14:00
136,1,3.522535472378144,43.60448463225958,223.09986881003508,3.564323432512796,24.5,0,2026-01-01 02:15:00
137,1,3.473738814120816,43.23830438781837,218.43349341532752,3.399945447267705,24.5,0,2026-01-01 02:16:00
138,1,3.495081186204752,42.88265552569175,219.35587696758864,3.4862563588796127,24.5,0,2026-01-01 02:17:00
139,1,3.3675239924906233,44.28710215546097,221.62703443473933,3.3366693483095826,24.5,0,2026-01-01 02:18:00
140,1,3.29008317022158,42.883091619930205,217.5382713671321,3.309467268623774,24.5,0,2026-01-01 02:19:00
141,1,3.3237677824253526,43.5479476326903,220.45491986920825,3.30637068392944,24.5,0,2026-01-01 02:20:00
142,1,3.4506792654445686,44.30617335730865,222.61428550856485,3.351942024707345,24.5,0,2026-01-01 02:21:00
143,1,3.390946183533405,43.561892452088884,216.78503353087754,3.2569827089760066,24.5,0,2026-01-01 02:22:00
144,1,3.2814843018932867,43.12418029032754,220.36926771706462,3.250456083133289,24.5,0,2026-01-01 02:23:00
145,1,3.397616758414822,43.994574015248084,220.51976558849685,3.3226191073022435,24.5,0,2026-01-01 02:24:00
146,1,3.3140044708032073,44.348954913897174,221.56364574355462,3.217282425625876,24.5,0,2026-01-01 02:25:00
147,1,3.2093437660952175,42.90312090996586,217.52609857824385,3.0994488551480677,24.5,0,2026-01-01 02:26:00
148,1,3.178620417698894,43.47309442426948,217.35908677383145,3.1402852298205484,24.5,0,2026-01-01 02:27:00
149,1,3.3099517913509584,42.6910180517285,221.0438831312338,3.336710613959685,24.5,0,2026-01-01 02:28:00
150,1,3.240494801089037,43.38597559108302,220.59396934646637,3.17213574246282,24.5,0,2026-01-01 02:29:00
151,1,3.4168902717506224,44.007927912372104,220.50098570069176,3.3955329185688576,24.5,0,2026-01-01 02:30:00
152,1,3.0821805800817326,42.82436679640875,220.69289641899394,3.0308759578323423,24.5,0,2026-01-01 02:31:00
153,1,3.1713395818850962,43.31226121274406,218.63995055684302,3.0590306197766175,24.5,0,2026-01-01 02:32:00
154,1,3.0713963096701975,42.507228040573764,220.464507394322,3.0615021784731438,24.5,0,2026-01-01 02:33:00
155,1,3.018340901500477,43.305497204291,220.58614494659736,2.9174799340356588,24.5,0,2026-01-01 02:34:00
156,1,3.0569976494078146,44.039404446789476,218.57129716394726,3.0110608492308075,24.5,0,2026-01-01 02:35:00
157,1,3.123851893921167,42.752366125471326,223.7315490222895,3.05842192503528,24.5,0,2026-01-01 02:36:00
158,1,3.3472877684968347,43.56821695691356,220.94766584182358,3.3397996082471346,24.5,0,2026-01-01 02:37:00
159,1,2.966260840963641,43.59788597086976,217.6173930055947,2.8668546764328093,24.5,0,2026-01-01 02:38:00
160,1,2.8999735171243057,43.809422876686234,221.31310721726766,2.8737720696156956,24.5,0,2026-01-01 02:39:00
161,1,2.9779314718147485,42.44193996931836,218.05063665954535,2.888673848297904,24.5,0,2026-01-01 02:40:00
162,1,2.7664335415184365,42.742147083099425,221.5741692074849,2.696695328038579,24.5,0,2026-01-01 02:41:00
163,1,2.9580983776924783,43.384989949380646,222.31719115801482,2.7288032466546275,24.5,0,2026-01-01 02:42:00
164,1,2.8963023216097596,43.150709510298086,218.35863536329657,2.9540801995960932,24.5,0,2026-01-01 02:43:00
165,1,3.0028627415473856,41.856913101920334,221.92675225848865,2.9815452656536956,24.5,0,2026-01-01 02:44:00
166,1,2.9860553714242064,43.65488706718434,220.82556185387298,2.898822333855496,24.5,0,2026-01-01 02:45:00
167,1,2.8264126536215777,43.94596303719113,221.64412031998899,2.723648696395056,24.5,0,2026-01-01 02:46:00
168,1,2.869933412840192,43.15065790190638,223.7935859653079,2.7976210665683863,24.5,0,2026-01-01 02:47:00
169,1,2.733082795085768,42.31476204112655,219.50922376799426,2.723394522675631,24.5,0,2026-01-01 02:48:00
170,1,2.6644675964033486,42.529200499826096,218.49252767128502,2.5252122125863044,24.5,0,2026-01-01 02:49:00
171,1,2.7860407837348724,44.162844592415816,218.22097114074896,2.731999180699517,24.5,0,2026-01-01 02:50:00
172,1,2.6094927801961876,43.30661107415077,218.36837943006913,2.653781902765817,24.5,0,2026-01-01 02:51:00
173,1,2.6946234127916813,43.29309396608509,219.84579658117178,2.5919748865394747,24.5,0,2026-01-01 02:52:00
174,1,2.6265982813960984,42.983704039934835,220.68230394963328,2.5855681835048747,24.5,0,2026-01-01 02:53:00
175,1,2.762590432259208,42.659283993502,220.55338159866002,2.8251026353895687,24.5,0,2026-01-01 02:54:00
176,1,2.88484377058361,43.163376856080596,221.65436649807205,2.8664057621929824,24.5,0,2026-01-01 02:55:00
177,1,2.5307041374825343,42.59404684494327,220.0260037837558,2.4928496017540813,24.5,0,2026-01-01 02:56:00
178,1,2.488319910742289,42.83823905717569,222.90706815431463,2.46999596436141,24.5,0,2026-01-01 02:57:00
179,1,2.605895246569434,43.7377625552013,219.4706863335241,2.5398774317824446,24.5,0,2026-01-01 02:58:00
180,1,2.672489327590721,43.510146502300266,225.44033833317923,2.6900589358304225,24.5,0,2026-01-01 02:59:00
181,1,2.6251447059299924,42.00706036128413,221.25133469553,2.5583483333211188,24.5,0,2026-01-01 03:00:00
182,1,2.5052668474643203,42.839401048635764,218.28568488716743,2.3623703475569267,24.5,0,2026-01-01 03:01:00
183,1,2.5072823962778945,43.175875655064964,217.85821500387777,2.4424974497795375,24.5,0,2026-01-01 03:02:00
184,1,2.5830286922689703,43.19882353436121,220.96494483048636,2.4878524296294056,24.5,0,2026-01-01 03:03:00
185,1,2.6170417773286707,42.565007305785066,219.5530744293483,2.555268816155661,24.5,0,2026-01-01 03:04:00
186,1,2.316896680105546,44.072783493580374,221.42800098818418,2.261473933826654,24.5,0,2026-01-01 03:05:00
187,1,2.455932543325373,41.85657928065646,220.94647524914708,2.470545563494748,24.5,0,2026-01-01 03:06:00
188,1,2.4859032786277635,42.07119412258785,219.85434217468625,2.474613474723807,24.5,0,2026-01-01 03:07:00
189,1,2.3382658566884826,42.617085432377316,218.30641256386318,2.307880373927131,24.5,0,2026-01-01 03:08:00
190,1,2.5722087486130674,44.25948131171625,216.97030555062827,2.5239032613862693,24.5,0,2026-01-01 03:09:00
191,1,2.342947018231991,41.99748533164632,219.10697009586596,2.2459083606746493,24.5,0,2026-01-01 03:10:00
192,1,2.4153963695705527,42.44213679705176,221.71279758864694,2.260641325717885,24.5,0,2026-01-01 03:11:00
193,1,2.4463067236891596,43.35158313907006,220.42818748826042,2.40544366643717,24.5,0,2026-01-01 03:12:00
194,1,2.2839158821808385,42.449652809097174,217.50852244257604,2.2799910103663024,24.5,0,2026-01-01 03:13:00
195,1,2.1713516858872697,41.993701213033816,220.34636185170237,2.124216744432652,24.5,0,2026-01-01 03:14:00
196,1,2.3046455379266195,42.80311651738078,220.77063475945766,2.2333975702514106,24.5,0,2026-01-01 03:15:00
197,1,2.410085280840926,42.90510632786155,218.23228512759772,2.3865326370692523,24.5,0,2026-01-01 03:16:00
198,1,2.280247898720881,43.07339310777711,220.30745021189105,2.2315999844844248,24.5,0,2026-01-01 03:17:00
199,1,2.212692058878136,43.11547775146882,220.116417436892,2.253598849091998,24.5,0,2026-01-01 03:18:00
200,1,2.3524755617993125,42.867178000015215,217.71405940433874,2.3677604426379815,24.5,0,2026-01-01 03:19:00
201,1,2.243916382928361,42.59527966540652,220.71557472069657,2.247459264408839,24.5,0,2026-01-01 03:20:00
202,1,2.2166551878583975,42.50198814511359,221.12156905273648,2.2104319146438516,24.5,0,2026-01-01 03:21:00
203,1,2.2816469007201023,42.78869773746894,222.16610248635055,2.171511645591097,24.5,0,2026-01-01 03:22:00
204,1,2.331956742985226,42.642980925131845,222.1076041040698,2.3182449593636414,24.5,0,2026-01-01 03:23:00
205,1,2.4299133802032724,42.922742119786655,217.2446612640858,2.399661640777726,24.5,0,2026-01-01 03:24:00
206,1,2.272082235111242,43.32186927189901,218.12434992016975,2.256299961263302,24.5,0,2026-01-01 03:25:00
207,1,2.3246449066486305,43.57241935426796,221.03007053441732,2.3018775695033784,24.5,0,2026-01-01 03:26:00
208,1,2.1440674164800186,41.418056186321984,221.02757190182442,2.1227795528552083,24.5,0,2026-01-01 03:27:00
209,1,2.0803889739170494,42.218292267979294,221.0300953726121,2.1726071324314846,24.5,0,2026-01-01 03:28:00
210,1,2.246388778993591,42.011055809235195,227.70546298130944,2.1961171923372786,24.5,0,2026-01-01 03:29:00
211,1,2.1760460956335392,42.241699558333096,221.14178102138632,2.177642473663156,24.5,0,2026-01-01 03:30:00
212,1,2.0560827408333315,42.42839512591162,222.2711312803612,1.989604396579937,24.5,0,2026-01-01 03:31:00
213,1,2.1354515624352537,42.765636499780705,221.9080035269864,2.1301885739356012,24.5,0,2026-01-01 03:32:00
214,1,2.1790404119612248,42.40877683480666,221.3027825026116,2.1800836591680106,24.5,0,2026-01-01 03:33:00
215,1,2.147436519605004,41.318139956937124,219.3694615107193,2.120190913039358,24.5,0,2026-01-01 03:34:00
216,1,2.1747765290288363,41.91449834883224,221.51793844098654,2.2119802429873845,24.5,0,2026-01-01 03:35:00
217,1,2.1153922619434913,42.98809643070121,218.45434957092485,2.025975932031532,24.5,0,2026-01-01 03:36:00
218,1,2.037656073091283,40.646420827418545,219.52636278652,1.9695541936659422,24.5,0,2026-01-01 03:37:00
219,1,2.025204182874381,43.00257445190922,219.02927290434178,1.992151487051445,24.5,0,2026-01-01 03:38:00
220,1,1.9595148226082175,42.46741669041182,220.16374827877266,1.9611082805375701,24.5,0,2026-01-01 03:39:00
221,1,2.30101893306683,43.543456508976,224.62931713334703,2.259920778005327,24.5,0,2026-01-01 03:40:00
222,1,2.0332025834616285,42.28343254589674,216.2654696148165,2.0530496388649153,24.5,0,2026-01-01 03:41:00
223,1,2.0512743697578033,41.121924273280655,221.37252038074902,1.9731533403838621,24.5,0,2026-01-01 03:42:00
224,1,1.9333018230242012,42.48082194027999,216.7745682576207,1.8336374203137689,24.5,0,2026-01-01 03:43:00
225,1,2.3382173150136105,43.765685488438216,219.05613626842114,2.3018299203268775,24.5,0,2026-01-01 03:44:00
226,1,1.9573052289852457,42.760107241533284,222.17790119393473,1.9098985953996257,24.5,0,2026-01-01 03:45:00
227,1,2.000440035847558,41.94351501860294,220.12856003819093,1.9828803225062825,24.5,0,2026-01-01 03:46:00
228,1,2.0606929903049185,42.569868449527085,217.84451044414138,2.0130720774730118,24.5,0,2026-01-01 03:47:00
229,1,2.0828365259594968,42.24351832800264,218.56939258148006,2.018884143433313,24.5,0,2026-01-01 03:48:00
230,1,2.142956598405379,42.15252779042498,221.35919549786936,2.0906936429700895,24.5,0,2026-01-01 03:49:00
231,1,2.198618947203371,43.39737283699484,218.53926673656574,2.150070257954613,24.5,0,2026-01-01 03:50:00
232,1,2.0836312878978687,41.85624179820856,220.43291717916395,2.020802007398533,24.5,0,2026-01-01 03:51:00
233,1,1.9205753932324081,41.737741858261515,220.09114367980763,1.8663743330277804,24.5,0,2026-01-01 03:52:00
234,1,1.9875419663969158,41.783939572477216,218.69679930478836,1.9215879141727414,24.5,0,2026-01-01 03:53:00
235,1,2.0957495005422464,41.67846691486878,224.28788817865066,2.0901115431410293,24.5,0,2026-01-01 03:54:00
236,1,2.246252897126029,43.02664726827852,221.26783804463602,2.203782420662487,24.5,0,2026-01-01 03:55:00
237,1,1.8479125285618532,42.957398660744275,215.94971482668478,1.9176499987102802,24.5,0,2026-01-01 03:56:00
238,1,2.149724176992276,42.685351567269514,220.37290862953884,2.10740993943371,24.5,0,2026-01-01 03:57:00
239,1,2.031060812981744,41.70480057458995,218.67642707046323,1.9557493926369545,24.5,0,2026-01-01 03:58:00
240,1,2.1274603720485987,43.26110233976933,221.70486666959243,2.210750639351768,24.5,0,2026-01-01 03:59:00
241,1,2.0030235706725583,43.59869289142212,218.4149585231346,1.976204607241597,24.5,0,2026-01-01 04:00:00
242,1,1.942571380674282,42.07033704038824,219.7705271170662,1.9458212774959276,24.5,0,2026-01-01 04:01:00
243,1,2.11789553231751,42.509304481227815,221.0099745579609,2.0968627992439037,24.5,0,2026-01-01 04:02:00
244,1,2.1177714192179473,43.10703206188243,221.73151038834024,2.098080352619607,24.5,0,2026-01-01 04:03:00
245,1,2.1132405828192815,43.85556338709563,217.59940718588845,2.089084199249771,24.5,0,2026-01-01 04:04:00
246,1,2.034206798038584,42.395533360240464,219.3309975283181,1.9298700640693602,24.5,0,2026-01-01 04:05:00
247,1,1.976458836051292,41.81351346685482,219.0501093776781,1.9468075640856388,24.5,0,2026-01-01 04:06:00
248,1,1.881112653755657,42.82367726505306,218.69334153485258,1.7689752345706646,24.5,0,2026-01-01 04:07:00
249,1,2.1720964407385552,43.42431409860564,223.5309084805622,2.110172782523023,24.5,0,2026-01-01 04:08:00
250,1,2.1106616067850705,42.89464604334687,220.8099634219219,2.0224741784186544,24.5,0,2026-01-01 04:09:00
251,1,1.9452750036229407,42.30411496830646,217.47823209132991,1.915119501946841,24.5,0,2026-01-01 04:10:00
252,1,2.033830248406045,43.34779324253517,221.83572389410955,2.0001227614580515,24.5,0,2026-01-01 04:11:00
253,1,2.069763248235598,43.10984228915328,224.24431239402526,2.042314214342606,24.5,0,2026-01-01 04:12:00
254,1,1.9526073422737014,42.15696338826417,222.0649305211023,1.918190890357038,24.5,0,2026-01-01 04:13:00
255,1,1.9811163641374223,42.80954320654779,216.96126006809197,1.9010884333202958,24.5,0,2026-01-01 04:14:00
256,1,1.9755966264446647,41.93558004476848,219.03153185426748,1.9128056287998967,24.5,0,2026-01-01 04:15:00
257,1,2.0889551368060473,43.33289752214663,222.53382229837325,2.0821763982365606,24.5,0,2026-01-01 04:16:00
258,1,2.027238851779982,42.73000225658095,218.58466106876244,2.029195434049936,24.5,0,2026-01-01 04:17:00
259,1,1.966949846866883,42.4802052044631,220.88763885629245,1.859512432354614,24.5,0,2026-01-01 04:18:00
260,1,2.3537864328443043,43.48449799616596,221.54926810685868,2.2170596824783435,24.5,0,2026-01-01 04:19:00
261,1,2.249583482232893,43.40778345436368,218.14613905684382,2.1555036545835127,24.5,0,2026-01-01 04:20:00
262,1,2.0716464165826722,43.5483376287773,219.8809492878764,2.0705363383526936,24.5,0,2026-01-01 04:21:00
263,1,2.1246818042490236,43.61111396515571,213.51746531986186,2.1304822486352575,24.5,0,2026-01-01 04:22:00
264,1,2.1936111553754243,43.22710589541949,217.95122471733143,2.090435630092353,24.5,0,2026-01-01 04:23:00
265,1,2.2979435026386295,43.97004257707326,219.49486369721367,2.2534370485441246,24.5,0,2026-01-01 04:24:00
266,1,2.0869575319265214,43.38718646243515,217.5044336360703,2.124101076691484,24.5,0,2026-01-01 04:25:00
267,1,2.350019343897697,43.31043308160237,223.26482260786327,2.3090984701607806,24.5,0,2026-01-01 04:26:00
268,1,2.1333050771804203,43.201722731323486,217.13971724407872,2.1481746791304883,24.5,0,2026-01-01 04:27:00
269,1,2.085337394018025,43.068839178037,219.11991102660602,2.0801289212600707,24.5,0,2026-01-01 04:28:00
270,1,2.3173070005003695,43.912378215589854,220.26148115457218,2.2102924526488414,24.5,0,2026-01-01 04:29:00
271,1,2.4158311063861237,43.54240914087953,222.88254657813224,2.3419772938502557,24.5,0,2026-01-01 04:30:00
272,1,2.495850501765301,43.82850242579003,217.12827569764113,2.4308589427041154,24.5,0,2026-01-01 04:31:00
273,1,2.181689469896076,44.52777850690671,222.32632750430992,2.1283539685140838,24.5,0,2026-01-01 04:32:00
274,1,2.36483566378285,44.33199482407311,220.02046612203918,2.346965377131737,24.5,0,2026-01-01 04:33:00
275,1,2.2460996336152177,43.132536006945195,218.0369826979041,2.2058262344236397,24.5,0,2026-01-01 04:34:00
276,1,2.4113566810284053,44.21315568732934,220.92420694852655,2.1991378183897545,24.5,0,2026-01-01 04:35:00
277,1,2.1916238365760314,43.534458585952606,220.39811939114693,2.0663201237569457,24.5,0,2026-01-01 04:36:00
278,1,2.211319021653853,43.784103277753424,218.7995662456824,2.041537021232719,24.5,0,2026-01-01 04:37:00
279,1,2.2892158339168005,43.77367772011969,220.13960416998003,2.235220353922984,24.5,0,2026-01-01 04:38:00
280,1,2.3812103363053945,44.621277051912394,219.22937280627647,2.3277171701043233,24.5,0,2026-01-01 04:39:00
281,1,2.334687595734006,44.01662267773855,220.2270346905025,2.2843843061374556,24.5,0,2026-01-01 04:40:00
282,1,2.494604735690259,44.078297439353946,221.3242613490421,2.37753565103252,24.5,0,2026-01-01 04:41:00
283,1,2.5694987551061375,44.861198612253304,223.1720336322907,2.531758238059581,24.5,0,2026-01-01 04:42:00
284,1,2.477848849795844,44.33763721009578,217.5243690023463,2.4445218000514566,24.5,0,2026-01-01 04:43:00
285,1,2.6766619242053555,44.52210757167167,224.26606674931253,2.538956569822721,24.5,0,2026-01-01 04:44:00
286,1,2.4760533469099006,44.44520780218746,216.095824400955,2.333180018217509,24.5,0,2026-01-01 04:45:00
287,1,2.369287386351438,43.92269071112886,219.69642980992884,2.302479001903686,24.5,0,2026-01-01 04:46:00
288,1,2.6650838146954796,44.549480609710095,221.17663441296915,2.679272198860791,24.5,0,2026-01-01 04:47:00
289,1,2.4754279015148053,43.84766823338787,220.56198373547008,2.4901395396220924,24.5,0,2026-01-01 04:48:00
290,1,2.625183738565076,44.101946424672924,218.7546009603588,2.5785719513362606,24.5,0,2026-01-01 04:49:00
291,1,2.7199285815308336,44.13640025259404,219.58375549928545,2.605683572693346,24.5,0,2026-01-01 04:50:00
292,1,2.618267722207853,43.72754752525697,219.01399813068232,2.587516176587957,24.5,0,2026-01-01 04:51:00
293,1,2.437493584118326,43.69529939786955,218.8212704861116,2.344726669477147,24.5,0,2026-01-01 04:52:00
294,1,2.5470034789470253,44.285463649429204,221.69920419404204,2.4350836136627376,24.5,0,2026-01-01 04:53:00
295,1,2.781802710845862,44.951718994861494,220.7140309719301,2.594009913205014,24.5,0,2026-01-01 04:54:00
296,1,2.623888483470925,44.48064419532238,218.61418080947868,2.5527334580064305,24.5,0,2026-01-01 04:55:00
297,1,2.7064908614484837,43.33198549293593,221.7991997508665,2.596059411561076,24.5,0,2026-01-01 04:56:00
298,1,2.78001150545682,45.878539980973116,220.61459904175322,2.7034807440004456,24.5,0,2026-01-01 04:57:00
299,1,2.805648940000912,45.62597551400622,221.62572423767793,2.608306198071864,24.5,0,2026-01-01 04:58:00
300,1,2.7778798664433904,45.21109238822018,221.25925768384724,2.7045420343437665,24.5,0,2026-01-01 04:59:00
301,1,2.711524193885939,46.043929732890014,218.34200997815586,2.509830484866747,24.5,0,2026-01-01 05:00:00
302,1,2.7271194788214825,44.34573285750237,218.87963791960607,2.7006532914792665,24.5,0,2026-01-01 05:01:00
303,1,2.8986940155982412,46.35256398716555,221.49458721024652,2.8385566735924876,24.5,0,2026-01-01 05:02:00
304,1,2.883942321794164,44.633911372406516,221.22074053086692,2.783936219871182,24.5,0,2026-01-01 05:03:00
305,1,2.8052164945260825,45.248202493539,219.9581968120717,2.7493571045821943,24.5,0,2026-01-01 05:04:00
306,1,2.9643197236448446,44.66279505897392,220.23465476661755,2.82636912679873,24.5,0,2026-01-01 05:05:00
307,1,2.8917324033779677,45.24808560387036,222.55532979157684,2.8082043146067135,24.5,0,2026-01-01 05:06:00
308,1,2.7903156488126464,45.38097437689564,218.81685722232834,2.745693229221072,24.5,0,2026-01-01 05:07:00
309,1,2.8489430963556144,45.129643671325496,221.09419476234007,2.6078187299372755,24.5,0,2026-01-01 05:08:00
310,1,2.8275062485411273,45.661573701721935,219.5956146951322,2.7191111562270933,24.5,0,2026-01-01 05:09:00
311,1,2.918558584527163,45.48874786073662,219.56463759354557,2.8283390497836076,24.5,0,2026-01-01 05:10:00
312,1,3.127886987867056,45.472009474147505,222.1975537039744,3.022292123350707,24.5,0,2026-01-01 05:11:00
313,1,2.932676695478843,45.09254920269504,221.65083269797606,2.915444936482806,24.5,0,2026-01-01 05:12:00
314,1,3.0540327349311527,46.17287695578828,221.62701927200126,2.903726969826544,24.5,0,2026-01-01 05:13:00
315,1,3.001523760618932,45.18004630940406,222.61095761430866,2.8776822769291965,24.5,0,2026-01-01 05:14:00
316,1,3.0272503172916965,46.25580777500538,220.04200768326552,2.8375847290619456,24.5,0,2026-01-01 05:15:00
317,1,2.938537312395505,46.245231588153764,221.36390594258992,2.922645686105294,24.5,0,2026-01-01 05:16:00
318,1,3.0624845745459988,44.82323230137517,219.3794664868131,2.9546119052587496,24.5,0,2026-01-01 05:17:00
319,1,3.1031751435069888,46.56449310500467,220.6483327049769,2.984126256652526,24.5,0,2026-01-01 05:18:00
320,1,3.1847282491906967,47.322638251136794,219.73971389126464,3.082114595809026,24.5,0,2026-01-01 05:19:00
321,1,3.1793448413076373,46.228956849073214,220.19399192998543,3.1110281969275047,24.5,0,2026-01-01 05:20:00
322,1,3.069264593485602,46.20754862606968,221.19031405087384,2.9896738856756704,24.5,0,2026-01-01 05:21:00
323,1,3.2791930710477772,46.98138840651663,218.36355863353305,3.307679163395648,24.5,0,2026-01-01 05:22:00
324,1,3.2968289219636007,46.07356087116595,224.1847745513709,3.2147395488483834,24.5,0,2026-01-01 05:23:00
325,1,3.2242109437738335,46.400139867759314,217.9879652370006,3.098158431570119,24.5,0,2026-01-01 05:24:00
326,1,3.2168678198423,45.51488378772474,217.57162277442453,3.0859324308710385,24.5,0,2026-01-01 05:25:00
327,1,3.254937513376665,46.33884435956999,222.31622174700013,3.1308995686210217,24.5,0,2026-01-01 05:26:00
328,1,3.33894909975715,46.755429673276524,221.58332538792587,3.1564394702792207,24.5,0,2026-01-01 05:27:00
329,1,3.3797700674986086,46.87140149089563,221.24823963410432,3.272705150202396,24.5,0,2026-01-01 05:28:00
330,1,3.1732227679858984,46.809827040749184,221.25669101852856,3.109695828392851,24.5,0,2026-01-01 05:29:00
331,1,3.29639022097854,46.000449252676226,219.97550645430618,3.158716466217786,24.5,0,2026-01-01 05:30:00
332,1,3.317365782848013,46.25541143632581,218.20549125702834,3.1689893564692477,24.5,0,2026-01-01 05:31:00
333,1,3.4177609612558597,47.86712119338714,220.15160911638745,3.3819514778162385,24.5,0,2026-01-01 05:32:00
334,1,3.5074136752242615,46.87938619807197,218.64567657697577,3.321215902680573,24.5,0,2026-01-01 05:33:00
335,1,3.378708271156862,46.7486371285078,221.9502394668355,3.1643322643967915,24.5,0,2026-01-01 05:34:00
336,1,3.3907752349277414,46.69490144683449,219.70588523699573,3.221420746636317,24.5,0,2026-01-01 05:35:00
337,1,3.386656209504929,46.29059547637367,218.34900560641498,3.1977333923207145,24.5,0,2026-01-01 05:36:00
338,1,3.3913327096944235,47.75099532281658,219.357228316694,3.2982604003321434,24.5,0,2026-01-01 05:37:00
339,1,3.478332186603834,46.60184482658057,220.82586290855124,3.344694028812923,24.5,0,2026-01-01 05:38:00
340,1,3.577921984307977,46.51604461203124,218.87255089439205,3.447678932632731,24.5,0,2026-01-01 05:39:00
341,1,3.4037607578483415,46.6070154368227,218.35555920886713,3.3476248659883097,24.5,0,2026-01-01 05:40:00
342,1,3.6048011568088993,46.02234192278717,220.48737442298383,3.4493829226107673,24.5,0,2026-01-01 05:41:00
343,1,3.4061626141562034,46.45581655489229,220.48993314221744,3.33039579948927,24.5,0,2026-01-01 05:42:00
344,1,3.514820339141084,46.54256878328077,218.98611364925773,3.4718722790034953,24.5,0,2026-01-01 05:43:00
345,1,3.5561171027129763,47.58858065031428,219.05792338876336,3.413083712094971,24.5,0,2026-01-01 05:44:00
346,1,3.7988738653084826,47.26280291962328,220.46409987471526,3.706898887992092,24.5,0,2026-01-01 05:45:00
347,1,3.562440141260343,47.85699688976143,217.10383131700536,3.4291968396957215,24.5,0,2026-01-01 05:46:00
348,1,3.3872566016182786,47.82503645696537,217.1850724512469,3.317939600413699,24.5,0,2026-01-01 05:47:00
349,1,3.4448936387824918,47.54155348104362,218.56311155749512,3.2484988447845997,24.5,0,2026-01-01 05:48:00
350,1,3.6817652055415135,47.39612927570316,219.5731056965763,3.4732123426219115,24.5,0,2026-01-01 05:49:00
351,1,3.7736198685994093,47.77139606661892,220.621815131196,3.6242643982713787,24.5,0,2026-01-01 05:50:00
352,1,3.8043413362813236,46.76896469880474,222.9507124338991,3.6286790282596963,24.5,0,2026-01-01 05:51:00
353,1,3.7770278269491167,47.60646465506273,221.71531924640405,3.620553720818216,24.5,0,2026-01-01 05:52:00
354,1,3.8574273704105675,47.41321159313223,219.68012294007315,3.7126591743348767,24.5,0,2026-01-01 05:53:00
355,1,3.704467678625735,48.048944045660875,219.9619675841946,3.611624195928156,24.5,0,2026-01-01 05:54:00
356,1,3.8290629278395776,49.5055716250038,217.99494127072438,3.6751326535269673,24.5,0,2026-01-01 05:55:00
357,1,3.621653893263288,47.79851654817061,219.9629737280152,3.453797925795166,24.5,0,2026-01-01 05:56:00
358,1,3.699515215798811,46.490847360153694,219.42268272215972,3.552196545716179,24.5,0,2026-01-01 05:57:00
359,1,3.6417101409077715,47.329264505648524,220.64543712067618,3.475185733446719,24.5,0,2026-01-01 05:58:00
360,1,3.7703358590852365,47.96621133588201,218.34553811289535,3.590681334509449,24.5,0,2026-01-01 05:59:00
361,1,3.8526142387419773,48.030497939401194,221.03869302848236,3.635736089258471,24.5,0,2026-01-01 06:00:00
362,1,3.916716004377862,47.61068312455848,223.06547782600515,3.7813181784470453,24.5,0,2026-01-01 06:01:00
363,1,3.8656056828054335,48.22427287262193,219.7824797030863,3.699738005794947,24.5,0,2026-01-01 06:02:00
364,1,3.7946022809734528,47.17142657646569,220.80342344419788,3.7076422317570135,24.5,0,2026-01-01 06:03:00
365,1,3.8908292670279705,47.53449797760428,221.38028798342222,3.6793798813812475,24.5,0,2026-01-01 06:04:00
366,1,3.7314401581908525,48.263862492498205,219.19755905622833,3.570594052657096,24.5,0,2026-01-01 06:05:00
367,1,4.0533162545852095,47.87482263229636,220.44818496362083,3.998292250784939,24.5,0,2026-01-01 06:06:00
368,1,3.8869613336286277,48.508789452097936,220.0251848015636,3.6999153005270107,24.5,0,2026-01-01 06:07:00
369,1,3.8809852783294776,47.361448530503694,220.19535219709766,3.7289343091464335,24.5,0,2026-01-01 06:08:00
370,1,4.068443097358939,49.69119959266458,218.45398043228906,3.860261407565183,24.5,0,2026-01-01 06:09:00
371,1,3.820628365637776,47.634404931470975,220.0490203485179,3.6144270023637337,24.5,0,2026-01-01 06:10:00
372,1,3.857662811918615,48.0202800781459,220.9959965824909,3.7945314040519387,24.5,0,2026-01-01 06:11:00
373,1,3.9023860687016025,48.39017677334271,222.9022872155901,3.768436247900851,24.5,0,2026-01-01 06:12:00
374,1,3.9981651773274813,48.088991674710485,221.9185416521704,3.858464600940819,24.5,0,2026-01-01 06:13:00
375,1,4.100454752402829,48.644130180264526,224.30636491502312,3.8651142891365047,24.5,0,2026-01-01 06:14:00
376,1,4.031788257654747,48.994149081885126,218.4653048742239,3.901333012610826,24.5,0,2026-01-01 06:15:00
377,1,4.286089560834045,49.62025625743739,221.74464127344135,4.185795823033646,24.5,0,2026-01-01 06:16:00
378,1,3.7771672656553172,48.58223475555784,220.3666840114767,3.6948927215915104,24.5,0,2026-01-01 06:17:00
379,1,4.147133740851448,48.602856290984114,224.37960586643536,4.026714561123822,24.5,0,2026-01-01 06:18:00
380,1,3.92481832459604,48.41099728646853,218.3834034292897,3.722376979087924,24.5,0,2026-01-01 06:19:00
381,1,3.9259885974757616,49.92802144910024,218.32055631563844,3.7952561994408556,24.5,0,2026-01-01 06:20:00
382,1,3.936137409509462,49.106480928088835,218.80121470911195,3.8223707511886467,24.5,0,2026-01-01 06:21:00
383,1,3.8570139814520226,47.94953817873793,215.7522085513804,3.6227325286920724,24.5,0,2026-01-01 06:22:00
384,1,4.179421472173338,49.104386837308745,218.94848995663847,3.9663122632278585,24.5,0,2026-01-01 06:23:00
385,1,4.089543754874429,48.69718025027899,218.48173467689261,3.9798900534900534,24.5,0,2026-01-01 06:24:00
386,1,4.043895015802625,48.67477512311161,220.3007875729524,3.9349662836782078,24.5,0,2026-01-01 06:25:00
387,1,4.188626350174012,48.30458181500112,220.68351195155432,3.952596899009119,24.5,0,2026-01-01 06:26:00
388,1,3.954685667649754,48.242362512935486,223.75234167843178,3.8443140159712716,24.5,0,2026-01-01 06:27:00
389,1,3.9426401153178503,49.63196638936987,221.9008476763721,3.7973605400006942,24.5,0,2026-01-01 06:28:00
390,1,3.804761870625578,48.7413814478669,218.8461926886752,3.6986488164770566,24.5,0,2026-01-01 06:29:00
391,1,3.9432735891494253,47.21250693783368,218.20317065730327,3.7607201045509018,24.5,0,2026-01-01 06:30:00
392,1,4.081952834850681,49.626219160508775,220.98383834301302,3.9576876459687993,24.5,0,2026-01-01 06:31:00
393,1,4.009602045375446,49.55415394642792,217.35953358595873,3.8976578788563425,24.5,0,2026-01-01 06:32:00
394,1,4.130744083668551,48.709260979007844,223.6629175317087,3.9539876599377672,24.5,0,2026-01-01 06:33:00
395,1,3.9467271360051885,49.05746984287426,222.35888024144256,3.795137245741045,24.5,0,2026-01-01 06:34:00
396,1,4.1106001285078575,48.56787410571203,219.06164869579058,3.9189703149292625,24.5,0,2026-01-01 06:35:00
397,1,4.006659052874303,48.70141523199413,216.57373094181824,3.933677782007211,24.5,0,2026-01-01 06:36:00
398,1,4.16913294281525,49.993344074572846,222.70774474833084,4.000847182855892,24.5,0,2026-01-01 06:37:00
399,1,3.8467607096503964,48.41718017061644,219.77092030949476,3.6505651078557633,24.5,0,2026-01-01 06:38:00
400,1,4.1173139647053345,47.90959955108596,222.47563262394692,3.9204760862270436,24.5,0,2026-01-01 06:39:00
401,1,3.8602521678046804,48.70318151159446,216.81114468241125,3.7152280453487045,24.5,0,2026-01-01 06:40:00
402,1,3.97211437953871,48.86088346352048,218.80124995409244,3.853650488081281,24.5,0,2026-01-01 06:41:00
403,1,4.084813838593989,49.82139095350308,220.01048739943636,3.857069804055124,24.5,0,2026-01-01 06:42:00
404,1,4.037541765002185,49.02952691655414,220.0939611875295,3.97044689439905,24.5,0,2026-01-01 06:43:00
405,1,3.9199808384489883,48.585875412588834,219.0998690570415,3.780203746749459,24.5,0,2026-01-01 06:44:00
406,1,4.040915266158232,49.64306794006578,221.24569986469498,3.9038507617542972,24.5,0,2026-01-01 06:45:00
407,1,3.8199731590678843,48.78581763843812,217.8647591412348,3.663128938467212,24.5,0,2026-01-01 06:46:00
408,1,4.117957369344704,48.80378953802595,219.7152410299574,3.954684325861387,24.5,0,2026-01-01 06:47:00
409,1,3.984561137247744,49.679023031726864,220.2405912634238,3.817848668756918,24.5,0,2026-01-01 06:48:00
410,1,4.127101655632713,49.3695571712854,221.0288776681175,4.012598340830221,24.5,0,2026-01-01 06:49:00
411,1,3.960189002817064,48.92791035594799,221.4232297561778,3.8007083356300755,24.5,0,2026-01-01 06:50:00
412,1,3.8878192670691725,49.03454938080098,217.75071581632426,3.769621549869067,24.5,0,2026-01-01 06:51:00
413,1,3.841858499634266,48.237592610816,216.93177165852876,3.6650978931243055,24.5,0,2026-01-01 06:52:00
414,1,4.101486648666398,48.891043851291066,222.55535364379702,3.9453275471241267,24.5,0,2026-01-01 06:53:00
415,1,3.897490350994798,48.891500063925434,220.66462802395918,3.69923268468836,24.5,0,2026-01-01 06:54:00
416,1,3.986916427855061,49.04146453698081,218.5030269268869,3.8856720367522266,24.5,0,2026-01-01 06:55:00
417,1,3.9563954914167376,49.71369543748041,223.10230395104506,3.7534984854413795,24.5,0,2026-01-01 06:56:00
418,1,3.734765938179072,48.758650291061706,220.23134926858572,3.5659797308450347,24.5,0,2026-01-01 06:57:00
419,1,3.904881442887724,49.41824219531048,222.35859436812765,3.7292737211334908,24.5,0,2026-01-01 06:58:00
420,1,3.794192543699513,48.78444171930339,220.1350369628202,3.620802834291693,24.5,0,2026-01-01 06:59:00
421,1,3.9774282080421473,49.6497514511607,224.12149584976396,3.849960501560331,24.5,0,2026-01-01 07:00:00
422,1,3.829857730627097,49.0035209333942,223.5106816848864,3.656134738430289,24.5,0,2026-01-01 07:01:00
423,1,3.9638639785521153,49.18954593654673,219.50207170304185,3.8697655199953496,24.5,0,2026-01-01 07:02:00
424,1,3.8926493213729483,48.96265990107718,221.94314190190872,3.690500451131488,24.5,0,2026-01-01 07:03:00
425,1,3.860636992600342,48.37255133709638,221.2907518991703,3.708836576311825,24.5,0,2026-01-01 07:04:00
426,1,3.9590994128885315,49.40730208488628,222.7372631150647,3.7555738298963175,24.5,0,2026-01-01 07:05:00
427,1,3.8948031354162898,49.1312345163672,218.07015307883978,3.7534175736347173,24.5,0,2026-01-01 07:06:00
428,1,3.8408317971422097,48.64733377941738,221.37210291999688,3.6794829580025525,24.5,0,2026-01-01 07:07:00
429,1,3.7639084913331216,49.451539445214934,222.11684897369918,3.5984588830607143,24.5,0,2026-01-01 07:08:00
430,1,3.5555009340321266,47.825723899950475,216.48252102715378,3.465619192942569,24.5,0,2026-01-01 07:09:00
431,1,3.669875894081805,48.528086707081734,217.63348297466845,3.4826988255206333,24.5,0,2026-01-01 07:10:00
432,1,3.6342175385712454,49.39954225463017,215.9215356444798,3.5102360236279577,24.5,0,2026-01-01 07:11:00
433,1,3.7527686566730942,49.10406144662237,219.4611863311109,3.555652952803469,24.5,0,2026-01-01 07:12:00
434,1,3.72590343346237,48.78200887979986,221.43508451159192,3.5736490322030994,24.5,0,2026-01-01 07:13:00
435,1,3.8433454455197738,49.15380587108495,223.00471410419206,3.620333272550659,24.5,0,2026-01-01 07:14:00
436,1,3.6473461119258035,48.83599030853953,220.14818956083954,3.458962046279543,24.5,0,2026-01-01 07:15:00
437,1,3.7404379663718985,47.91432365069689,223.2572310911426,3.576751819481558,24.5,0,2026-01-01 07:16:00
438,1,3.7482856614309377,48.84724244645574,217.2397970835702,3.6787454982794983,24.5,0,2026-01-01 07:17:00
439,1,3.63766341344078,49.842046817741334,216.5932351212897,3.486812877876114,24.5,0,2026-01-01 07:18:00
440,1,3.6363202514829753,48.379439995192165,219.88890460220676,3.562872467594418,24.5,0,2026-01-01 07:19:00
441,1,3.579473684551385,48.45846488893389,220.76813089787862,3.4364076726866215,24.5,0,2026-01-01 07:20:00
442,1,3.5462650184352023,48.300540131685636,219.93461050381183,3.373918787149179,24.5,0,2026-01-01 07:21:00
443,1,3.442613296911652,48.51169671927779,215.86511579992026,3.370731426059323,24.5,0,2026-01-01 07:22:00
444,1,3.520046923749784,48.25738147007147,219.82175992097442,3.3893633099949687,24.5,0,2026-01-01 07:23:00
445,1,3.593790766884827,49.13963448088565,217.3910609989903,3.4055808551784184,24.5,0,2026-01-01 07:24:00
446,1,3.5420110541512964,48.75105210603147,221.33934509766007,3.411375721527614,24.5,0,2026-01-01 07:25:00
447,1,3.400113384871686,48.85140016585276,220.73319649219368,3.2371705563971847,24.5,0,2026-01-01 07:26:00
448,1,3.655043635850422,48.36009298972432,218.1202404273453,3.3958092230633836,24.5,0,2026-01-01 07:27:00
449,1,3.505530488915881,48.476237402380455,218.9722661653266,3.3987473005500326,24.5,0,2026-01-01 07:28:00
450,1,3.2969818545025515,48.178692650357625,217.8815729562221,3.206968259731072,24.5,0,2026-01-01 07:29:00
451,1,3.40640668448514,48.759255331088504,219.87464180545365,3.348413313966847,24.5,0,2026-01-01 07:30:00
452,1,3.475682090605172,48.09887390598244,221.91028464100248,3.3435182531612475,24.5,0,2026-01-01 07:31:00
453,1,3.5562064637829307,49.42101738497541,218.0285479073289,3.386608376156053,24.5,0,2026-01-01 07:32:00
454,1,3.2999339154724256,48.99871060977545,221.00809303103568,3.1955317081707757,24.5,0,2026-01-01 07:33:00
455,1,3.4600587983980864,48.087860161776376,218.9394847632551,3.348975658118992,24.5,0,2026-01-01 07:34:00
456,1,3.475323792665603,48.44857027315703,218.4142543354753,3.4026540683335154,24.5,0,2026-01-01 07:35:00
457,1,3.27287491763891,47.995272986740005,219.78593928009087,3.12475204543863,24.5,0,2026-01-01 07:36:00
458,1,3.2612471596404373,49.940817722697055,217.92951535516124,3.10728346644175,24.5,0,2026-01-01 07:37:00
459,1,3.179874985450125,47.928188033997834,218.89270138930564,3.0017442681889865,24.5,0,2026-01-01 07:38:00
460,1,3.2251508154173325,49.33556485760947,217.6042442148223,3.1073354982910097,24.5,0,2026-01-01 07:39:00
461,1,3.3160508034597886,47.57848263626794,223.92945026583277,3.0895545826487907,24.5,0,2026-01-01 07:40:00
462,1,3.3096071883162725,47.85983894979937,220.07052710394345,3.199302046282416,24.5,0,2026-01-01 07:41:00
463,1,3.3110626121876634,48.10353053226834,218.60054898401484,3.190963112666351,24.5,0,2026-01-01 07:42:00
464,1,3.1323758739316943,47.61603380694906,220.42795982146845,3.019906580567518,24.5,0,2026-01-01 07:43:00
465,1,2.9798646518472083,47.69434118070062,219.77534390061834,2.8516689153156447,24.5,0,2026-01-01 07:44:00
466,1,3.153450456947686,47.79439296952598,219.55806080093356,3.0868209620919944,24.5,0,2026-01-01 07:45:00
467,1,3.1892551913053686,47.76627525012025,221.22833340008685,3.0876452337284683,24.5,0,2026-01-01 07:46:00
468,1,3.1686047803172315,48.91931962165045,221.5150154200946,2.9936791030974157,24.5,0,2026-01-01 07:47:00
469,1,3.0536517961309433,48.81840685780123,218.93899770477896,2.884574491244814,24.5,0,2026-01-01 07:48:00
470,1,3.077729262501411,48.71905431591146,218.84836351871064,2.8927326688298294,24.5,0,2026-01-01 07:49:00
471,1,3.2063981450995707,48.71703918592776,219.44989660569672,3.086748228535422,24.5,0,2026-01-01 07:50:00
472,1,3.01502414173372,48.20654855844049,215.39615767052882,2.8263019457256666,24.5,0,2026-01-01 07:51:00
473,1,2.9417243831556417,47.676664997826975,216.9696178756029,2.860270492029544,24.5,0,2026-01-01 07:52:00
474,1,2.9863965315638556,47.35263641975697,222.73374853488906,2.9145773036063827,24.5,0,2026-01-01 07:53:00
475,1,3.007263406650258,48.183438996221916,223.28993542700258,2.824093856729936,24.5,0,2026-01-01 07:54:00
476,1,3.11850893798346,47.59786751591443,219.50192792088725,2.964565357089089,24.5,0,2026-01-01 07:55:00
477,1,2.936542243354833,47.3168308919368,221.15311392611153,2.800868469384981,24.5,0,2026-01-01 07:56:00
478,1,2.925905574304291,48.612854568465,220.62250030908706,2.8338153780371402,24.5,0,2026-01-01 07:57:00
479,1,2.930554141907058,48.944306057532,226.15776161691048,2.874236034193465,24.5,0,2026-01-01 07:58:00
480,1,3.021202291152781,48.33157480878048,222.23914982286917,2.795623337046915,24.5,0,2026-01-01 07:59:00
481,1,3.05436081525948,48.90718817987977,219.74416481703847,2.895305455073069,24.5,0,2026-01-01 08:00:00
482,1,2.860226129279094,47.7696448969121,218.08891911879914,2.712604723533985,24.5,0,2026-01-01 08:01:00
483,1,2.7869455773996235,47.01682136885099,216.78710735948485,2.585767286546064,24.5,0,2026-01-01 08:02:00
484,1,2.809053026285457,48.15354170559197,220.40692727173445,2.6523447475461697,24.5,0,2026-01-01 08:03:00
485,1,2.5217589163413305,47.61979171294837,218.48729850943138,2.4240008360562504,24.5,0,2026-01-01 08:04:00
486,1,2.7997142166015174,47.92351005236322,217.15549258080466,2.6532343512623435,24.5,0,2026-01-01 08:05:00
487,1,2.738939424270697,47.58950342720312,218.70685423151494,2.5317787719866813,24.5,0,2026-01-01 08:06:00
488,1,2.738408220630127,48.347939601910554,217.8369039927712,2.751947123533154,24.5,0,2026-01-01 08:07:00
489,1,2.671427908255526,46.92831002531412,223.37428327014513,2.5575009243768445,24.5,0,2026-01-01 08:08:00
490,1,2.666321227409693,47.0982431749288,221.7632795138989,2.5446593597297715,24.5,0,2026-01-01 08:09:00
491,1,2.6233372481417865,46.92997285013925,219.98405471736677,2.442995906362461,24.5,0,2026-01-01 08:10:00
492,1,2.7867502745706205,47.85028213286054,222.95988827778004,2.6662609968913857,24.5,0,2026-01-01 08:11:00
493,1,2.5912569500749605,46.84472600107629,220.15473661529523,2.458641861009021,24.5,0,2026-01-01 08:12:00
494,1,2.798013199855121,47.557763252706025,218.27743159734348,2.568990054180446,24.5,0,2026-01-01 08:13:00
495,1,2.671146698037529,47.193395642149184,223.0462481545393,2.488885545780985,24.5,0,2026-01-01 08:14:00
496,1,2.455847577237103,47.09842668104984,221.0778200873693,2.3769891077371814,24.5,0,2026-01-01 08:15:00
497,1,2.5180909693577704,46.57141201923766,217.9255076913471,2.493441410660238,24.5,0,2026-01-01 08:16:00
498,1,2.467133256991482,47.39153181875176,219.6193226438328,2.365872167008196,24.5,0,2026-01-01 08:17:00
499,1,2.2794853905230448,47.759441615947296,218.24876349323048,2.2239014461840894,24.5,0,2026-01-01 08:18:00
500,1,2.630914841452477,47.83192501450865,217.23440053807133,2.495066117990556,24.5,0,2026-01-01 08:19:00
501,1,2.57813478414073,48.47737897354605,221.85235509506327,2.448070358969429,24.5,0,2026-01-01 08:20:00
502,1,2.5663267304078747,48.300655130834386,223.81883328094025,2.495470345883191,24.5,0,2026-01-01 08:21:00
503,1,2.437285976981341,47.87544203279023,217.20286485236173,2.4010933644244212,24.5,0,2026-01-01 08:22:00
504,1,2.307412269819522,47.12669547737929,221.12593847338115,2.259274915405593,24.5,0,2026-01-01 08:23:00
505,1,2.3563897870178057,47.25810617290906,218.69871486175634,2.1872527396081423,24.5,0,2026-01-01 08:24:00
506,1,2.4775960961497567,47.951494720589,219.02574923247062,2.3522362775618393,24.5,0,2026-01-01 08:25:00
507,1,2.2690877902197446,46.86364170474746,218.81521215152227,2.1710046416509012,24.5,0,2026-01-01 08:26:00
508,1,2.0995093982630664,45.65756356415606,218.27201846064037,1.982733727065645,24.5,0,2026-01-01 08:27:00
509,1,2.335245631121632,47.52827752163392,220.09704325588964,2.2389708620880855,24.5,0,2026-01-01 08:28:00
510,1,2.310392611896551,46.5571065980007,218.33809976717794,2.2367652228843573,24.5,0,2026-01-01 08:29:00
511,1,2.3472027430598774,46.70007857118163,220.5409136515597,2.2806371897427633,24.5,0,2026-01-01 08:30:00
512,1,2.386048549403001,47.38279994144602,219.89952378110172,2.3514778211959277,24.5,0,2026-01-01 08:31:00
513,1,2.35877828097832,47.29469049521469,219.52210390626718,2.224576379181759,24.5,0,2026-01-01 08:32:00
514,1,2.2927705805827694,46.416617554801284,218.1848726759168,2.109915787651234,24.5,0,2026-01-01 08:33:00
515,1,2.380666050226333,47.53896800852583,218.84645733886333,2.2793031613833747,24.5,0,2026-01-01 08:34:00
516,1,2.1198402846556403,47.4655182208268,221.51078245165152,2.1076225912620754,24.5,0,2026-01-01 08:35:00
517,1,2.307813215085577,46.60321551742955,221.00183437524876,2.1679014361395463,24.5,0,2026-01-01 08:36:00
518,1,2.2767804751628313,48.05840174164321,218.0448895104029,2.1964042986914247,24.5,0,2026-01-01 08:37:00
519,1,2.0980615006671672,45.97652322917905,220.19866461085846,2.0269360265257483,24.5,0,2026-01-01 08:38:00
520,1,2.0717257359407073,48.121936420633865,221.50277424674357,1.9765178324156776,24.5,0,2026-01-01 08:39:00
521,1,2.0905345381643206,46.748402378243476,216.66118943775726,1.9849510202636436,24.5,0,2026-01-01 08:40:00
522,1,2.13057815579553,47.09230221660287,221.08672038475987,1.9762456342536379,24.5,0,2026-01-01 08:41:00
523,1,2.2388847488805457,46.14626838290736,218.67475248210832,2.0109297729471622,24.5,0,2026-01-01 08:42:00
524,1,2.1144247463056853,46.964859219257825,221.14119733718633,1.9510898180859766,24.5,0,2026-01-01 08:43:00
525,1,2.0545322595403404,47.08580015865292,218.47348168691497,1.9301315596866113,24.5,0,2026-01-01 08:44:00
526,1,2.0496586970247512,46.94158447025805,216.39023579867097,1.999698645732674,24.5,0,2026-01-01 08:45:00
527,1,2.21622395094283,46.99781795818422,216.74491512423367,2.0975069923086855,24.5,0,2026-01-01 08:46:00
528,1,2.1294658443204417,46.543652959109465,220.09616989332275,1.9941975118130624,24.5,0,2026-01-01 08:47:00
529,1,2.1053115503133117,47.74921000262301,220.51944500344297,1.9524854892818369,24.5,0,2026-01-01 08:48:00
530,1,2.0817481654289507,47.101713935981,218.19136674979117,2.007326081246866,24.5,0,2026-01-01 08:49:00
531,1,2.2458706706973013,48.287312649549754,221.27718491755473,2.1978567130310642,24.5,0,2026-01-01 08:50:00
532,1,1.9882308695664148,46.63868199635901,216.67695987546207,1.938581652576448,24.5,0,2026-01-01 08:51:00
533,1,2.2190994902364225,47.10733140739411,219.86784040270535,2.134436219405539,24.5,0,2026-01-01 08:52:00
534,1,2.078611554635469,47.63801311481988,217.5779676004751,1.8969417094164933,24.5,0,2026-01-01 08:53:00
535,1,2.045546121225054,46.10289454962693,218.6963277843957,1.9215955169916659,24.5,0,2026-01-01 08:54:00
536,1,2.321976595761598,46.88383205095472,220.09479734263283,2.2983806214386884,24.5,0,2026-01-01 08:55:00
537,1,1.9400583086891918,47.562824899050376,218.2791732694321,1.894906431211024,24.5,0,2026-01-01 08:56:00
538,1,2.0140128985175583,46.3460659411036,219.23088891154035,1.831837850072345,24.5,0,2026-01-01 08:57:00
539,1,1.9448594455933816,45.78732221870896,222.0125856184289,1.8402113165396738,24.5,0,2026-01-01 08:58:00
540,1,2.1325700292632086,48.44290128628665,218.8462162609537,2.0388222933546674,24.5,0,2026-01-01 08:59:00
541,1,2.231060469906357,46.63967473787283,221.6713842241303,2.075670397584961,24.5,0,2026-01-01 09:00:00
542,1,2.185872290343558,47.590203418502405,217.74058629068477,1.9552983013092893,24.5,0,2026-01-01 09:01:00
543,1,2.170489672920353,47.44039544770026,221.05960835583056,2.06092156801065,24.5,0,2026-01-01 09:02:00
544,1,2.0396715154730733,45.43745116794153,222.8831372413158,1.8924827194627716,24.5,0,2026-01-01 09:03:00
545,1,1.948989513844923,46.9399041447858,215.05671099974543,1.806604687304641,24.5,0,2026-01-01 09:04:00
546,1,1.8460250066402502,47.1189414885759,218.40620948905905,1.73037506960577,24.5,0,2026-01-01 09:05:00
547,1,2.2446331712284597,47.81546909099574,221.15414425436109,2.1186781382060147,24.5,0,2026-01-01 09:06:00
548,1,2.0691964360802673,47.84399573252847,219.59390922791403,1.9585971824916335,24.5,0,2026-01-01 09:07:00
549,1,1.9815175155364784,46.89037922656034,220.7422917467426,1.831652536810675,24.5,0,2026-01-01 09:08:00
550,1,2.146670131369018,47.92835659658298,218.79202962656836,2.020984109713411,24.5,0,2026-01-01 09:09:00
551,1,1.927081908810848,46.64186924269855,220.1731795749458,1.7360832370591797,24.5,0,2026-01-01 09:10:00
552,1,2.062528896254969,46.50064054276295,219.68864552921585,1.9675097152623102,24.5,0,2026-01-01 09:11:00
553,1,2.0288407556528436,46.46881046707401,222.3355641233196,1.777069856995317,24.5,0,2026-01-01 09:12:00
554,1,2.0955693333235947,46.54961839180682,220.50884168660244,1.9683558081459473,24.5,0,2026-01-01 09:13:00
555,1,2.0273740387108106,47.91016034114683,220.6752053241504,1.9640713263931942,24.5,0,2026-01-01 09:14:00
556,1,1.8756294957523962,46.136965139934645,219.17624606775507,1.7214010205689398,24.5,0,2026-01-01 09:15:00
557,1,2.0304314583821244,47.53500037340782,219.024787551855,1.9564420113975112,24.5,0,2026-01-01 09:16:00
558,1,2.1322633616906326,47.4260408661301,219.13488362436075,2.074530024382012,24.5,0,2026-01-01 09:17:00
559,1,2.0419888911523603,47.329542533261204,220.7889042847566,1.7657716087136321,24.5,0,2026-01-01 09:18:00
560,1,2.1114914215101157,48.39210394795386,219.15803103835947,1.9891292887161074,24.5,0,2026-01-01 09:19:00
561,1,1.944373191500132,46.96948222423339,220.57954971379283,1.6946922759580731,24.5,0,2026-01-01 09:20:00
562,1,2.0853373325590834,47.826864631226606,224.15080159729087,1.9656604702419171,24.5,0,2026-01-01 09:21:00
563,1,2.0066461672650338,47.38708299567637,221.74224940686338,1.8966244879326026,24.5,0,2026-01-01 09:22:00
564,1,2.1284416599036633,47.57269931871735,219.34795293566432,1.8877940216910836,24.5,0,2026-01-01 09:23:00
565,1,2.090427252209073,48.92663386783383,222.4024278443279,2.072032221593798,24.5,0,2026-01-01 09:24:00
566,1,2.1324276891456204,46.84017118803393,219.1838492539569,2.029586730002692,24.5,0,2026-01-01 09:25:00
567,1,2.146349160547277,48.58535329609588,215.92375092964429,1.9857886499297321,24.5,0,2026-01-01 09:26:00
568,1,2.133692133951615,48.15462861520705,217.9838273781652,2.089346639545651,24.5,0,2026-01-01 09:27:00
569,1,2.082076111176725,47.41825149277086,216.2584161579483,1.8773294682414075,24.5,0,2026-01-01 09:28:00
570,1,1.9904617280047727,48.45892074122012,219.2969730319174,1.818907819133997,24.5,0,2026-01-01 09:29:00
571,1,2.105710098302352,46.60191965910415,220.0368367583791,1.8740684944781054,24.5,0,2026-01-01 09:30:00
572,1,2.091233242471925,47.322771178406676,223.35287462455057,2.065221251552725,24.5,0,2026-01-01 09:31:00
573,1,2.0936928681414386,46.98038243980401,220.65385474752833,1.9939116864728859,24.5,0,2026-01-01 09:32:00
574,1,2.0891197931442966,47.97918536509877,219.56179894238227,2.0057483340354834,24.5,0,2026-01-01 09:33:00
575,1,2.056660957430968,46.97629134258852,221.658811162367,1.9569828762817165,24.5,0,2026-01-01 09:34:00
576,1,1.9127229422713332,47.74246630084114,215.57772938198423,1.8345319880999198,24.5,0,2026-01-01 09:35:00
577,1,2.096866729566631,47.6632862622252,220.47122911621713,1.9834037064217402,24.5,0,2026-01-01 09:36:00
578,1,2.205226415770513,47.695213783164185,221.54173038777392,2.0951322406535002,24.5,0,2026-01-01 09:37:00
579,1,2.01704784586978,47.94376105098244,217.04282750844033,1.9091479810326992,24.5,0,2026-01-01 09:38:00
580,1,2.216357635244473,47.85890533367914,222.28750808641385,2.0612453327554077,24.5,0,2026-01-01 09:39:00
581,1,2.402976476975793,47.781215589089356,220.67699281498884,2.2652373879293366,24.5,0,2026-01-01 09:40:00
582,1,2.309745603701348,49.977837105143124,219.1694241721984,2.193053097954078,24.5,0,2026-01-01 09:41:00
583,1,2.4070557055970334,48.167518200132925,221.26556373221257,2.276491207869012,24.5,0,2026-01-01 09:42:00
584,1,2.3259056813927503,46.91811807783477,224.54138571560878,2.120293815127316,24.5,0,2026-01-01 09:43:00
585,1,2.3739908621607064,47.93867823954319,220.363732510117,2.172071111515468,24.5,0,2026-01-01 09:44:00
586,1,2.1965528557086635,47.34587387304474,220.49644117260067,2.1258829290879797,24.5,0,2026-01-01 09:45:00
587,1,2.2036848770929005,48.65905905831289,219.0812782009195,2.0629100861071823,24.5,0,2026-01-01 09:46:00
588,1,1.9989324426029016,47.97920929068478,218.30031126107042,1.914208819031509,24.5,0,2026-01-01 09:47:00
589,1,2.4439062426905056,48.8528968681974,221.6606716330885,2.2497417861559588,24.5,0,2026-01-01 09:48:00
590,1,2.456326681882216,48.505463169649644,218.28783234818226,2.2421700675966285,24.5,0,2026-01-01 09:49:00
591,1,2.2796532599920565,48.18470423314215,220.14313247443877,2.1068647288989757,24.5,0,2026-01-01 09:50:00
592,1,2.313085636762431,48.23369360583352,219.04468510646976,2.1692151886311355,24.5,0,2026-01-01 09:51:00
593,1,2.2975394469122974,48.35219021974033,220.95795965149279,2.1322158361628913,24.5,0,2026-01-01 09:52:00
594,1,2.4251925885860692,49.17457657902455,220.6673242105739,2.35025637515483,24.5,0,2026-01-01 09:53:00
595,1,2.532165190096974,49.069164062992854,222.0750798885158,2.395110785640815,24.5,0,2026-01-01 09:54:00
596,1,2.2237183935428533,48.64023907852224,218.9799672022905,2.1877134180245763,24.5,0,2026-01-01 09:55:00
597,1,2.4618597281492463,49.11703678890719,219.46025012941325,2.339640168709451,24.5,0,2026-01-01 09:56:00
598,1,2.3932719172084314,49.257914626661645,218.0424725684354,2.133947340972924,24.5,0,2026-01-01 09:57:00
599,1,2.4607685468298293,49.0257911536017,219.11141347984778,2.370730162347845,24.5,0,2026-01-01 09:58:00
600,1,2.531120611559424,49.18542452183725,220.7546009860897,2.3084804249484563,24.5,0,2026-01-01 09:59:00
601,1,2.4909670840271647,49.60249742096046,221.51397723329072,2.357431137423126,24.5,0,2026-01-01 10:00:00
602,1,2.4787365585441146,48.556075772646174,218.15566935164475,2.29541854910598,24.5,0,2026-01-01 10:01:00
603,1,2.525739130049106,48.46898230064425,221.7392118402113,2.485311402752498,24.5,0,2026-01-01 10:02:00
604,1,2.6759462424063742,48.55749725641854,222.7112757176099,2.591335241262073,24.5,0,2026-01-01 10:03:00
605,1,2.6151411948788263,49.318659791494,220.8268698064474,2.4247712536773744,24.5,0,2026-01-01 10:04:00
606,1,2.64769640777295,48.1075824337468,223.75359162511614,2.4858922474830383,24.5,0,2026-01-01 10:05:00
607,1,2.453126108480681,49.2497128999638,218.45242160179285,2.321111324324819,24.5,0,2026-01-01 10:06:00
608,1,2.549972565803593,49.1366300409928,217.51069059337718,2.442963984281673,24.5,0,2026-01-01 10:07:00
609,1,2.682828995969874,50.189961402318644,216.44255950219144,2.5260303274279203,24.5,0,2026-01-01 10:08:00
610,1,2.6946200572166075,48.98573079468564,222.99208862297837,2.48416995602035,24.5,0,2026-01-01 10:09:00
611,1,2.7565174929352225,49.44345675819366,221.30873131270812,2.557517786242557,24.5,0,2026-01-01 10:10:00
612,1,2.869760082451185,50.51265193862752,219.8888306581791,2.6994429081341726,24.5,0,2026-01-01 10:11:00
613,1,2.8238211538335434,50.57638790346998,220.55993725263963,2.7179081252534285,24.5,0,2026-01-01 10:12:00
614,1,2.7121711327689293,49.20233974995549,217.74902190540325,2.572300137709681,24.5,0,2026-01-01 10:13:00
615,1,2.758422804162712,49.651925879841784,224.89150395923366,2.555479665229307,24.5,0,2026-01-01 10:14:00
616,1,2.51414019862463,49.36447788466765,220.25844236395045,2.3965977806640724,24.5,0,2026-01-01 10:15:00
617,1,2.7749039308392565,49.942743497499954,220.2187895892098,2.589778917702666,24.5,0,2026-01-01 10:16:00
618,1,2.794186875816416,49.583367667343545,221.45153324779739,2.6715168080547698,24.5,0,2026-01-01 10:17:00
619,1,2.880679091719359,50.70708551111411,220.9620184634734,2.834393055910112,24.5,0,2026-01-01 10:18:00
620,1,2.8386735245041024,48.749809690700054,220.44776804855826,2.650346163728408,24.5,0,2026-01-01 10:19:00
621,1,2.815605841177721,49.65203649633537,218.4190510891094,2.686420004058287,24.5,0,2026-01-01 10:20:00
622,1,2.71993421288788,49.93618160442547,220.94293671427198,2.5188943241087056,24.5,0,2026-01-01 10:21:00
623,1,2.861462421274692,50.164272248892914,223.76404899295008,2.6832885384653267,24.5,0,2026-01-01 10:22:00
624,1,3.013202333879669,51.03964535504058,222.69084009230997,2.8326859326334946,24.5,0,2026-01-01 10:23:00
625,1,3.1675740474485474,51.249590224894625,223.1863732532788,2.966273835522457,24.5,0,2026-01-01 10:24:00
626,1,2.945260910461919,50.051526153364144,218.97756864713762,2.8899672571205888,24.5,0,2026-01-01 10:25:00
627,1,2.9950747139702276,51.142776964430396,218.02079035948285,2.7980013095085994,24.5,0,2026-01-01 10:26:00
628,1,3.102155390755418,50.11433546898337,219.74842615980072,2.9429650911129555,24.5,0,2026-01-01 10:27:00
629,1,2.948983685083215,50.80361249989975,220.1114498245774,2.6729784828377405,24.5,0,2026-01-01 10:28:00
630,1,3.117620230770322,51.62193422306692,222.1883830369419,2.94916173884523,24.5,0,2026-01-01 10:29:00
631,1,2.9490063607682604,51.09811453728882,216.61507074057036,2.826053005928712,24.5,0,2026-01-01 10:30:00
632,1,3.2219540209318995,50.80863448179881,223.05910063892122,2.998550325207127,24.5,0,2026-01-01 10:31:00
633,1,3.1212776555815243,50.4583390985409,219.68398420284203,2.804606095181272,24.5,0,2026-01-01 10:32:00
634,1,3.1485515782760736,49.824520876743065,219.14623786010517,2.95349260698851,24.5,0,2026-01-01 10:33:00
635,1,3.0432855182863014,50.76657410303209,217.97579124947967,2.8571895078238327,24.5,0,2026-01-01 10:34:00
636,1,3.1936036069455924,50.26374021797949,216.69028665626846,3.033318084960904,24.5,0,2026-01-01 10:35:00
637,1,3.4272922154186123,50.78711332991,221.64634116792382,3.31664856879892,24.5,0,2026-01-01 10:36:00
638,1,3.110902849636733,49.984486768759886,220.1466359343768,2.899915287536479,24.5,0,2026-01-01 10:37:00
639,1,3.1588638656036325,50.610656229590916,217.42007820051788,2.920808357874467,24.5,0,2026-01-01 10:38:00
640,1,3.235444797857266,51.03855618704162,217.40984245587276,2.976821007541666,24.5,0,2026-01-01 10:39:00
641,1,3.3396464712323444,51.38446964130167,219.32843060141974,3.1425090175326775,24.5,0,2026-01-01 10:40:00
642,1,3.2823624911643456,50.64462451951313,223.3380430505788,3.102532268076372,24.5,0,2026-01-01 10:41:00
643,1,3.015634140017344,51.24541930283223,219.48081729727278,2.8008314509634995,24.5,0,2026-01-01 10:42:00
644,1,3.41908245079998,51.37077108541793,216.9937140937638,3.245088579320462,24.5,0,2026-01-01 10:43:00
645,1,3.417526436913175,50.95649377487349,219.50851387182811,3.2276440813587763,24.5,0,2026-01-01 10:44:00
646,1,3.183106335257671,51.11713473252411,219.45455286050466,2.986438729322635,24.5,0,2026-01-01 10:45:00
647,1,3.243455679377935,52.43922771658639,214.60622671411684,2.995432027908295,24.5,0,2026-01-01 10:46:00
648,1,3.56231765042534,51.94972646250793,219.89141026696439,3.3150403384746787,24.5,0,2026-01-01 10:47:00
649,1,3.56316600045333,51.55893141809263,219.53813093958266,3.218107012921401,24.5,0,2026-01-01 10:48:00
650,1,3.5601398130963444,50.81012175185695,221.39241272962684,3.348214162936401,24.5,0,2026-01-01 10:49:00
651,1,3.50126528466025,51.42346419427807,223.6979121898907,3.2822388433453145,24.5,0,2026-01-01 10:50:00
652,1,3.523609031634035,51.7990158227044,222.25313005909553,3.310953157332514,24.5,0,2026-01-01 10:51:00
653,1,3.4758256025109158,51.43350458544664,219.46222261889034,3.2816476797865883,24.5,0,2026-01-01 10:52:00
654,1,3.593176649784045,50.969067389121086,217.78694818251665,3.38533003982511,24.5,0,2026-01-01 10:53:00
655,1,3.525186046781902,51.10717538714655,225.14671960649972,3.296496917132055,24.5,0,2026-01-01 10:54:00
656,1,3.471086128556509,52.553886074300564,220.11843686802897,3.2534493613847313,24.5,0,2026-01-01 10:55:00
657,1,3.670791816337088,52.95401135933998,220.0278585838259,3.3675005063776755,24.5,0,2026-01-01 10:56:00
658,1,3.579921583798442,51.39951234978383,219.95174982577998,3.3230945874013473,24.5,0,2026-01-01 10:57:00
659,1,3.7483242692379006,52.66809385570815,220.3961695215357,3.5121474450817805,24.5,0,2026-01-01 10:58:00
660,1,3.546131582958251,51.19523088631985,219.71127917615212,3.28318252577203,24.5,0,2026-01-01 10:59:00
661,1,3.6107058850083797,52.91578112654365,218.85267598623952,3.4231007606293566,24.5,0,2026-01-01 11:00:00
662,1,3.54033187273079,52.09380232899523,218.90628211751923,3.280950927027816,24.5,0,2026-01-01 11:01:00
663,1,3.6669655156223113,52.74891079934329,219.93449345956802,3.4428883847606135,24.5,0,2026-01-01 11:02:00
664,1,3.5159194994698693,50.898898870130154,218.91315045773246,3.29620178252773,24.5,0,2026-01-01 11:03:00
665,1,3.625440728466244,52.57821929609644,218.57430843464567,3.42984355894739,24.5,0,2026-01-01 11:04:00
666,1,3.5717081651893996,52.02228431319688,220.2128604553838,3.3869544351303937,24.5,0,2026-01-01 11:05:00
667,1,3.7899210036005937,53.00852178081186,219.49004556515828,3.580435576518622,24.5,0,2026-01-01 11:06:00
668,1,3.8678098590380734,53.09471099218645,223.0079859771654,3.5129422197406335,24.5,0,2026-01-01 11:07:00
669,1,3.496021582388854,52.139224496295064,214.69806038321397,3.3298239729356522,24.5,0,2026-01-01 11:08:00
670,1,3.9452588428487,52.39484907419993,222.18301370384492,3.766321526235655,24.5,0,2026-01-01 11:09:00
671,1,4.083741452573208,53.498052514496564,222.49217038499526,3.7949891957304684,24.5,0,2026-01-01 11:10:00
672,1,3.731680938901127,52.54545014798775,215.8532195351837,3.5013334850518643,24.5,0,2026-01-01 11:11:00
673,1,3.735310295627312,51.96143461997022,219.3146248118393,3.448004100975412,24.5,0,2026-01-01 11:12:00
674,1,4.096645315549646,52.66647678637236,219.2571182680084,3.7325949388170994,24.5,0,2026-01-01 11:13:00
675,1,3.6563556334581993,51.543359760492656,217.18497661056435,3.381102990532592,24.5,0,2026-01-01 11:14:00
676,1,3.8242306736762464,52.430415450739225,218.44436662481826,3.547607468742113,24.5,0,2026-01-01 11:15:00
677,1,3.8403174819346906,53.468582272329634,217.77884830906834,3.5715497225901296,24.5,0,2026-01-01 11:16:00
678,1,4.072846128078883,53.18459133583863,223.50454088684725,3.758295148918112,24.5,0,2026-01-01 11:17:00
679,1,3.953821805870233,52.600110921641146,221.8713567862949,3.6579670282208476,24.5,0,2026-01-01 11:18:00
680,1,3.8889205379114995,53.26569996501131,222.5431101899883,3.633077772013204,24.5,0,2026-01-01 11:19:00
681,1,3.834202823924798,52.22860078260137,221.44334412808647,3.5436327969155643,24.5,0,2026-01-01 11:20:00
682,1,3.841226065645536,52.94229257217427,217.74189645756553,3.6155230472092463,24.5,0,2026-01-01 11:21:00
683,1,3.805351231752687,52.67871086218066,218.95095946744044,3.5885613097250344,24.5,0,2026-01-01 11:22:00
684,1,3.9573267400247047,53.49864265731092,220.97874912245584,3.8150843557133967,24.5,0,2026-01-01 11:23:00
685,1,3.843792352738195,51.99543700347362,217.55574438221612,3.6459511063522703,24.5,0,2026-01-01 11:24:00
686,1,3.8262709919783364,52.277983278470174,221.42599686034478,3.5851019818096104,24.5,0,2026-01-01 11:25:00
687,1,4.079300250545889,52.38656272981932,219.51934920368373,3.7778297775809375,24.5,0,2026-01-01 11:26:00
688,1,3.9055086354798796,52.894028544806204,219.2503583849008,3.660896475022113,24.5,0,2026-01-01 11:27:00
689,1,3.873406959407326,53.65265263489607,221.421919936407,3.632206959130765,24.5,0,2026-01-01 11:28:00
690,1,3.9831281270875563,52.87186200755065,220.88852662297208,3.692265871293989,24.5,0,2026-01-01 11:29:00
691,1,3.984819940031504,52.94465528916435,219.27806766836184,3.7583253351766674,24.5,0,2026-01-01 11:30:00
692,1,3.8610504362645437,53.43898689556014,222.3186596067285,3.5333561404381633,24.5,0,2026-01-01 11:31:00
693,1,3.9975296075755753,53.99979902904286,217.83787334480022,3.718034919783569,24.5,0,2026-01-01 11:32:00
694,1,3.9252609588453424,53.056094870417574,221.23187121388852,3.690244801735126,24.5,0,2026-01-01 11:33:00
695,1,4.21045622521079,54.09726352079613,221.18620251593677,3.9137803447954416,24.5,0,2026-01-01 11:34:00
696,1,4.06123558916523,52.827634380678525,219.38090712137202,3.778227053243319,24.5,0,2026-01-01 11:35:00
697,1,3.995571285647633,54.139828181303976,220.65226604448424,3.7200471571368157,24.5,0,2026-01-01 11:36:00
698,1,3.9080217454986648,54.55644119405837,217.49777284722938,3.603128570111781,24.5,0,2026-01-01 11:37:00
699,1,4.055318269860323,53.730429823510114,221.8480540384138,3.840605045514788,24.5,0,2026-01-01 11:38:00
700,1,4.090653524136381,52.33230853306333,219.63019572711403,3.763579610762773,24.5,0,2026-01-01 11:39:00
701,1,4.016735860966651,53.14117772823403,218.95455395896192,3.7610876593303977,24.5,0,2026-01-01 11:40:00
702,1,4.057412850908405,53.82555103733263,222.09801845167377,3.8034107701562934,24.5,0,2026-01-01 11:41:00
703,1,4.023206369689018,53.279350271432016,218.5913126189145,3.703031492712031,24.5,0,2026-01-01 11:42:00
704,1,3.932867530627456,54.18159556381667,217.1830774072729,3.669536663368487,24.5,0,2026-01-01 11:43:00
705,1,3.95484531833819,53.8409860040526,216.8867416529522,3.6405170304904027,24.5,0,2026-01-01 11:44:00
706,1,3.8573533323496823,52.73257498925536,221.21201990269128,3.66432669532175,24.5,0,2026-01-01 11:45:00
707,1,4.0981268690153465,53.803809436002105,217.43914129500743,3.7618370657668274,24.5,0,2026-01-01 11:46:00
708,1,4.143293017529684,53.12845159746384,223.50958836396873,3.8277826685885143,24.5,0,2026-01-01 11:47:00
709,1,3.8943339261583674,53.355236578219554,215.83614118423256,3.566937954301165,24.5,0,2026-01-01 11:48:00
710,1,4.304602489235972,53.68015666156572,223.3929127365801,3.9420892205039855,24.5,0,2026-01-01 11:49:00
711,1,4.0625875452163775,54.368313681651024,220.42203493440525,3.8637062463453513,24.5,0,2026-01-01 11:50:00
712,1,3.9362086296352654,54.720521126306316,219.80657377625923,3.6932004471623827,24.5,0,2026-01-01 11:51:00
713,1,4.1088997303386945,52.982069161657684,218.9101618263821,3.8335328085059515,24.5,0,2026-01-01 11:52:00
714,1,4.0954642731622934,52.60561087223785,220.79827222870415,3.780795793830487,24.5,0,2026-01-01 11:53:00
715,1,4.076230890745922,53.62144592206979,219.9247305951503,3.840715891007981,24.5,0,2026-01-01 11:54:00
716,1,4.031561842356533,52.7023433883217,222.20660376403305,3.7121579461590426,24.5,0,2026-01-01 11:55:00
717,1,4.080956105728173,53.82449119471499,220.22845529732407,3.8386569916792532,24.5,0,2026-01-01 11:56:00
718,1,4.006230424572568,54.111009617390515,220.30060352292375,3.685414166102308,24.5,0,2026-01-01 11:57:00
719,1,4.06575565983743,54.728223981511576,219.2727755755723,3.7518426091267494,24.5,0,2026-01-01 11:58:00
720,1,3.823547773133271,53.46616914870636,219.88610875255787,3.5961992645402305,24.5,0,2026-01-01 11:59:00
721,1,3.9804446677582153,53.52864772559297,220.61560353778412,3.7471181096237776,24.5,0,2026-01-01 12:00:00
722,1,4.1170553275214825,52.89293737106486,216.57966321468675,3.8605377431540955,24.5,0,2026-01-01 12:01:00
723,1,3.8762247497098765,53.60128845891326,217.30362915578857,3.553741865681644,24.5,0,2026-01-01 12:02:00
724,1,3.9611980362279766,53.66368554545633,221.48652818804544,3.6625751745577118,24.5,0,2026-01-01 12:03:00
725,1,3.9499000322384554,54.03739401055567,220.3417308762559,3.6818790448184604,24.5,0,2026-01-01 12:04:00
726,1,3.852720651889358,53.07673602295419,219.63203332729464,3.540819461677446,24.5,0,2026-01-01 12:05:00
727,1,3.7518920181811,53.04253242587932,220.0368678661308,3.5577054561066306,24.5,0,2026-01-01 12:06:00
728,1,3.9561194630938976,52.811989475275816,220.69516341072335,3.558618038465813,24.5,0,2026-01-01 12:07:00
729,1,3.95312891825354,52.39625633703402,218.92048063938128,3.636629987725257,24.5,0,2026-01-01 12:08:00
730,1,3.9171569702337803,53.06648337661068,218.44339054919539,3.6162782031718055,24.5,0,2026-01-01 12:09:00
731,1,3.9338583944705277,52.76841114333963,220.39169051019536,3.514720845465147,24.5,0,2026-01-01 12:10:00
732,1,3.9016531610905227,53.94700178611106,218.04325444476993,3.5568058806432914,24.5,0,2026-01-01 12:11:00
733,1,4.041189975244911,53.626129462530294,220.81650551142894,3.7872067673244914,24.5,0,2026-01-01 12:12:00
734,1,3.8332675383149617,53.36678450124585,216.5948327915243,3.563854004887922,24.5,0,2026-01-01 12:13:00
735,1,3.88039479265456,53.017032984307626,222.0583112746513,3.6844324224325407,24.5,0,2026-01-01 12:14:00
736,1,3.8800445740729312,51.72072930580079,220.94519496482607,3.6823509833476615,24.5,0,2026-01-01 12:15:00
737,1,3.94872496867932,54.730669223429445,220.51205946862774,3.690188545153724,24.5,0,2026-01-01 12:16:00
738,1,4.048360568340104,53.384708341110816,221.96538196789103,3.7763878272894233,24.5,0,2026-01-01 12:17:00
739,1,3.8518575888443527,53.32137738201743,223.33094888892515,3.5811231606657317,24.5,0,2026-01-01 12:18:00
740,1,3.8915760019550047,52.83265276107682,222.02874013003625,3.4816037942720137,24.5,0,2026-01-01 12:19:00
741,1,3.803221822055463,54.32733382920221,216.31825153733672,3.46221647587609,24.5,0,2026-01-01 12:20:00
742,1,3.67736824385707,53.55411814689916,217.4408460665286,3.4197600813510314,24.5,0,2026-01-01 12:21:00
743,1,3.7885936129490076,53.16429228971047,218.75036284460865,3.54845733168396,24.5,0,2026-01-01 12:22:00
744,1,3.6474726041394123,53.11639673969325,220.05218210042167,3.4007720131777517,24.5,0,2026-01-01 12:23:00
745,1,3.619318775926469,54.286208493322604,221.03531804093825,3.315191455103012,24.5,0,2026-01-01 12:24:00
746,1,3.779568696783296,53.65033032147363,218.54851237369306,3.555094227197102,24.5,0,2026-01-01 12:25:00
747,1,3.7208840560241927,53.4220214406136,220.37353352895417,3.527529234375388,24.5,0,2026-01-01 12:26:00
748,1,3.733661660145921,53.06997039801499,218.48923413529334,3.5118190853454045,24.5,0,2026-01-01 12:27:00
749,1,3.701803579884663,52.43996650045531,218.7769643940161,3.4844910589080818,24.5,0,2026-01-01 12:28:00
750,1,3.5643523053927733,53.27439785068863,217.18667780630355,3.279174041408551,24.5,0,2026-01-01 12:29:00
751,1,3.658545379488678,53.73681588731613,218.15353350777818,3.4479883513930845,24.5,0,2026-01-01 12:30:00
752,1,3.5101255910669416,53.94806050072176,217.29663078876735,3.263458451940507,24.5,0,2026-01-01 12:31:00
753,1,3.76984351688969,52.447873081741434,218.04825349404533,3.522326124089272,24.5,0,2026-01-01 12:32:00
754,1,3.5431990592232387,52.55587561927241,222.10728359321567,3.3044654340549657,24.5,0,2026-01-01 12:33:00
755,1,3.5795704227145797,53.09739389464895,218.10120222233613,3.313520684636796,24.5,0,2026-01-01 12:34:00
756,1,3.5925361251384733,53.256850912566605,225.26476412967477,3.2882858062959444,24.5,0,2026-01-01 12:35:00
757,1,3.6714419320559677,53.47639895295452,220.9866358017618,3.400006423903538,24.5,0,2026-01-01 12:36:00
758,1,3.552790183368466,53.29153292222783,220.36967224738976,3.3431095845713275,24.5,0,2026-01-01 12:37:00
759,1,3.4833171341517235,53.553023855192386,218.28328443963758,3.2069667257788574,24.5,0,2026-01-01 12:38:00
760,1,3.6552882880925965,53.021214416661884,221.40061975881798,3.4327865831632978,24.5,0,2026-01-01 12:39:00
761,1,3.5127347556885606,53.939168361383324,218.84872434752444,3.292513034447454,24.5,0,2026-01-01 12:40:00
762,1,3.5666899080579038,53.71605602952241,220.24401962929073,3.2903885906355903,24.5,0,2026-01-01 12:41:00
763,1,3.4721430872079777,52.94397437737491,225.1201690765376,3.286834946557995,24.5,0,2026-01-01 12:42:00
764,1,3.3292508748919225,53.99084273380191,219.8078802005507,3.066900790730616,24.5,0,2026-01-01 12:43:00
765,1,3.5030697091619545,54.245328452522976,222.29854665257136,3.320880701279044,24.5,0,2026-01-01 12:44:00
766,1,3.3834662050349946,53.76444908827857,218.59364714974822,3.1559901285089573,24.5,0,2026-01-01 12:45:00
767,1,3.481131050140837,51.560760544021775,219.9300230190061,3.223640137930506,24.5,0,2026-01-01 12:46:00
768,1,3.446549813397983,54.1558169295996,223.54160127127102,3.1476929144233305,24.5,0,2026-01-01 12:47:00
769,1,3.38243986942352,53.71983787542756,218.74606588442447,3.127980160017182,24.5,0,2026-01-01 12:48:00
770,1,3.250382387656997,54.05839972234827,223.62489711599386,2.9996090620534357,24.5,0,2026-01-01 12:49:00
771,1,3.5566028699949244,54.27640285645438,221.41550387091095,3.2301076913734965,24.5,0,2026-01-01 12:50:00
772,1,3.289877952091425,54.04715710416367,218.87506644821147,3.0348792530775537,24.5,0,2026-01-01 12:51:00
773,1,3.3939417385952884,53.77624618764342,221.26481547811105,3.101597640092347,24.5,0,2026-01-01 12:52:00
774,1,3.2280531110035815,53.72785765011339,221.94510889925346,3.017224698826847,24.5,0,2026-01-01 12:53:00
775,1,3.3145074734360565,54.32006413387552,221.2436199244344,3.132955561084788,24.5,0,2026-01-01 12:54:00
776,1,3.0686584545481974,52.90729885419756,216.85955056021908,2.7784736786673583,24.5,0,2026-01-01 12:55:00
777,1,3.2492285676067576,52.160792091485035,218.54572564835027,3.0922386339648424,24.5,0,2026-01-01 12:56:00
778,1,3.162025007425783,52.733677898040824,219.504962728897,2.919210655812368,24.5,0,2026-01-01 12:57:00
779,1,3.185989813043276,53.20465338474731,219.85113314179992,2.898765615538759,24.5,0,2026-01-01 12:58:00
780,1,3.2540384801161624,53.12475601514366,221.24134419510136,3.048058577755188,24.5,0,2026-01-01 12:59:00
781,1,3.0251928234752516,51.92106206265918,220.3554020018665,2.7758730212366642,24.5,0,2026-01-01 13:00:00
782,1,3.018539665504227,51.775160829415086,217.3293112825798,2.7876757866791424,24.5,0,2026-01-01 13:01:00
783,1,3.161898073165391,52.51258917418919,220.76039570201192,2.9038444556653022,24.5,0,2026-01-01 13:02:00
784,1,3.315160376334758,53.745177789193946,221.22117149056766,3.0246487361526255,24.5,0,2026-01-01 13:03:00
785,1,3.065844304066531,53.73650664317121,221.11958089586207,2.8708626782688453,24.5,0,2026-01-01 13:04:00
786,1,3.1343782219822742,53.45909415942328,222.16156145110924,2.8834240526825017,24.5,0,2026-01-01 13:05:00
787,1,3.0358354460230688,53.378989195496125,221.6678443090978,2.734522884272957,24.5,0,2026-01-01 13:06:00
788,1,3.2134981757879078,53.08089727071209,220.91836015845686,2.9978445715901376,24.5,0,2026-01-01 13:07:00
789,1,2.8047535470668943,51.32127969024954,219.85966857708272,2.531943530856279,24.5,0,2026-01-01 13:08:00
790,1,2.9278502307693803,52.43684297049132,216.678078132968,2.6480580559712115,24.5,0,2026-01-01 13:09:00
791,1,2.789336919267618,52.1858188457088,220.85923643826519,2.6370889863808067,24.5,0,2026-01-01 13:10:00
792,1,2.6742304519745126,51.841849205822825,220.41537537432623,2.411031612615356,24.5,0,2026-01-01 13:11:00
793,1,2.9401108586795144,52.70900249338068,220.54315767439076,2.600414271236854,24.5,0,2026-01-01 13:12:00
794,1,2.863224922515743,52.88484804942224,217.4465028483594,2.676083614122622,24.5,0,2026-01-01 13:13:00
795,1,2.806079592510332,53.0224629876869,217.83788691918346,2.5766994387529416,24.5,0,2026-01-01 13:14:00
796,1,2.8592191709811403,52.35517210062387,222.1063057066658,2.629829224534136,24.5,0,2026-01-01 13:15:00
797,1,3.135443145470709,51.996501337417094,219.9208896922867,2.8798117841919137,24.5,0,2026-01-01 13:16:00
798,1,2.7943587502375236,52.15371804709705,221.36300139474525,2.591875708525658,24.5,0,2026-01-01 13:17:00
799,1,2.8359851108019885,52.599497390996945,220.0566367522609,2.58083189300043,24.5,0,2026-01-01 13:18:00
800,1,2.6990960651751505,53.05142413902054,220.0595122789915,2.565634612387455,24.5,0,2026-01-01 13:19:00
801,1,2.79818562198126,52.14255517636752,221.876567611952,2.509239363859487,24.5,0,2026-01-01 13:20:00
802,1,2.6885369047739447,52.660884140681,218.96791054356524,2.5038279396666967,24.5,0,2026-01-01 13:21:00
803,1,2.666903082203914,52.47001066380445,220.19224155388196,2.493475556473236,24.5,0,2026-01-01 13:22:00
804,1,2.8590585537995237,52.745499335459265,219.0754494225899,2.6004694438954092,24.5,0,2026-01-01 13:23:00
805,1,2.7762458105622363,53.126729821034345,219.13100754513536,2.5105862528942953,24.5,0,2026-01-01 13:24:00
806,1,2.6556971975761856,51.94170177706029,219.38165575306272,2.501150752485816,24.5,0,2026-01-01 13:25:00
807,1,2.402373175981195,51.48309288443166,220.44426754326742,2.1667967082996284,24.5,0,2026-01-01 13:26:00
808,1,2.5645097519152267,52.1882151491383,219.04250275667306,2.3353511166758354,24.5,0,2026-01-01 13:27:00
809,1,2.9002415560280497,52.40292040954812,222.51151225114705,2.719484885146131,24.5,0,2026-01-01 13:28:00
810,1,2.5317404432065103,52.48427258033843,218.210785395561,2.336725613957846,24.5,0,2026-01-01 13:29:00
811,1,2.66501944031739,51.99788415899412,219.62625671167729,2.367806932056482,24.5,0,2026-01-01 13:30:00
812,1,2.675353547809422,52.6092634454015,219.12053788345165,2.554300414320618,24.5,0,2026-01-01 13:31:00
813,1,2.5782570146908554,52.14910992538246,222.89395576870746,2.35067633301082,24.5,0,2026-01-01 13:32:00
814,1,2.424416442745582,52.1067462372462,220.39310955302315,2.214973050574662,24.5,0,2026-01-01 13:33:00
815,1,2.262732685909148,51.36440138665158,222.06368907893727,2.0986325167758686,24.5,0,2026-01-01 13:34:00
816,1,2.5061788825127214,52.042275122432144,217.02887925392605,2.3412808926072413,24.5,0,2026-01-01 13:35:00
817,1,2.3778754481698234,51.98558301197625,220.53410053173852,2.2896016295015804,24.5,0,2026-01-01 13:36:00
818,1,2.4758102904185697,52.22989625335192,221.77926159124686,2.1985755591734124,24.5,0,2026-01-01 13:37:00
819,1,2.2971470090103057,51.803901665321995,220.16456797855085,2.1580180366043256,24.5,0,2026-01-01 13:38:00
820,1,2.4021503146666126,53.01000764055106,222.1309607501307,2.250405524616549,24.5,0,2026-01-01 13:39:00
821,1,2.382391981511393,51.43608829503954,218.96542309979927,2.1879726816457707,24.5,0,2026-01-01 13:40:00
822,1,2.432738712383187,52.02344244343811,222.81869488037117,2.280353533104344,24.5,0,2026-01-01 13:41:00
823,1,2.2937288746581017,50.826086206532146,224.5977962472385,2.1594392065979977,24.5,0,2026-01-01 13:42:00
824,1,2.4576687289132217,52.44137587825117,219.2743228791207,2.194403991956155,24.5,0,2026-01-01 13:43:00
825,1,2.260435068732061,51.176281150414624,219.10899495719846,2.1691309449692566,24.5,0,2026-01-01 13:44:00
826,1,2.174574000143215,51.44954926964516,222.9067689542354,1.92443449914099,24.5,0,2026-01-01 13:45:00
827,1,2.323460539712863,51.69357673143812,223.15914429146142,2.082489290107561,24.5,0,2026-01-01 13:46:00
828,1,2.2804115605984743,52.10180097640773,218.95427994569346,2.0863197405229332,24.5,0,2026-01-01 13:47:00
829,1,2.281847312721895,51.615197226551125,219.1596263658083,2.1967678798673327,24.5,0,2026-01-01 13:48:00
830,1,2.39287390538423,51.818961682740806,219.436430782279,2.1870916519219925,24.5,0,2026-01-01 13:49:00
831,1,2.197192096217407,52.707519954035774,217.31109897793144,2.020591571914141,24.5,0,2026-01-01 13:50:00
832,1,2.2050827545252685,52.03031187556065,218.1626961070316,2.1008514381405012,24.5,0,2026-01-01 13:51:00
833,1,2.092609326213226,51.31706080253108,217.99171846649585,1.9105343383729285,24.5,0,2026-01-01 13:52:00
834,1,2.27864956261476,51.87941339863861,218.46440486979174,2.0376068504595377,24.5,0,2026-01-01 13:53:00
835,1,2.218004692081525,52.88200405359974,219.93063022522645,2.019665047155457,24.5,0,2026-01-01 13:54:00
836,1,2.15087568208636,51.62561197155101,220.46842946507303,2.047110960179447,24.5,0,2026-01-01 13:55:00
837,1,2.013140337604589,51.049672397013744,223.10100098562816,1.8552279249073047,24.5,0,2026-01-01 13:56:00
838,1,2.292531146391444,51.71619323223664,218.00329191852242,2.2049901468157658,24.5,0,2026-01-01 13:57:00
839,1,2.0510939219677473,51.25811842923746,221.96864479695316,1.92311381304851,24.5,0,2026-01-01 13:58:00
840,1,2.083387154603108,51.353692627531174,219.57202231154898,1.8834823843743338,24.5,0,2026-01-01 13:59:00
841,1,2.173069022799083,51.12874612604265,219.90107258069514,2.00054139643682,24.5,0,2026-01-01 14:00:00
842,1,2.019862365965018,50.90796338888004,221.3496389843332,1.8142779831974787,24.5,0,2026-01-01 14:01:00
843,1,1.948620347495128,51.02314721051649,217.7545559568754,1.7578425135568356,24.5,0,2026-01-01 14:02:00
844,1,1.9030924397800948,51.74796504263128,220.7648194923681,1.973192034853171,24.5,0,2026-01-01 14:03:00
845,1,2.179656326595208,51.73237037449114,220.33290441642612,2.0541739223592788,24.5,0,2026-01-01 14:04:00
846,1,2.0496888622809113,51.58341771212957,220.9849025280163,1.9266608662280775,24.5,0,2026-01-01 14:05:00
847,1,2.39093950638988,53.16484070087026,220.57833728781563,2.1658269107496224,24.5,0,2026-01-01 14:06:00
848,1,2.025100828051765,52.39679807823549,224.91060027982178,1.9391172987394492,24.5,0,2026-01-01 14:07:00
849,1,1.970239437592693,51.46718507393478,218.72452003149738,1.8650218807522778,24.5,0,2026-01-01 14:08:00
850,1,2.001900943100942,51.33199866171989,218.93800608999638,1.9330355591159654,24.5,0,2026-01-01 14:09:00
851,1,2.0758444890967227,51.357173759064466,218.75371894715047,1.9983443711623294,24.5,0,2026-01-01 14:10:00
852,1,1.999956184763681,52.15320855671922,218.88904576167948,1.7628461703174543,24.5,0,2026-01-01 14:11:00
853,1,2.1024230192238007,51.83637795246532,218.72522574538698,1.8752232140473863,24.5,0,2026-01-01 14:12:00
854,1,1.9701535893426694,51.415050604463886,222.3780330622151,1.758878081537813,24.5,0,2026-01-01 14:13:00
855,1,1.928695934600778,51.08485840263969,222.8410084959797,1.7236254059793983,24.5,0,2026-01-01 14:14:00
856,1,1.8485056973487641,51.03542719654806,218.85850741250104,1.7131990836175721,24.5,0,2026-01-01 14:15:00
857,1,1.7979921571782138,51.61247179532968,218.33528885379155,1.6221471214972738,24.5,0,2026-01-01 14:16:00
858,1,1.9897894754961034,50.98134658776169,220.9428311127728,1.929997099069225,24.5,0,2026-01-01 14:17:00
859,1,1.9906251750569406,52.42081242640058,218.89555391143807,1.9221855250275237,24.5,0,2026-01-01 14:18:00
860,1,1.9763364477060004,51.44815134085076,221.265863635511,1.8133332002212128,24.5,0,2026-01-01 14:19:00
861,1,2.1569415010738404,52.06509946080316,220.4058460417026,2.0769633892721786,24.5,0,2026-01-01 14:20:00
862,1,2.1203969881224447,51.361870963703744,216.96851177000553,2.0198762188833244,24.5,0,2026-01-01 14:21:00
863,1,2.018886137390786,51.85712195768282,223.09501040266014,1.829612478594519,24.5,0,2026-01-01 14:22:00
864,1,1.8727163773537763,51.389575123821565,223.59175534619104,1.6174175365666614,24.5,0,2026-01-01 14:23:00
865,1,1.9556943941995555,51.81661215768011,218.7744226190312,1.7829178048849765,24.5,0,2026-01-01 14:24:00
866,1,1.9566057849702714,52.7385121980877,219.22459688012802,1.7622416138001162,24.5,0,2026-01-01 14:25:00
867,1,1.96344774537343,51.96689236500605,220.57173078144982,1.8108929409513377,24.5,0,2026-01-01 14:26:00
868,1,1.9612330346789562,51.39240992399828,220.66891357997406,1.802818242563537,24.5,0,2026-01-01 14:27:00
869,1,1.9729486098487239,51.469111848767994,221.31708854534565,1.8120694319884043,24.5,0,2026-01-01 14:28:00
870,1,2.0264314624450477,52.325011256457024,224.0204090775327,1.8839533121817014,24.5,0,2026-01-01 14:29:00
871,1,1.9639476295333376,52.716788993891676,219.6461055450119,1.7396797116620502,24.5,0,2026-01-01 14:30:00
872,1,2.040244785526003,52.29573102523871,218.40340551092308,1.8906266630396245,24.5,0,2026-01-01 14:31:00
873,1,2.0475946903830446,52.59124358029583,217.24136154397095,1.8546269870697405,24.5,0,2026-01-01 14:32:00
874,1,1.9354715133106013,52.31147188306998,218.53813992011615,1.7836693346049228,24.5,0,2026-01-01 14:33:00
875,1,2.1724001600859837,53.256012926306695,219.9337460542524,2.038463565064422,24.5,0,2026-01-01 14:34:00
876,1,1.9812883789796993,50.80798142505994,223.58911572703556,1.7540738143427252,24.5,0,2026-01-01 14:35:00
877,1,1.880692144978407,52.27468648064427,218.96477740192765,1.7088886484131478,24.5,0,2026-01-01 14:36:00
878,1,2.10113749671247,52.88925653921067,220.4475759032778,1.9187901328539911,24.5,0,2026-01-01 14:37:00
879,1,1.9807420807882852,51.28186033732123,219.9671542078545,1.7885354693879663,24.5,0,2026-01-01 14:38:00
880,1,2.1247959199857847,51.807919004829195,222.37678654689617,1.990991039577779,24.5,0,2026-01-01 14:39:00
881,1,1.8746149186048657,51.311107634766756,225.05386485174725,1.680679583440194,24.5,0,2026-01-01 14:40:00
882,1,2.2125385071396217,52.171536508012274,218.93826245415937,1.9981835776203163,24.5,0,2026-01-01 14:41:00
883,1,2.1477524159629326,52.20451016906344,219.02112111496356,1.930938352586098,24.5,0,2026-01-01 14:42:00
884,1,1.9632703521615311,52.234058718859174,222.08832175413815,1.851949664555402,24.5,0,2026-01-01 14:43:00
885,1,1.966840937022971,52.64249486794398,221.36378297925262,1.7758134569237949,24.5,0,2026-01-01 14:44:00
886,1,2.320005614538946,53.43307845589826,223.69341465147207,2.1465106254566546,24.5,0,2026-01-01 14:45:00
887,1,2.0571665296610977,51.831384923046805,221.16785637065192,1.9815278952842341,24.5,0,2026-01-01 14:46:00
888,1,2.038652691543799,51.84033896549973,219.28141581842587,1.8618710695499834,24.5,0,2026-01-01 14:47:00
889,1,1.919870882732772,52.883439790695405,221.18130966138463,1.8123397251100402,24.5,0,2026-01-01 14:48:00
890,1,2.1342872832117568,52.89891631021408,222.21740716116582,2.036306242077595,24.5,0,2026-01-01 14:49:00
891,1,2.1512735646358583,52.619770623183086,221.64096436239473,2.0194426761568685,24.5,0,2026-01-01 14:50:00
892,1,2.251387572129685,53.07796005527985,221.0145480622146,2.058625932067028,24.5,0,2026-01-01 14:51:00
893,1,2.0574178047156626,52.38911089878222,222.1333493791783,1.9139485533148755,24.5,0,2026-01-01 14:52:00
894,1,2.0579815181755174,52.73412898173042,222.33859118089134,1.8178016168740312,24.5,0,2026-01-01 14:53:00
895,1,2.2753422945889086,52.649283319722464,222.76431798207506,2.0417522004380184,24.5,0,2026-01-01 14:54:00
896,1,2.328618280657271,53.16131475158598,221.2974197751793,2.099027470705347,24.5,0,2026-01-01 14:55:00
897,1,2.0628899278090467,51.61673314624359,219.6657638393663,1.9981243294373043,24.5,0,2026-01-01 14:56:00
898,1,2.349877341201296,52.68017001919754,220.29342737286666,2.1076413424812888,24.5,0,2026-01-01 14:57:00
899,1,2.2784045825702712,52.51771733704259,222.4130179330167,2.041347665761766,24.5,0,2026-01-01 14:58:00
900,1,2.3556540745867847,52.95064203171268,218.36612865802553,2.100924972800584,24.5,0,2026-01-01 14:59:00
901,1,2.2764989773338487,52.428073481285274,220.7373466177458,2.1085539967200013,24.5,0,2026-01-01 15:00:00
902,1,2.0269881648377917,52.21515503987131,219.21332237534529,1.8594735221471264,24.5,0,2026-01-01 15:01:00
903,1,2.288550098241514,52.14299626297732,220.05748964586962,2.14549697905777,24.5,0,2026-01-01 15:02:00
904,1,2.452906288189064,53.666167769890585,222.5569037252146,2.274678099232703,24.5,0,2026-01-01 15:03:00
905,1,2.2452806262747496,52.94010996217351,220.38219813603982,1.9821918430486618,24.5,0,2026-01-01 15:04:00
906,1,2.3082224203326156,52.11165491044191,220.0928730963123,2.068138049408063,24.5,0,2026-01-01 15:05:00
907,1,2.314665347145153,52.72079804624703,217.28028771804017,2.1824423954337933,24.5,0,2026-01-01 15:06:00
908,1,2.097387351634513,52.92406421139362,221.49250713205444,1.9053614581506226,24.5,0,2026-01-01 15:07:00
909,1,2.5763412861305315,53.35606709580548,221.29096836228214,2.412095310551821,24.5,0,2026-01-01 15:08:00
910,1,2.3622552977620987,52.79528429294221,224.3265094466109,2.1495125660033656,24.5,0,2026-01-01 15:09:00
911,1,2.468164348478727,53.49672583547714,219.384443530094,2.205094942156799,24.5,0,2026-01-01 15:10:00
912,1,2.436218510737519,53.67624654937691,220.43830065532788,2.2089251890970427,24.5,0,2026-01-01 15:11:00
913,1,2.5897556091918066,52.92470550585725,220.49876736742152,2.3156173970544356,24.5,0,2026-01-01 15:12:00
914,1,2.5504871407066823,53.99430438280039,223.15490655952695,2.2996638055649603,24.5,0,2026-01-01 15:13:00
915,1,2.4643596581196916,53.104322925836506,219.8094089352261,2.2591504775879683,24.5,0,2026-01-01 15:14:00
916,1,2.423130843772872,53.49092302129281,220.55804305154066,2.2368357265203564,24.5,0,2026-01-01 15:15:00
917,1,2.619929578620568,53.86801778119313,221.21579301943308,2.311097745644239,24.5,0,2026-01-01 15:16:00
918,1,2.356755972238142,53.08849280482127,220.37321824631272,2.1493858376437407,24.5,0,2026-01-01 15:17:00
919,1,2.61483177848947,53.34451420285508,219.10713277089894,2.3561477915856868,24.5,0,2026-01-01 15:18:00
920,1,2.4712091288637392,53.48879849190828,220.38817998579663,2.221807243119106,24.5,0,2026-01-01 15:19:00
921,1,2.7495274817956084,55.15652367369265,222.14726349971954,2.514492405918173,24.5,0,2026-01-01 15:20:00
922,1,2.6063077372899084,53.19732067180156,217.94696940117788,2.3494664040617668,24.5,0,2026-01-01 15:21:00
923,1,2.7014665171669368,55.177808534852886,220.26593934829376,2.532635666346756,24.5,0,2026-01-01 15:22:00
924,1,2.6430323365138273,53.9460097692052,218.59975837012166,2.4694033898113483,24.5,0,2026-01-01 15:23:00
925,1,2.5202090972996394,53.808344691566475,222.39009325784968,2.356867815867395,24.5,0,2026-01-01 15:24:00
926,1,2.566269321817537,53.36586644355087,216.95362619043246,2.314791892582747,24.5,0,2026-01-01 15:25:00
927,1,2.762431551013912,53.914470458657924,218.88215630545682,2.4699917778162415,24.5,0,2026-01-01 15:26:00
928,1,2.753985935701913,54.027313982346364,220.75442375012904,2.5142685181482562,24.5,0,2026-01-01 15:27:00
929,1,2.907360229442571,53.95772767561961,223.13104805846868,2.642180212308958,24.5,0,2026-01-01 15:28:00
930,1,2.805634310425413,54.35769729717336,219.86849947785402,2.5262902501039037,24.5,0,2026-01-01 15:29:00
931,1,2.674664192357233,54.01850276330217,218.8896009466136,2.3783499052173886,24.5,0,2026-01-01 15:30:00
932,1,2.7717668236692945,55.46116562432589,223.76231413888118,2.523287466636788,24.5,0,2026-01-01 15:31:00
933,1,2.798562348859404,53.88494785301242,217.10397219916752,2.529318394574311,24.5,0,2026-01-01 15:32:00
934,1,2.558940523768156,54.21695991797084,215.60238808675985,2.365407922677533,24.5,0,2026-01-01 15:33:00
935,1,3.0467214570724432,55.15590683540008,220.88002890010665,2.808297852420326,24.5,0,2026-01-01 15:34:00
936,1,2.9165452320864995,54.17315896645601,218.9958915512948,2.7112486126754285,24.5,0,2026-01-01 15:35:00
937,1,3.001306730266604,55.439115819537705,217.95753436573858,2.6701660368693574,24.5,0,2026-01-01 15:36:00
938,1,2.7832019849908596,54.28120921304377,221.4167128945987,2.5543138704123156,24.5,0,2026-01-01 15:37:00
939,1,3.0782479488898518,53.64460672273497,220.4876014275424,2.766263231720158,24.5,0,2026-01-01 15:38:00
940,1,3.175127901364324,55.78820985038364,218.87184273852654,2.829532526852547,24.5,0,2026-01-01 15:39:00
941,1,2.8189999471525593,54.06658851670638,217.43939120265821,2.5446569468031726,24.5,0,2026-01-01 15:40:00
942,1,3.108621420558658,54.58151215406024,221.7449146565603,2.882876784172487,24.5,0,2026-01-01 15:41:00
943,1,3.0443309362205633,55.5238516864624,221.30040235591733,2.7520318711449354,24.5,0,2026-01-01 15:42:00
944,1,2.887666643695811,54.648704118081405,219.80164827244124,2.7060774421761122,24.5,0,2026-01-01 15:43:00
945,1,3.169006187373077,55.870118836443645,223.69327399209533,2.910981985638312,24.5,0,2026-01-01 15:44:00
946,1,3.1405370005751134,56.168665673800284,217.8598304673477,2.8376431407934533,24.5,0,2026-01-01 15:45:00
947,1,3.004147777172182,54.82358927595208,216.94894965815053,2.790986076000881,24.5,0,2026-01-01 15:46:00
948,1,3.224981647883563,56.094782444580744,218.6161838602375,2.9558608086403995,24.5,0,2026-01-01 15:47:00
949,1,2.9776313673214525,54.65381020679191,219.908827967289,2.6616910144774377,24.5,0,2026-01-01 15:48:00
950,1,3.023038767609375,56.536067243195205,220.48667889864538,2.8422846876005066,24.5,0,2026-01-01 15:49:00
951,1,3.194478328133369,55.16129969572493,219.51752788428735,2.9179460725041357,24.5,0,2026-01-01 15:50:00
952,1,3.220498774471,56.22496953884538,220.7041107930286,2.9292813817918955,24.5,0,2026-01-01 15:51:00
953,1,3.1191522790604114,56.021549244383735,217.49692115161912,2.7931287897606167,24.5,0,2026-01-01 15:52:00
954,1,3.373029812142613,56.06435998394122,222.88752920814653,3.125398867108436,24.5,0,2026-01-01 15:53:00
955,1,3.318397181409616,55.47067273662558,219.83569764321487,3.0423175311052613,24.5,0,2026-01-01 15:54:00
956,1,3.407918866972477,55.90145773498788,222.23459166317625,3.1289819422320213,24.5,0,2026-01-01 15:55:00
957,1,3.3041666726988628,54.55753864570469,220.6854506927554,2.9775408848435347,24.5,0,2026-01-01 15:56:00
958,1,3.4008583855068624,56.182923541346774,220.91350643830756,3.1321895018580874,24.5,0,2026-01-01 15:57:00
959,1,3.3171407490793468,56.10160217236343,221.1395345604644,3.0596964473277524,24.5,0,2026-01-01 15:58:00
960,1,3.5867422669464317,56.5247896163695,220.89541712003464,3.2253132314155923,24.5,0,2026-01-01 15:59:00
961,1,3.3204938000053374,54.14013700083986,221.28544551973508,2.9456996259000388,24.5,0,2026-01-01 16:00:00
962,1,3.6591158554211756,55.80073646441388,222.65830506026487,3.3529113373553407,24.5,0,2026-01-01 16:01:00
963,1,3.430815372580309,55.74932121933686,220.39304233940294,3.0374816721532127,24.5,0,2026-01-01 16:02:00
964,1,3.3218770587312756,56.14292630654127,221.41800751517704,3.024501356608987,24.5,0,2026-01-01 16:03:00
965,1,3.5937971986199906,56.741768040328985,219.82052861142554,3.2411675077330324,24.5,0,2026-01-01 16:04:00
966,1,3.5350131978701165,56.26877672324207,222.88023443089895,3.2707602323512543,24.5,0,2026-01-01 16:05:00
967,1,3.558836557492203,56.947936475605815,218.64721539588146,3.2114934938793227,24.5,0,2026-01-01 16:06:00
968,1,3.6960619457551056,56.07606109206954,223.60188086582164,3.4107533324385804,24.5,0,2026-01-01 16:07:00
969,1,3.5633272979395105,56.930861645790436,219.91968409871131,3.2088554673464036,24.5,0,2026-01-01 16:08:00
970,1,3.442683406376318,56.71322998470428,217.1384497957639,3.1747400113480904,24.5,0,2026-01-01 16:09:00
971,1,3.6683518884583224,57.01780704555199,220.2562088298216,3.4322518661725256,24.5,0,2026-01-01 16:10:00
972,1,3.5603813928345924,56.53593857404352,218.63789668505024,3.177520051877839,24.5,0,2026-01-01 16:11:00
973,1,3.696857446159582,57.929077800420515,221.68128709797745,3.369036011229,24.5,0,2026-01-01 16:12:00
974,1,3.377991580678666,56.606634081601,218.69475204139522,3.2022360914871895,24.5,0,2026-01-01 16:13:00
975,1,3.662894130104149,56.297401880353156,219.10763313357043,3.326281562231503,24.5,0,2026-01-01 16:14:00
976,1,3.522613673008105,56.85734585985178,216.22091853810895,3.1984605246936177,24.5,0,2026-01-01 16:15:00
977,1,3.8163478085020093,57.66481996190706,219.09538736150185,3.5008968161562612,24.5,0,2026-01-01 16:16:00
978,1,3.6610878554644226,56.70051153660307,215.15224134674207,3.322371279679957,24.5,0,2026-01-01 16:17:00
979,1,3.666701525260357,57.67587585515405,216.83219435302854,3.23971456721791,24.5,0,2026-01-01 16:18:00
980,1,3.7864167313173707,57.345883192378714,221.52082931228858,3.489908259569531,24.5,0,2026-01-01 16:19:00
981,1,3.6510014061062077,55.45875206696172,221.57160031730166,3.2100290017569577,24.5,0,2026-01-01 16:20:00
982,1,3.9201890756860096,57.612362481791244,220.85091512356993,3.5330401396796853,24.5,0,2026-01-01 16:21:00
983,1,3.9219381288780104,57.30598812085418,218.06604771374157,3.615481099526434,24.5,0,2026-01-01 16:22:00
984,1,3.8073991247707726,57.595077179527564,219.90457728771605,3.4331116842454397,24.5,0,2026-01-01 16:23:00
985,1,3.9439094405541826,58.12107161011991,219.99279492181887,3.5396263357128115,24.5,0,2026-01-01 16:24:00
986,1,3.699620687718905,57.28141441925488,217.68327062161492,3.396543526775846,24.5,0,2026-01-01 16:25:00
987,1,3.780089584382291,58.158959057585726,223.0067966035343,3.382602626758609,24.5,0,2026-01-01 16:26:00
988,1,3.8573437817499667,57.2606631774485,221.75472458115135,3.4336980022161794,24.5,0,2026-01-01 16:27:00
989,1,3.8714770189821994,57.861431327709326,219.5580716523407,3.5209891611502986,24.5,0,2026-01-01 16:28:00
990,1,3.808567169072341,57.84293890198975,220.05377167798906,3.440780751927158,24.5,0,2026-01-01 16:29:00
991,1,3.9212743371229335,57.52649353175227,220.41676561589512,3.489481981299529,24.5,0,2026-01-01 16:30:00
992,1,3.8296181869448405,58.04381581988148,215.91653026315143,3.500149526807327,24.5,0,2026-01-01 16:31:00
993,1,3.7727793652604222,56.99607396765841,219.50564523495882,3.4397084142041794,24.5,0,2026-01-01 16:32:00
994,1,3.921271628154291,57.43935345007955,218.6360315040044,3.5326100934039433,24.5,0,2026-01-01 16:33:00
995,1,3.954864433886688,57.010267483521446,217.99675998021016,3.5660904725883786,24.5,0,2026-01-01 16:34:00
996,1,3.9213619785370364,57.83942753462344,219.4377994142281,3.573489226066525,24.5,0,2026-01-01 16:35:00
997,1,4.106624357220907,58.12050788736904,223.59537305369903,3.7768320794768737,24.5,0,2026-01-01 16:36:00
998,1,3.832470985809397,58.1927415500659,221.281685722534,3.454663976002434,24.5,0,2026-01-01 16:37:00
999,1,3.9692851600589507,58.330066210954406,218.8576420204344,3.625010543709678,24.5,0,2026-01-01 16:38:00
1000,1,3.852976416182887,57.38926966598412,221.14516556271232,3.514925892181983,24.5,0,2026-01-01 16:39:00
1001,1,3.8960968152711195,56.896166417408075,222.798710873172,3.5692995473834936,24.5,0,2026-01-01 16:40:00
1002,1,3.936941787464246,57.9903716045673,221.84926736582554,3.563901490450872,24.5,0,2026-01-01 16:41:00
1003,1,3.882443348332348,58.36510771043015,220.11926073984034,3.466661213524531,24.5,0,2026-01-01 16:42:00
1004,1,3.904445925974976,58.26005717574679,218.70612644458885,3.508704105193162,24.5,0,2026-01-01 16:43:00
1005,1,3.9934653469344856,58.55313072631273,221.3964466272272,3.629134461112356,24.5,0,2026-01-01 16:44:00
1006,1,4.095833227452711,58.01354628584313,220.7869707708435,3.79513381275286,24.5,0,2026-01-01 16:45:00
1007,1,4.002503741149473,57.656261478071194,221.79038644005547,3.5952418523310206,24.5,0,2026-01-01 16:46:00
1008,1,3.8702438120052847,57.267650113052476,221.27034360336393,3.5397302889837525,24.5,0,2026-01-01 16:47:00
1009,1,4.16866878723414,58.24707441330302,222.09910543063867,3.7525483122603163,24.5,0,2026-01-01 16:48:00
1010,1,3.9150528031571805,57.862935864172556,218.92952957687888,3.544822904311225,24.5,0,2026-01-01 16:49:00
1011,1,4.065703733126794,58.21390352723649,222.63478813126866,3.750893743763862,24.5,0,2026-01-01 16:50:00
1012,1,4.0802624664653795,58.1367218993652,220.3951992093848,3.7261298453916054,24.5,0,2026-01-01 16:51:00
1013,1,4.128227546493654,58.10730658361129,224.15052174525053,3.668830029286471,24.5,0,2026-01-01 16:52:00
1014,1,4.119773588675862,57.92216168283492,218.62162436382087,3.6942586513570466,24.5,0,2026-01-01 16:53:00
1015,1,4.151015332906398,58.85110559871264,223.4719276063305,3.813550350839271,24.5,0,2026-01-01 16:54:00
1016,1,3.9606281938367407,58.084181733078616,220.3958215669253,3.585446933635093,24.5,0,2026-01-01 16:55:00
1017,1,4.238131403253688,58.56098394901635,218.6971639927711,3.7712470643870293,24.5,0,2026-01-01 16:56:00
1018,1,4.046522175577726,57.838956130006906,219.03222833189136,3.6142778869654997,24.5,0,2026-01-01 16:57:00
1019,1,4.019506686015603,57.43774280001399,219.35930538361137,3.6656340160019085,24.5,0,2026-01-01 16:58:00
1020,1,4.160707728174155,59.26093551713096,220.84833189280383,3.807338291449496,24.5,0,2026-01-01 16:59:00
1021,1,4.092394188526476,58.68225921435044,221.045670976071,3.696445654391489,24.5,0,2026-01-01 17:00:00
1022,1,4.0670789562854575,57.42049480896699,218.85259999212283,3.796090925657386,24.5,0,2026-01-01 17:01:00
1023,1,4.2990616474805705,59.28593615841876,219.95129081547805,3.9226109719900184,24.5,0,2026-01-01 17:02:00
1024,1,4.097640238745998,58.84189267818326,224.28454071722373,3.687006253641605,24.5,0,2026-01-01 17:03:00
1025,1,4.07708315079311,58.36751669503373,223.45508634020143,3.639468871243413,24.5,0,2026-01-01 17:04:00
1026,1,4.07268027918754,59.35084182841115,220.87264733934808,3.6271680156923662,24.5,0,2026-01-01 17:05:00
1027,1,4.152851410812089,58.72441351179484,220.0760069563364,3.7646692000401036,24.5,0,2026-01-01 17:06:00
1028,1,3.8925466009487697,57.23930056256288,220.24006265343652,3.488186061425793,24.5,0,2026-01-01 17:07:00
1029,1,3.860647095898046,58.22652039955125,221.22703594546084,3.5671776964384634,24.5,0,2026-01-01 17:08:00
1030,1,3.938748027210369,58.439082010304084,217.9544148696032,3.626921770090033,24.5,0,2026-01-01 17:09:00
1031,1,3.8573141124397665,57.72905068815849,219.48524692515332,3.51144043339769,24.5,0,2026-01-01 17:10:00
1032,1,3.92445839123285,58.68444202857678,216.66283185224484,3.4810559441132924,24.5,0,2026-01-01 17:11:00
1033,1,4.089326648816357,57.53184929912327,220.79844624521056,3.654743185048656,24.5,0,2026-01-01 17:12:00
1034,1,3.952051199030744,58.854033613641406,221.29439187940548,3.6269664483367876,24.5,0,2026-01-01 17:13:00
1035,1,3.8526854029722863,57.63072261122918,219.03362707540126,3.44606814581295,24.5,0,2026-01-01 17:14:00
1036,1,4.073164060867277,57.870205206277085,223.14797352658007,3.728781457073847,24.5,0,2026-01-01 17:15:00
1037,1,4.044616841974064,58.55509488624908,217.54846867399533,3.6702995485689396,24.5,0,2026-01-01 17:16:00
1038,1,3.774283942624361,58.374481398596686,217.07125023958037,3.405086660116915,24.5,0,2026-01-01 17:17:00
1039,1,4.081505295622437,58.71814507243814,220.44890363711994,3.6439499280635967,24.5,0,2026-01-01 17:18:00
1040,1,4.104668714574743,58.17490744853326,222.0941966052243,3.6948890325569828,24.5,0,2026-01-01 17:19:00
1041,1,4.134837695938384,58.344753913870676,223.36785538291574,3.7359027300542245,24.5,0,2026-01-01 17:20:00
1042,1,4.074494013633055,58.02126685218808,219.08223147426213,3.72329683884407,24.5,0,2026-01-01 17:21:00
1043,1,4.224054750569198,58.76205987715787,222.15736166686258,3.7617769300051336,24.5,0,2026-01-01 17:22:00
1044,1,3.9143531430810157,59.02859760608949,219.92298306099858,3.5135150779670945,24.5,0,2026-01-01 17:23:00
1045,1,3.9478467233549166,58.47177419725444,219.65474540011837,3.5587176188845056,24.5,0,2026-01-01 17:24:00
1046,1,3.922922612313867,58.88167592359077,221.76731987497334,3.5668037392342127,24.5,0,2026-01-01 17:25:00
1047,1,3.9477574666596613,59.31913894016534,221.30464575682683,3.5102616291021134,24.5,0,2026-01-01 17:26:00
1048,1,4.011216991750606,58.39475186177627,216.8472156860315,3.546652115079465,24.5,0,2026-01-01 17:27:00
1049,1,3.818648086650715,58.05483261476993,222.9530806994518,3.4724084463924063,24.5,0,2026-01-01 17:28:00
1050,1,3.8542303454374243,59.560390118003156,222.7601827082949,3.3945076631065496,24.5,0,2026-01-01 17:29:00
1051,1,3.999192993260572,59.56535351156099,218.74887459698095,3.6648205081257714,24.5,0,2026-01-01 17:30:00
1052,1,3.9889702739105877,57.61663350203814,220.79160706687483,3.583212333775703,24.5,0,2026-01-01 17:31:00
1053,1,3.8402734068994318,58.56782880993879,220.98806037256549,3.379424338234644,24.5,0,2026-01-01 17:32:00
1054,1,3.943722812398946,58.57082853406287,220.52134753164782,3.525544317970375,24.5,0,2026-01-01 17:33:00
1055,1,3.850859848007437,58.954531338757,218.89938969230917,3.4845932037606016,24.5,0,2026-01-01 17:34:00
1056,1,3.95068572773414,58.23365598491135,218.6567532641239,3.528486182250321,24.5,0,2026-01-01 17:35:00
1057,1,3.816903354255309,57.88127502441346,219.9488918580171,3.435391925042548,24.5,0,2026-01-01 17:36:00
1058,1,3.942444079246863,58.15855989289119,222.34545803851873,3.583999235817315,24.5,0,2026-01-01 17:37:00
1059,1,4.070961132455134,58.53265731378701,221.08720030918886,3.6521456449119585,24.5,0,2026-01-01 17:38:00
1060,1,3.8174020630602894,58.94397160549195,219.2587713358278,3.3869559870276134,24.5,0,2026-01-01 17:39:00
1061,1,3.7870700537653463,57.6234673750816,221.5433974212967,3.391234950478175,24.5,0,2026-01-01 17:40:00
1062,1,3.7156565075812185,58.0798397642812,214.30291475873986,3.412360874929756,24.5,0,2026-01-01 17:41:00
1063,1,3.728234787329636,57.14849381377405,222.29753140074422,3.4368488926135816,24.5,0,2026-01-01 17:42:00
1064,1,3.8908748014765857,59.36231440260244,216.5205724424438,3.397502683182682,24.5,0,2026-01-01 17:43:00
1065,1,3.702520189648468,59.06404102012114,219.27511811719373,3.383357525236239,24.5,0,2026-01-01 17:44:00
1066,1,3.6162630072118964,57.999014469737105,217.76066021074772,3.2634375968737617,24.5,0,2026-01-01 17:45:00
1067,1,3.5386316188220412,57.88786429070655,217.4106370485582,3.2270225656635905,24.5,0,2026-01-01 17:46:00
1068,1,3.8000957769236723,58.70857791648669,222.32165357475705,3.3879837011263243,24.5,0,2026-01-01 17:47:00
1069,1,3.705092000158425,59.25827158585309,219.0645975973762,3.241372998101703,24.5,0,2026-01-01 17:48:00
1070,1,3.577596115066622,58.32831259295654,220.69300776346142,3.2441078686791553,24.5,0,2026-01-01 17:49:00
1071,1,3.656779242859505,57.861395210574734,219.90615884224164,3.2386611671031806,24.5,0,2026-01-01 17:50:00
1072,1,3.445296821025342,56.87319262135391,220.95408165444624,3.0259634699023588,24.5,0,2026-01-01 17:51:00
1073,1,3.5871725516379938,57.495250502230405,220.1536437821205,3.1566019931020235,24.5,0,2026-01-01 17:52:00
1074,1,3.5524974690168567,58.24253095314853,217.43401555162285,3.2210984088378463,24.5,0,2026-01-01 17:53:00
1075,1,3.737376758748442,58.03662812257103,221.9925336388943,3.3637586077017825,24.5,0,2026-01-01 17:54:00
1076,1,3.419871826973129,58.03109486923711,219.01248683367737,3.1104298986892345,24.5,0,2026-01-01 17:55:00
1077,1,3.3183564223951243,57.46039510366931,216.88683620268048,3.0132937599023033,24.5,0,2026-01-01 17:56:00
1078,1,3.3734336088753345,57.21302550528143,219.14376967806817,3.0079489862313884,24.5,0,2026-01-01 17:57:00
1079,1,3.36901449832191,57.03229640642381,223.0015195812686,3.0212015923378446,24.5,0,2026-01-01 17:58:00
1080,1,3.603365955436973,59.189069071160034,221.70044348422698,3.2092323094441273,24.5,0,2026-01-01 17:59:00
1081,1,3.5672053548791207,58.80562149182487,219.3026957311843,3.1915055800306473,24.5,0,2026-01-01 18:00:00
1082,1,3.4245364154635993,59.04272616909523,219.30148459136313,3.025288274132164,24.5,0,2026-01-01 18:01:00
1083,1,3.4974429330201673,58.486182571936126,219.35672989756523,3.158297690838336,24.5,0,2026-01-01 18:02:00
1084,1,3.4423736916216154,57.66405566118617,224.15349596712167,3.142798808422643,24.5,0,2026-01-01 18:03:00
1085,1,3.347784547822482,58.64728674722373,220.76387090446312,2.963031360392037,24.5,0,2026-01-01 18:04:00
1086,1,3.305666953389391,57.76265697802764,220.86008329438215,3.029838106144944,24.5,0,2026-01-01 18:05:00
1087,1,3.306321063501113,57.896103311473276,222.0605669080637,2.9717409311694447,24.5,0,2026-01-01 18:06:00
1088,1,3.137657853805048,57.466778390349795,220.47757831805302,2.8265314026268293,24.5,0,2026-01-01 18:07:00
1089,1,3.286828914252963,56.0628998249857,219.4819157083586,2.86301752738778,24.5,0,2026-01-01 18:08:00
1090,1,3.2382257449532723,58.70894043349409,219.60730030183004,2.8137428048191797,24.5,0,2026-01-01 18:09:00
1091,1,3.301546576932218,58.17364786398111,219.85679748117187,2.967803058461282,24.5,0,2026-01-01 18:10:00
1092,1,3.2167337446957283,57.92222704655619,219.9255555269803,2.923741160216111,24.5,0,2026-01-01 18:11:00
1093,1,3.1928966091911115,57.611541045365065,221.45525908727396,2.829025910964053,24.5,0,2026-01-01 18:12:00
1094,1,3.0816320494513882,57.580363966611245,220.1038917716146,2.846068995691616,24.5,0,2026-01-01 18:13:00
1095,1,3.176569938717175,57.28790300871266,221.46528015443116,2.884134503167739,24.5,0,2026-01-01 18:14:00
1096,1,3.200474101829061,58.12463988994729,219.83856683978283,2.8231107923868284,24.5,0,2026-01-01 18:15:00
1097,1,2.9943747657644577,56.56925032158134,220.15727038063218,2.6850787622723056,24.5,0,2026-01-01 18:16:00
1098,1,3.0403411119986656,57.686388361739084,216.00359863093578,2.8483050227414206,24.5,0,2026-01-01 18:17:00
1099,1,3.1168508583737955,57.91583974959491,221.83265534940497,2.7306116855456084,24.5,0,2026-01-01 18:18:00
1100,1,2.983983690579705,57.24448225135441,220.692976951796,2.699835274946305,24.5,0,2026-01-01 18:19:00
1101,1,2.9944754743562934,57.58724679592021,221.9960202197193,2.666416119600464,24.5,0,2026-01-01 18:20:00
1102,1,2.9503617581693984,56.90862668969068,214.20748924361263,2.6781152987248427,24.5,0,2026-01-01 18:21:00
1103,1,2.9264030953651594,56.626155740109304,224.17674940956147,2.6844112068520976,24.5,0,2026-01-01 18:22:00
1104,1,2.9979804153750886,57.61942093729385,219.72082074368964,2.6655757514940968,24.5,0,2026-01-01 18:23:00
1105,1,2.884359091821036,57.610589790788445,222.21636563347502,2.6388195902434015,24.5,0,2026-01-01 18:24:00
1106,1,3.004941650073735,56.44537815445746,217.92018814574894,2.801643846206658,24.5,0,2026-01-01 18:25:00
1107,1,3.1600571724382314,58.11378758207956,221.22554781012514,2.83250279863305,24.5,0,2026-01-01 18:26:00
1108,1,2.772006614300314,56.8103230268656,217.89316887365268,2.520764910285149,24.5,0,2026-01-01 18:27:00
1109,1,2.9034368111504465,57.27505748094894,218.7524620786084,2.5693958004482123,24.5,0,2026-01-01 18:28:00
1110,1,2.8207118535457423,56.310479134864075,223.82806270773358,2.5255797518090484,24.5,0,2026-01-01 18:29:00
1111,1,2.9264383839028714,56.93254764943402,219.6186351984733,2.610149351472519,24.5,0,2026-01-01 18:30:00
1112,1,2.6836687384513183,57.53790542470219,220.43486574635943,2.4413257797063657,24.5,0,2026-01-01 18:31:00
1113,1,2.8578160561235206,57.3032535208753,221.74013546137752,2.6172926598071364,24.5,0,2026-01-01 18:32:00
1114,1,2.6909131211297654,56.759486570173024,220.99136377594522,2.401997327276356,24.5,0,2026-01-01 18:33:00
1115,1,2.730512246256535,57.029007227308284,220.30083781028716,2.519345094866662,24.5,0,2026-01-01 18:34:00
1116,1,2.6327541963090515,57.20439282214703,220.72992200493246,2.431478336357357,24.5,0,2026-01-01 18:35:00
1117,1,2.8534017614091685,57.52285436350782,224.80683117047656,2.594430777384529,24.5,0,2026-01-01 18:36:00
1118,1,2.604012407640541,56.85895044611672,219.88476240593283,2.302999548401554,24.5,0,2026-01-01 18:37:00
1119,1,2.731973311296755,57.81507962705722,220.40219809342994,2.412402159635584,24.5,0,2026-01-01 18:38:00
1120,1,2.64250274983883,57.54020630241665,222.10130879201523,2.3221316044416653,24.5,0,2026-01-01 18:39:00
1121,1,2.6484416577222576,57.230017376875594,222.21105186591598,2.4152823589232186,24.5,0,2026-01-01 18:40:00
1122,1,2.658518755582172,57.04566522676036,222.37406061112077,2.316007345051851,24.5,0,2026-01-01 18:41:00
1123,1,2.534396519810468,57.204165690172644,221.27746044405836,2.2992514102542687,24.5,0,2026-01-01 18:42:00
1124,1,2.572988324531415,57.17190996836166,217.71399017453902,2.2456199626468165,24.5,0,2026-01-01 18:43:00
1125,1,2.7559476614440213,57.86332265118078,223.2668630646022,2.5041311080942457,24.5,0,2026-01-01 18:44:00
1126,1,2.4385556027327917,57.28476884395542,217.70730921396262,2.179947796515158,24.5,0,2026-01-01 18:45:00
1127,1,2.6512649035953006,56.50432566935458,220.60527093047807,2.435608307944655,24.5,0,2026-01-01 18:46:00
1128,1,2.641402004173677,56.50962623242756,218.4914482999613,2.4169505297319125,24.5,0,2026-01-01 18:47:00
1129,1,2.4068722242593523,56.258689862596256,219.871723306814,2.221882769412288,24.5,0,2026-01-01 18:48:00
1130,1,2.33363119552627,57.11885977633662,220.65752482060697,2.157533617512114,24.5,0,2026-01-01 18:49:00
1131,1,2.495037523190932,55.92075547175248,220.64271443090055,2.235625952551619,24.5,0,2026-01-01 18:50:00
1132,1,2.394476739139008,56.91594035043155,220.84384150847058,2.0804749747179856,24.5,0,2026-01-01 18:51:00
1133,1,2.6519212239018213,57.36270320909357,223.22742253811728,2.3154653732835198,24.5,0,2026-01-01 18:52:00
1134,1,2.4219409546028206,57.45937974420402,220.90706860302797,2.0581668857833995,24.5,0,2026-01-01 18:53:00
1135,1,2.3064079756014317,56.686461475675024,219.5116867294187,2.0049626910871083,24.5,0,2026-01-01 18:54:00
1136,1,2.2809511486381724,55.68771785211482,221.92817433657672,2.0396558450834417,24.5,0,2026-01-01 18:55:00
1137,1,2.499026728951443,56.35034140236635,222.37894097784928,2.2026858608267106,24.5,0,2026-01-01 18:56:00
1138,1,2.2636807410482818,55.869970070136176,217.54478436972602,2.0113863976023674,24.5,0,2026-01-01 18:57:00
1139,1,2.3494723963818727,56.365378969512946,221.1948001396997,2.1213905177879666,24.5,0,2026-01-01 18:58:00
1140,1,2.430060134991844,56.74733083894081,221.4023454846218,2.1532540607062995,24.5,0,2026-01-01 18:59:00
1141,1,2.248716806613176,55.8568939017927,219.40487299328,1.9503440212064604,24.5,0,2026-01-01 19:00:00
1142,1,2.3139319592690923,57.51389995060559,222.75141362662325,2.061756064553019,24.5,0,2026-01-01 19:01:00
1143,1,2.271692002048256,55.830473755811006,219.69988882593495,1.9816053912869247,24.5,0,2026-01-01 19:02:00
1144,1,2.33506426492219,57.562151354034384,220.25115290694308,2.0693153928714265,24.5,0,2026-01-01 19:03:00
1145,1,2.3064841436470838,57.436550069725016,219.65385635143227,2.1242946485923264,24.5,0,2026-01-01 19:04:00
1146,1,2.215774395594359,57.09236221161162,220.03115809516294,1.9625287936274465,24.5,0,2026-01-01 19:05:00
1147,1,2.209653941957178,56.18460433773467,217.8074498262096,2.058946593153599,24.5,0,2026-01-01 19:06:00
1148,1,2.1473909367906066,56.71062100186523,217.11989823481142,1.9862676977516913,24.5,0,2026-01-01 19:07:00
1149,1,2.0820885933599658,55.509583077696256,223.18901012644994,1.8273092330834066,24.5,0,2026-01-01 19:08:00
1150,1,2.199581828091693,57.16227396098211,218.30607730336334,1.9052726570735645,24.5,0,2026-01-01 19:09:00
1151,1,2.349744711444286,56.89160667489451,218.0172153010874,2.0918551745095537,24.5,0,2026-01-01 19:10:00
1152,1,2.0388695940470876,56.12924981168462,215.69321977279256,1.87486398729828,24.5,0,2026-01-01 19:11:00
1153,1,2.0684308404683946,55.65744483843307,218.722076504621,1.8188509679225298,24.5,0,2026-01-01 19:12:00
1154,1,2.0359276481970006,54.881053840422695,217.353820413185,1.8596171465225555,24.5,0,2026-01-01 19:13:00
1155,1,2.2456288106775393,56.05960358043014,223.28403032027273,2.061298982191929,24.5,0,2026-01-01 19:14:00
1156,1,2.1954281459907805,57.292001272567674,222.01963417868527,1.9172508176133634,24.5,0,2026-01-01 19:15:00
1157,1,2.0920175174355324,56.25874932026905,218.62369930964456,1.829832516523647,24.5,0,2026-01-01 19:16:00
1158,1,2.061214719729313,56.24521055384639,224.5048716106886,1.871644460216681,24.5,0,2026-01-01 19:17:00
1159,1,2.132870811611367,56.941204229350554,221.96353097398318,1.9072408814267239,24.5,0,2026-01-01 19:18:00
1160,1,1.9328588059502367,57.29959395001493,219.35033723298275,1.6870319253976238,24.5,0,2026-01-01 19:19:00
1161,1,2.0562736488333173,57.3532682759498,215.00118857025285,1.8134517141995778,24.5,0,2026-01-01 19:20:00
1162,1,2.2159992089585345,56.12169530853095,224.58188514518147,1.9695690934150933,24.5,0,2026-01-01 19:21:00
1163,1,1.9247479493368025,55.11697418571016,217.2208550664728,1.6353548849337953,24.5,0,2026-01-01 19:22:00
1164,1,1.8860518156219699,57.644745050451135,216.70920250608623,1.7172607978363637,24.5,0,2026-01-01 19:23:00
1165,1,2.2444694104576963,58.216250272629246,222.0451408640193,1.9739104921251547,24.5,0,2026-01-01 19:24:00
1166,1,2.040895082995142,56.533943921484514,224.87950481267853,1.677272237447486,24.5,0,2026-01-01 19:25:00
1167,1,2.1957218217708587,56.013148962367495,222.76854563702105,1.9528695414694222,24.5,0,2026-01-01 19:26:00
1168,1,2.043661902676964,57.10119404999876,221.12781824010472,1.7814782907381457,24.5,0,2026-01-01 19:27:00
1169,1,2.0391417577442463,56.46346216080297,221.18950868333056,1.8987942584107425,24.5,0,2026-01-01 19:28:00
1170,1,2.1012484653413184,56.587906591472276,221.70683111756063,1.8401542041776815,24.5,0,2026-01-01 19:29:00
1171,1,1.9612191937305918,56.93604441827249,221.51785717957353,1.6897893871116878,24.5,0,2026-01-01 19:30:00
1172,1,2.0528208887893498,56.81223882503269,220.56238284793875,1.8513730936054629,24.5,0,2026-01-01 19:31:00
1173,1,1.994796302111373,55.807065310869284,220.20840220790376,1.7411640125727375,24.5,0,2026-01-01 19:32:00
1174,1,1.8945415869711904,56.1464399156219,219.87481374420096,1.645877802529633,24.5,0,2026-01-01 19:33:00
1175,1,2.0474187402627053,57.080899382369196,218.49207082226664,1.846100069014836,24.5,0,2026-01-01 19:34:00
1176,1,1.99419285523039,56.88232571610864,219.43864984626646,1.721094290426181,24.5,0,2026-01-01 19:35:00
1177,1,1.9780796651648398,56.767564095788664,216.61408637160923,1.6857512125670202,24.5,0,2026-01-01 19:36:00
1178,1,1.9000752008411335,56.973503143396925,219.8033207464105,1.7753958835564752,24.5,0,2026-01-01 19:37:00
1179,1,2.165414152950017,56.7712536635045,218.02281778569815,1.9537548643750042,24.5,0,2026-01-01 19:38:00
1180,1,2.091690592300385,56.96787068011972,217.79282136556847,1.8458526054307274,24.5,0,2026-01-01 19:39:00
1181,1,2.1257760923931506,54.868931732454584,220.35978830230695,1.8889949615672224,24.5,0,2026-01-01 19:40:00
1182,1,2.0200371887514934,56.38749039109513,222.78400457268918,1.8203127827521073,24.5,0,2026-01-01 19:41:00
1183,1,1.8675498282519842,56.84859467289572,221.8366332120046,1.7080191292687008,24.5,0,2026-01-01 19:42:00
1184,1,2.1947081232197725,56.91095389725311,216.85899879275365,1.912044640407676,24.5,0,2026-01-01 19:43:00
1185,1,2.006643968023988,56.481964890389904,218.02074372685934,1.8008907236994864,24.5,0,2026-01-01 19:44:00
1186,1,1.9745945587418972,56.01939722793679,221.88154237597644,1.7286019931780248,24.5,0,2026-01-01 19:45:00
1187,1,2.06022744438297,57.50030930192826,218.0350252129234,1.8203687149864047,24.5,0,2026-01-01 19:46:00
1188,1,2.153705193315735,57.399122068193144,219.55073370000596,1.920684623473866,24.5,0,2026-01-01 19:47:00
1189,1,2.0516589746446194,57.34973641479557,221.1001041980491,1.8215092457405677,24.5,0,2026-01-01 19:48:00
1190,1,2.1581883776359727,56.1023465793307,218.06331109027272,1.9530264373224422,24.5,0,2026-01-01 19:49:00
1191,1,2.164210808059641,57.02673307025626,220.21075101229192,1.9457575658444526,24.5,0,2026-01-01 19:50:00
1192,1,1.9249480138734938,56.54788086481889,217.33194901016358,1.633404512467858,24.5,0,2026-01-01 19:51:00
1193,1,1.9837773580083713,56.653716745029186,218.7972647120976,1.6929696456807208,24.5,0,2026-01-01 19:52:00
1194,1,2.1718178164957136,56.80507202695817,220.63956386828508,1.9090926047992998,24.5,0,2026-01-01 19:53:00
1195,1,1.7741693935774128,56.260124077176876,216.81401253293666,1.665922768035135,24.5,0,2026-01-01 19:54:00
1196,1,2.0744263125548,57.51809276748188,220.8809494759208,1.7981916550088417,24.5,0,2026-01-01 19:55:00
1197,1,1.9430337851843102,55.63296256366954,219.96072440214664,1.7135947022642408,24.5,0,2026-01-01 19:56:00
1198,1,2.057518381683343,58.06729753522547,221.1049799088343,1.7985853389455266,24.5,0,2026-01-01 19:57:00
1199,1,2.0771004967713487,57.35690739323754,220.4478282681293,1.8148891419203197,24.5,0,2026-01-01 19:58:00
1200,1,2.1006302332867715,57.06019145310763,222.7282808599477,1.8721901895873794,24.5,0,2026-01-01 19:59:00
1201,1,2.066015145579289,57.622491513387985,220.25044900529582,1.902429918991227,24.5,0,2026-01-01 20:00:00
1202,1,2.009416978562646,56.130641947402594,219.1411889177495,1.804813193779933,24.5,0,2026-01-01 20:01:00
1203,1,2.3720296471176767,57.313778990618054,220.24459500606457,2.063204304215421,24.5,0,2026-01-01 20:02:00
1204,1,2.347468994570396,57.58882046706944,221.0865960580728,2.2190551895982207,24.5,0,2026-01-01 20:03:00
1205,1,2.040095383312822,57.90935521644915,220.0977201406514,1.812607333178081,24.5,0,2026-01-01 20:04:00
1206,1,2.32795746379969,57.64611139636492,220.08118338240777,2.0348199041539776,24.5,0,2026-01-01 20:05:00
1207,1,2.123469566564746,57.58356647863924,218.5960166243865,1.9528237038688268,24.5,0,2026-01-01 20:06:00
1208,1,2.1882294922354633,57.102036257039686,218.67419816489812,1.9159738515553346,24.5,0,2026-01-01 20:07:00
1209,1,2.165281259501577,57.746585994450705,217.1947894564006,2.0020421516562132,24.5,0,2026-01-01 20:08:00
1210,1,2.1785543218265624,58.37938008144212,223.49915348637387,1.8869340093707105,24.5,0,2026-01-01 20:09:00
1211,1,2.2964066513802157,58.33757503033778,217.51227352921742,2.106195797603897,24.5,0,2026-01-01 20:10:00
1212,1,2.233901474655807,57.55893733592604,218.61418960440818,1.989167030783073,24.5,0,2026-01-01 20:11:00
1213,1,2.1852675273543367,57.93239584751129,218.5631854688616,2.0003866461404542,24.5,0,2026-01-01 20:12:00
1214,1,2.146007066227893,57.748404923701415,221.7898487538889,1.9959530786538318,24.5,0,2026-01-01 20:13:00
1215,1,2.1775897967021467,57.82906011038829,219.41010064341594,1.8720165323439113,24.5,0,2026-01-01 20:14:00
1216,1,2.1452978215441516,58.084338823240046,222.49548414534746,1.9636451485662318,24.5,0,2026-01-01 20:15:00
1217,1,2.288251950040722,58.45278228470109,218.65301875151226,1.9558076241293558,24.5,0,2026-01-01 20:16:00
1218,1,2.199634923082214,57.514811719259654,220.5579883244476,1.895228234308161,24.5,0,2026-01-01 20:17:00
1219,1,2.285161038489474,58.205814178358075,218.3293058934805,1.9829406737649302,24.5,0,2026-01-01 20:18:00
1220,1,2.531226816736998,57.96187957198163,224.2902982555468,2.2659171812853893,24.5,0,2026-01-01 20:19:00
1221,1,2.4536527642727037,57.64819683603892,217.62480316194097,2.173497535014688,24.5,0,2026-01-01 20:20:00
1222,1,2.3776544720142985,57.8390280423085,220.61964142045406,2.096009725383147,24.5,0,2026-01-01 20:21:00
1223,1,2.394591952961798,57.98951826427931,221.2675537618642,2.1264570529012516,24.5,0,2026-01-01 20:22:00
1224,1,2.6053977110522744,57.477761745058736,220.827598194903,2.3350362674100835,24.5,0,2026-01-01 20:23:00
1225,1,2.4698783809205187,58.76561800574463,219.62942468224458,2.2187469168144545,24.5,0,2026-01-01 20:24:00
1226,1,2.401534554427767,56.466328394733004,219.74035860053314,2.1793601430088194,24.5,0,2026-01-01 20:25:00
1227,1,2.310593384022103,59.583462245038916,220.08762294395822,2.134992942065633,24.5,0,2026-01-01 20:26:00
1228,1,2.507164587981704,59.2676286675654,219.705995996743,2.2165916207265144,24.5,0,2026-01-01 20:27:00
1229,1,2.5940191962161525,58.34538379703703,221.92775823358983,2.2682012723546623,24.5,0,2026-01-01 20:28:00
1230,1,2.4898029510282336,58.26428105766628,224.4210460031827,2.232539258226457,24.5,0,2026-01-01 20:29:00
1231,1,2.5385472036125245,58.674230494398735,218.88501642998432,2.18753230703671,24.5,0,2026-01-01 20:30:00
1232,1,2.4715856139211234,58.05765350415897,217.26039404084185,2.1513795982855193,24.5,0,2026-01-01 20:31:00
1233,1,2.536619179989925,58.61267942252429,219.82343590329748,2.2925606507640457,24.5,0,2026-01-01 20:32:00
1234,1,2.377928978673489,58.00037845517521,225.15941867530864,2.095879049006816,24.5,0,2026-01-01 20:33:00
1235,1,2.5520911588029085,58.53421563244035,218.39265086406053,2.195409344277787,24.5,0,2026-01-01 20:34:00
1236,1,2.7500844368902038,58.989028666423536,223.27823361088812,2.3560939873038382,24.5,0,2026-01-01 20:35:00
1237,1,2.605305461303076,57.823359079609254,223.3554016281529,2.304830931698604,24.5,0,2026-01-01 20:36:00
1238,1,2.640644051566967,58.82380236653531,218.892823516584,2.3904864614478667,24.5,0,2026-01-01 20:37:00
1239,1,2.6043598786995314,58.788538921412105,221.13796615837055,2.357526477942469,24.5,0,2026-01-01 20:38:00
1240,1,2.7631676257959232,59.04345500534306,223.25679324625708,2.446714707615414,24.5,0,2026-01-01 20:39:00
1241,1,2.6742839971196815,58.77392665502163,219.24174451802503,2.4628540428056778,24.5,0,2026-01-01 20:40:00
1242,1,2.624722028209726,59.4945302551461,219.59283927979527,2.3131536582843175,24.5,0,2026-01-01 20:41:00
1243,1,2.863590171525403,59.10716293445184,218.8366381721027,2.522203571929018,24.5,0,2026-01-01 20:42:00
1244,1,2.831043385439427,59.42843725143015,217.97048653861427,2.371764706406733,24.5,0,2026-01-01 20:43:00
1245,1,2.7056586530472666,59.81727909367648,218.70144490986797,2.36680030441416,24.5,0,2026-01-01 20:44:00
1246,1,2.8212185774631253,59.26564056601657,217.5521194664755,2.5335625774652715,24.5,0,2026-01-01 20:45:00
1247,1,2.8776036420220343,59.50388012164251,220.06816693651845,2.6186903614991563,24.5,0,2026-01-01 20:46:00
1248,1,2.8868028458189428,59.392529304729315,218.46005353788271,2.5068472311484107,24.5,0,2026-01-01 20:47:00
1249,1,2.6963136723094494,59.77980385032954,220.4675718235815,2.4030770259600214,24.5,0,2026-01-01 20:48:00
1250,1,2.9416890730859295,59.47739054067467,216.88820870759275,2.648635063111574,24.5,0,2026-01-01 20:49:00
1251,1,2.852962474591137,60.141369453592226,220.6617604644289,2.518290954676556,24.5,0,2026-01-01 20:50:00
1252,1,2.907803514805289,59.40627658458323,221.66705792321784,2.4517069723346023,24.5,0,2026-01-01 20:51:00
1253,1,3.151067043687606,59.60668383173499,216.0125287148571,2.792615300100675,24.5,0,2026-01-01 20:52:00
1254,1,3.0031781048473656,60.117644385336796,220.74811313969514,2.687571937279455,24.5,0,2026-01-01 20:53:00
1255,1,2.9764067007453376,59.44450124274088,222.4553379849466,2.5782480917167367,24.5,0,2026-01-01 20:54:00
1256,1,2.7491284209773874,59.69077090624663,217.5807179626176,2.412176844329572,24.5,0,2026-01-01 20:55:00
1257,1,3.2118558237946018,58.45482842785847,223.3451447736754,2.7749778523504456,24.5,0,2026-01-01 20:56:00
1258,1,2.918284925186636,59.60359863805125,220.83803801873208,2.4450678965426356,24.5,0,2026-01-01 20:57:00
1259,1,2.943050176121529,59.44805983140172,218.58997628848317,2.646505929928884,24.5,0,2026-01-01 20:58:00
1260,1,3.048728759577829,59.27525669231012,219.8884618446846,2.687885905462606,24.5,0,2026-01-01 20:59:00
1261,1,3.263838042153961,59.98575390228713,221.11665382504344,2.9573318252946983,24.5,0,2026-01-01 21:00:00
1262,1,3.2046585001525676,59.89972227214717,220.15201078282482,2.867858108875128,24.5,0,2026-01-01 21:01:00
1263,1,3.1436867611674355,60.08374748270923,221.07751198489274,2.7532561854406765,24.5,0,2026-01-01 21:02:00
1264,1,3.1688909841670476,59.44009365801253,218.15865281384126,2.788744309778505,24.5,0,2026-01-01 21:03:00
1265,1,3.128538250014099,60.32314138304099,220.33872164807215,2.7853715937966124,24.5,0,2026-01-01 21:04:00
1266,1,3.1772452930502983,61.155619616110855,217.17257100619003,2.8480505898325212,24.5,0,2026-01-01 21:05:00
1267,1,3.228554120729354,60.54555702825016,219.7775478773026,2.860767485506961,24.5,0,2026-01-01 21:06:00
1268,1,3.314822248659755,61.09570337178293,218.19218471707043,2.9756312043948063,24.5,0,2026-01-01 21:07:00
1269,1,3.3394100131032833,61.32078835334526,218.52894011482047,2.926885693310019,24.5,0,2026-01-01 21:08:00
1270,1,3.371135700519636,61.36518322872644,222.47218635042088,2.919512471121257,24.5,0,2026-01-01 21:09:00
1271,1,3.2989958340539363,61.6277907469525,222.18262024118854,2.9022962541309876,24.5,0,2026-01-01 21:10:00
1272,1,3.4166124017506334,60.4804920367007,221.21827624181435,3.0190839354579206,24.5,0,2026-01-01 21:11:00
1273,1,3.2996743000544635,60.23540977451474,217.81537447065483,2.845476326190335,24.5,0,2026-01-01 21:12:00
1274,1,3.2424624880565225,60.991593506689625,219.3671831006104,2.788053195884311,24.5,0,2026-01-01 21:13:00
1275,1,3.37642218498619,61.134945147210324,222.42619539995837,2.9949087724271677,24.5,0,2026-01-01 21:14:00
1276,1,3.4123117311409574,61.325427284570615,220.28343382727982,2.983517707128737,24.5,0,2026-01-01 21:15:00
1277,1,3.5843112239218975,62.21091583446524,224.6386590799634,3.1466380166546752,24.5,0,2026-01-01 21:16:00
1278,1,3.430496307288004,60.91730390195612,220.78663567878874,3.001254770794568,24.5,0,2026-01-01 21:17:00
1279,1,3.3387982292536638,61.012609306100465,220.38409823298005,3.0142705387169832,24.5,0,2026-01-01 21:18:00
1280,1,3.4696500638822196,60.47310652878708,219.381767071595,3.1161766847736914,24.5,0,2026-01-01 21:19:00
1281,1,3.507580701222365,62.40476507094767,220.26708180956456,3.0242890480910782,24.5,0,2026-01-01 21:20:00
1282,1,3.523739682557913,60.98665146667501,219.6950603272389,3.073424584345294,24.5,0,2026-01-01 21:21:00
1283,1,3.6440111580618413,61.20061079311132,221.4162173533772,3.2480545694734015,24.5,0,2026-01-01 21:22:00
1284,1,3.6800498256593075,61.24706729996229,221.91340463358918,3.267029860790926,24.5,0,2026-01-01 21:23:00
1285,1,3.4774320213852343,60.794916917001615,218.4280210789841,3.0563338092569863,24.5,0,2026-01-01 21:24:00
1286,1,3.4748481425981312,60.78875344109456,217.33753409288445,2.9989485736970267,24.5,0,2026-01-01 21:25:00
1287,1,3.433179807555207,60.87589996202013,216.3275892537934,2.9847559792843414,24.5,0,2026-01-01 21:26:00
1288,1,3.701199985797018,60.76652251296817,221.0159826538251,3.2283961743558547,24.5,0,2026-01-01 21:27:00
1289,1,3.738709787311358,61.31242838749196,217.79326678765224,3.300735595775612,24.5,0,2026-01-01 21:28:00
1290,1,3.5436124948244525,62.64736525511285,215.69421881409502,3.2002409745545166,24.5,0,2026-01-01 21:29:00
1291,1,3.650679016802427,61.98077701747991,220.77715720906193,3.1745078005934735,24.5,0,2026-01-01 21:30:00
1292,1,3.9131938287582124,62.482740280554864,224.98599903486559,3.387949792881991,24.5,0,2026-01-01 21:31:00
1293,1,3.7445052946984174,62.48694180554236,219.9878581769202,3.285235145334591,24.5,0,2026-01-01 21:32:00
1294,1,3.781556780015797,62.91237675667914,221.67698154890329,3.374479890464406,24.5,0,2026-01-01 21:33:00
1295,1,3.605945771055078,60.46822411787031,220.16365871709513,3.095920746135793,24.5,0,2026-01-01 21:34:00
1296,1,3.8037592803351896,61.21114508118844,219.80222069361773,3.4144158013275008,24.5,0,2026-01-01 21:35:00
1297,1,3.689464599165046,61.188780945215065,221.83815296597552,3.232396578977753,24.5,0,2026-01-01 21:36:00
1298,1,3.6426623650956884,61.39114685004945,219.4194509116227,3.162848904566522,24.5,0,2026-01-01 21:37:00
1299,1,3.7549237538201163,61.692461274459625,220.5347846281438,3.21783142957278,24.5,0,2026-01-01 21:38:00
1300,1,3.746103446058718,61.598591763563505,220.64339561239203,3.325091318490665,24.5,0,2026-01-01 21:39:00
1301,1,3.7622931572479503,62.112382309961426,218.6638190927139,3.2950938714010416,24.5,0,2026-01-01 21:40:00
1302,1,3.7079618599130093,61.798667843097924,221.98408469907304,3.264154063197503,24.5,0,2026-01-01 21:41:00
1303,1,3.9240530694508053,61.86369910024027,219.65008048660917,3.39996341421906,24.5,0,2026-01-01 21:42:00
1304,1,3.9324949593102505,61.065164255584115,218.4885096810143,3.4361152777933777,24.5,0,2026-01-01 21:43:00
1305,1,3.6783422101465995,61.198446130465,221.0730196871408,3.2043147099393843,24.5,0,2026-01-01 21:44:00
1306,1,3.9358208336902907,62.08781437062193,218.2030640364179,3.4492690545022904,24.5,0,2026-01-01 21:45:00
1307,1,3.7994806312347165,61.94868412193766,220.05636231473827,3.300827782305385,24.5,0,2026-01-01 21:46:00
1308,1,3.9779112897057947,61.789336057556845,219.9817620067116,3.4138324456358022,24.5,0,2026-01-01 21:47:00
1309,1,3.9336811922446158,62.02359588904808,222.17179113166316,3.5878102559201865,24.5,0,2026-01-01 21:48:00
1310,1,3.9322572699744875,61.694274704132965,220.94939646575992,3.38162072017802,24.5,0,2026-01-01 21:49:00
1311,1,3.9027716185377836,62.28925101880854,219.9499460825097,3.4326535835173724,24.5,0,2026-01-01 21:50:00
1312,1,4.084790771112515,62.034282657157235,221.63553259840057,3.4942913704759424,24.5,0,2026-01-01 21:51:00
1313,1,3.8639883916771827,61.711692409670995,222.78041509803464,3.28902908131621,24.5,0,2026-01-01 21:52:00
1314,1,4.031934325466969,61.837836030551955,221.11562061270374,3.5407148738768437,24.5,0,2026-01-01 21:53:00
1315,1,4.070418106731455,62.661447125144136,220.02070523968675,3.577933520184782,24.5,0,2026-01-01 21:54:00
1316,1,3.991036677934818,62.18775464346068,217.37632753529968,3.5623331950681694,24.5,0,2026-01-01 21:55:00
1317,1,4.168972133366261,63.60370369441861,217.86977267384924,3.674880198652547,24.5,0,2026-01-01 21:56:00
1318,1,3.917430890102737,62.76201036863239,219.38955059129066,3.4265448045360216,24.5,0,2026-01-01 21:57:00
1319,1,4.063107909895034,62.8026879234821,218.78097559568144,3.5139002214929187,24.5,0,2026-01-01 21:58:00
1320,1,3.9779846635858336,62.18152394298723,219.62605739402912,3.5613702664437588,24.5,0,2026-01-01 21:59:00
1321,1,4.128682384699513,63.183563587445704,220.1132998497942,3.664576191676762,24.5,0,2026-01-01 22:00:00
1322,1,4.026108908071054,63.14802634134557,221.05938550871346,3.4655750061214485,24.5,0,2026-01-01 22:01:00
1323,1,3.9712603563085587,62.76898688388324,219.85900244388182,3.481380472725692,24.5,0,2026-01-01 22:02:00
1324,1,4.16866716924409,64.0094175791918,220.9730032876524,3.6592807590222187,24.5,0,2026-01-01 22:03:00
1325,1,3.9754034515444263,62.987708693450344,220.12894882962024,3.465133088799071,24.5,0,2026-01-01 22:04:00
1326,1,3.81438760771268,63.09933446496854,216.04906686729225,3.379625821704217,24.5,0,2026-01-01 22:05:00
1327,1,3.944722014918586,62.833178294694626,218.1213292123625,3.496434741934614,24.5,0,2026-01-01 22:06:00
1328,1,4.091776740126056,63.40752028192929,219.71182488855678,3.5737582393184018,24.5,0,2026-01-01 22:07:00
1329,1,4.132515533071749,62.699771330325156,217.58061051431778,3.6045532764923496,24.5,0,2026-01-01 22:08:00
1330,1,4.073630426141067,62.66694472915695,221.19985745999242,3.6416258093278833,24.5,0,2026-01-01 22:09:00
1331,1,4.234094672600972,63.41254709329191,223.0615016646874,3.753444027163979,24.5,0,2026-01-01 22:10:00
1332,1,3.950312084970463,62.89165023882935,222.43752370339465,3.46163253408037,24.5,0,2026-01-01 22:11:00
1333,1,3.9933359991010144,63.19187873778721,219.57311425813958,3.413866680982448,24.5,0,2026-01-01 22:12:00
1334,1,4.072287171276638,63.59562549259338,222.98145227369992,3.5812758856467677,24.5,0,2026-01-01 22:13:00
1335,1,4.041581181332057,62.131551420474096,220.29733491440422,3.571752392152678,24.5,0,2026-01-01 22:14:00
1336,1,4.044073196254229,62.457134834797905,219.3258280577639,3.4009490518586394,24.5,0,2026-01-01 22:15:00
1337,1,4.0948207044478435,63.3156547701651,218.77319467291812,3.5953157792011523,24.5,0,2026-01-01 22:16:00
1338,1,3.9913076330173465,62.530091090719054,219.39506062702375,3.4709707857726375,24.5,0,2026-01-01 22:17:00
1339,1,4.046128133584225,65.12127952138621,219.22364636291755,3.528368563210254,24.5,0,2026-01-01 22:18:00
1340,1,4.046736334358751,63.37956353593412,220.340832444751,3.4942202856972897,24.5,0,2026-01-01 22:19:00
1341,1,3.955360734755053,62.858525719686796,220.32114796209973,3.45190973601873,24.5,0,2026-01-01 22:20:00
1342,1,4.029753138581913,62.7694369211412,220.00609204030684,3.5936292160324528,24.5,0,2026-01-01 22:21:00
1343,1,4.040037742980923,62.79457760565379,220.8738763394927,3.510350340981517,24.5,0,2026-01-01 22:22:00
1344,1,4.062433114069028,63.10563768774455,222.3812925495727,3.600176588395487,24.5,0,2026-01-01 22:23:00
1345,1,4.070334245786242,63.20248277583111,221.89910827088264,3.5181336652309234,24.5,0,2026-01-01 22:24:00
1346,1,3.981705740153382,62.87764171679687,217.0302040631002,3.5185573452272534,24.5,0,2026-01-01 22:25:00
1347,1,3.8882147748490783,62.89297629786027,214.8921577301961,3.398637059485834,24.5,0,2026-01-01 22:26:00
1348,1,4.183875356000582,64.21045925500344,221.86863982247854,3.6742165325527116,24.5,0,2026-01-01 22:27:00
1349,1,3.8481302610555224,63.75139358399224,217.26624260316916,3.3632028039131163,24.5,0,2026-01-01 22:28:00
1350,1,3.9285654363093396,63.16608045878421,219.55046919621464,3.46487465560918,24.5,0,2026-01-01 22:29:00
1351,1,4.239601571909714,62.91398874531168,217.6597739478813,3.5758280966984315,24.5,0,2026-01-01 22:30:00
1352,1,3.8289328166099508,63.281188168846626,216.39603912483997,3.2740737377574924,24.5,0,2026-01-01 22:31:00
1353,1,3.873227805565294,63.82967551646153,221.08292545640958,3.404278035740199,24.5,0,2026-01-01 22:32:00
1354,1,4.086722683899067,64.13803831956686,221.51831032060528,3.4673866881560507,24.5,0,2026-01-01 22:33:00
1355,1,3.747183622894166,63.19517348853878,218.84697919854656,3.2461356098579497,24.5,0,2026-01-01 22:34:00
1356,1,3.8527517856017983,63.976264625023184,214.8179154157102,3.3618108122497095,24.5,0,2026-01-01 22:35:00
1357,1,4.15790686770393,63.63024694693164,218.90751110349504,3.5892433388939837,24.5,0,2026-01-01 22:36:00
1358,1,3.8103038808602476,63.2353801643089,220.7836080108051,3.2922154881941115,24.5,0,2026-01-01 22:37:00
1359,1,3.6934797101983112,62.360376520246604,217.04217686245175,3.238050493092334,24.5,0,2026-01-01 22:38:00
1360,1,3.789876139677381,63.037768910874696,220.3667198395583,3.358761027438216,24.5,0,2026-01-01 22:39:00
1361,1,4.016179275271345,64.13593858335317,219.969380301654,3.4575700221117374,24.5,0,2026-01-01 22:40:00
1362,1,4.051056007425644,63.02544427113276,221.15858299920217,3.506827904311366,24.5,0,2026-01-01 22:41:00
1363,1,3.8581519946354343,62.5296603736784,220.2391607368283,3.3303230503108368,24.5,0,2026-01-01 22:42:00
1364,1,3.9293896171215907,63.338393656936006,218.05386211823688,3.307641022577954,24.5,0,2026-01-01 22:43:00
1365,1,4.068935947179546,63.27884589747654,222.393143003329,3.557206020860007,24.5,0,2026-01-01 22:44:00
1366,1,4.048292562207181,63.87661371671898,219.68294085394606,3.578491904820989,24.5,0,2026-01-01 22:45:00
1367,1,3.8358384390900166,62.800634836110085,219.94539092098015,3.396907233884443,24.5,0,2026-01-01 22:46:00
1368,1,3.5862577695780047,63.68417611918007,218.13346408185362,3.0845099532184452,24.5,0,2026-01-01 22:47:00
1369,1,3.739458758009959,62.166330994299834,219.113435497617,3.198764000965683,24.5,0,2026-01-01 22:48:00
1370,1,3.7515363798361996,63.76146451065801,218.2303945719462,3.272635442007423,24.5,0,2026-01-01 22:49:00
1371,1,3.780164469542238,62.573535408970514,219.65410788015316,3.3376545516516343,24.5,0,2026-01-01 22:50:00
1372,1,3.838995064296573,61.958105739050794,223.4234169602847,3.35489718454771,24.5,0,2026-01-01 22:51:00
1373,1,3.8503442831899983,63.428202541336255,217.2561977141373,3.371179397121521,24.5,0,2026-01-01 22:52:00
1374,1,3.8437456632117315,63.15165802995239,216.77287720424653,3.4077179828076654,24.5,0,2026-01-01 22:53:00
1375,1,3.7906119710253234,62.3366935975179,222.94234065498722,3.2670220936702847,24.5,0,2026-01-01 22:54:00
1376,1,3.8474621232692767,62.234350903491396,219.58135264569626,3.3421968964085225,24.5,0,2026-01-01 22:55:00
1377,1,3.742314522040321,63.07612260515989,218.66185452268016,3.3429597907811854,24.5,0,2026-01-01 22:56:00
1378,1,3.7558359230183593,63.59358905016921,222.07980937479215,3.2628448611673635,24.5,0,2026-01-01 22:57:00
1379,1,3.769847769720769,63.51250950790277,218.78876892052628,3.2211994595608733,24.5,0,2026-01-01 22:58:00
1380,1,3.7521327443816657,63.01322176562379,223.65201942709388,3.2353369842103494,24.5,0,2026-01-01 22:59:00
1381,1,3.900008535177965,63.64762505018298,221.35585174267854,3.350383340229911,24.5,0,2026-01-01 23:00:00
1382,1,3.4908145090228393,62.6282509771488,219.0241771837086,3.0583980120306293,24.5,0,2026-01-01 23:01:00
1383,1,3.6538990312174495,61.95441349495341,224.31461642653102,3.1374727980060384,24.5,0,2026-01-01 23:02:00
1384,1,3.5866682450023664,62.019988483636105,218.78857015399333,3.13695656656737,24.5,0,2026-01-01 23:03:00
1385,1,3.6717539224222198,62.84590339234185,221.4841907440186,3.1603776491348627,24.5,0,2026-01-01 23:04:00
1386,1,3.724218090717475,63.018751464065474,220.59858516081297,3.136370904379426,24.5,0,2026-01-01 23:05:00
1387,1,3.608427181027209,63.348463992896534,222.60348257879758,3.156741773964059,24.5,0,2026-01-01 23:06:00
1388,1,3.4558201010790017,62.99347237677536,223.1230223934537,3.015677038144053,24.5,0,2026-01-01 23:07:00
1389,1,3.6201738606944738,63.33549263360149,220.06400829813154,3.1768947906177205,24.5,0,2026-01-01 23:08:00
1390,1,3.5679343344403796,62.76671289178126,218.49316425930763,3.0715776077415455,24.5,0,2026-01-01 23:09:00
1391,1,3.315517145705106,61.54672891034642,220.91994428587824,2.8462787252585153,24.5,0,2026-01-01 23:10:00
1392,1,3.458306376493117,62.989209593085064,218.64456926049579,3.0292875462773745,24.5,0,2026-01-01 23:11:00
1393,1,3.361352251809111,62.718685673299916,224.02677449505325,3.0005089515824457,24.5,0,2026-01-01 23:12:00
1394,1,3.380339115735494,61.13411143463148,220.27307066216548,2.941341877290589,24.5,0,2026-01-01 23:13:00
1395,1,3.322368632998865,61.997221860938865,219.2693568973758,2.9112913040530017,24.5,0,2026-01-01 23:14:00
1396,1,3.4937939797691486,62.4035255537773,220.3693606117298,3.0227982438954495,24.5,0,2026-01-01 23:15:00
1397,1,3.357326886618419,62.72830756601233,217.3057474209406,2.8427059731537128,24.5,0,2026-01-01 23:16:00
1398,1,3.209375308293577,61.872145557319904,218.0567719229787,2.8393054803316455,24.5,0,2026-01-01 23:17:00
1399,1,3.4754738425717266,62.74149857179734,222.40082781588885,3.0674568657012267,24.5,0,2026-01-01 23:18:00
1400,1,3.165465537759855,62.152122756669876,218.6862114420572,2.787737441494888,24.5,0,2026-01-01 23:19:00
1401,1,3.311742227414171,62.51234465178729,217.90617803463613,2.8699931070033733,24.5,0,2026-01-01 23:20:00
1402,1,3.2238940315222555,61.92556284007878,221.07330550505458,2.8322913734743485,24.5,0,2026-01-01 23:21:00
1403,1,3.2688343777238464,62.03786380084243,222.371408309326,2.885907875513035,24.5,0,2026-01-01 23:22:00
1404,1,3.3238646674884578,61.92308711325068,221.43790662133014,2.9697702975637377,24.5,0,2026-01-01 23:23:00
1405,1,3.313939405253023,62.77855634178253,221.99209537161164,2.929274649045594,24.5,0,2026-01-01 23:24:00
1406,1,3.3238087770094626,63.0319597023578,218.48640982286108,2.8913271653064743,24.5,0,2026-01-01 23:25:00
1407,1,3.1420973567155173,61.91862235624889,217.1563786665163,2.6645570773772995,24.5,0,2026-01-01 23:26:00
1408,1,3.24626018166514,63.34653467878057,223.00266730391098,2.8279711152138107,24.5,0,2026-01-01 23:27:00
1409,1,3.0980402542070458,62.071861557342864,219.35464032231573,2.7039818945658927,24.5,0,2026-01-01 23:28:00
1410,1,3.1425593815106345,63.27789741788885,219.4983339670899,2.765003664553408,24.5,0,2026-01-01 23:29:00
1411,1,3.1937352804295633,62.00115179647146,222.6563882836981,2.8414195484110008,24.5,0,2026-01-01 23:30:00
1412,1,3.0965894285722255,61.03800566942447,221.11246001880133,2.6843283737923107,24.5,0,2026-01-01 23:31:00
1413,1,2.9001694669156035,62.12922287243643,220.91177554416322,2.6233118407539204,24.5,0,2026-01-01 23:32:00
1414,1,3.144750028845434,62.43908802528324,224.33000468980217,2.6423982053656507,24.5,0,2026-01-01 23:33:00
1415,1,3.049216149448386,62.29221639790851,218.71296353923972,2.6681196556496687,24.5,0,2026-01-01 23:34:00
1416,1,2.966003902161212,61.6522992179429,221.8556802561625,2.5347290184668236,24.5,0,2026-01-01 23:35:00
1417,1,2.8613042305914314,61.87107876275443,220.11402624979416,2.3881604817272053,24.5,0,2026-01-01 23:36:00
1418,1,3.126568303676639,62.11218228460163,220.5371845577265,2.7034023265287166,24.5,0,2026-01-01 23:37:00
1419,1,3.0408198109356164,62.015756608963,223.05693685282506,2.5659489789403094,24.5,0,2026-01-01 23:38:00
1420,1,2.919498244766766,62.53322395803825,221.01567151257925,2.5252006550703805,24.5,0,2026-01-01 23:39:00
1421,1,2.807765792262274,61.93245250889569,221.07659215809926,2.437815747005485,24.5,0,2026-01-01 23:40:00
1422,1,2.8332970884441986,62.22630481672428,222.1450146746196,2.5139100397533816,24.5,0,2026-01-01 23:41:00
1423,1,2.990977515941362,62.1215782449427,219.27009454091424,2.5191374585271187,24.5,0,2026-01-01 23:42:00
1424,1,2.841271713887056,61.79811949289789,218.321580665322,2.5098305593030923,24.5,0,2026-01-01 23:43:00
1425,1,2.747266182580306,61.14935449899252,217.91038161195794,2.3875373157921835,24.5,0,2026-01-01 23:44:00
1426,1,2.809994195220956,61.80740459833042,216.067286821248,2.488234451409574,24.5,0,2026-01-01 23:45:00
1427,1,2.7580720007347654,59.74804663602963,224.11241425988064,2.369938989514713,24.5,0,2026-01-01 23:46:00
1428,1,2.8928755572448597,61.82593127590298,217.79358326855663,2.441551767054939,24.5,0,2026-01-01 23:47:00
1429,1,2.8819168573954754,62.077842327711885,219.55749275282847,2.437537828649303,24.5,0,2026-01-01 23:48:00
1430,1,2.677488223106418,62.07803241258005,219.44637340022217,2.2563655230990705,24.5,0,2026-01-01 23:49:00
1431,1,2.6560011220620647,61.52317930031046,220.6148133956182,2.3259904871843116,24.5,0,2026-01-01 23:50:00
1432,1,2.446162268173153,61.47233054725115,221.63147442507858,2.193855188719274,24.5,0,2026-01-01 23:51:00
1433,1,2.543947250139027,60.160667745649356,221.7209469767195,2.176288102551301,24.5,0,2026-01-01 23:52:00
1434,1,2.506398655564745,61.44065111325539,218.83384512286213,2.2032363662775496,24.5,0,2026-01-01 23:53:00
1435,1,2.6462881961230162,60.74007458589481,219.66575657242717,2.2165916695983845,24.5,0,2026-01-01 23:54:00
1436,1,2.5917433613497995,60.90891605123505,220.5651599009766,2.2542972451434027,24.5,0,2026-01-01 23:55:00
1437,1,2.4580504878136145,61.296515514419234,219.5026177476329,2.1626754609405903,24.5,0,2026-01-01 23:56:00
1438,1,2.5904469632153138,62.3664893996825,223.21469115204,2.1713030605144317,24.5,0,2026-01-01 23:57:00
1439,1,2.626411652667942,61.960196380393626,220.9819499032765,2.264438378976973,24.5,0,2026-01-01 23:58:00
1440,1,2.6165789463645566,61.73272586397347,221.46975557209964,2.3016860862048563,24.5,0,2026-01-01 23:59:00
1441,1,2.350019436679451,61.20476910810681,221.32576253733484,1.8881645055602572,24.5,0,2026-01-02 00:00:00
1442,1,2.5244507305459103,61.123194786250124,222.34694771497064,2.252445033077175,24.5,0,2026-01-02 00:01:00
1443,1,2.3574690775841547,60.95498521139557,220.3620431174074,2.058579339608316,24.5,0,2026-01-02 00:02:00
1444,1,2.537593712086439,61.97626214640947,217.4063361040883,2.2324486047094596,24.5,0,2026-01-02 00:03:00
1445,1,2.5484403685492034,60.846993305736575,220.79937590350528,2.1851448390193156,24.5,0,2026-01-02 00:04:00
1446,1,2.3385247697516442,61.67995230495632,218.69728621241634,1.937751625679637,24.5,0,2026-01-02 00:05:00
1447,1,2.338233967511897,61.10022552007403,218.9427666365005,2.0501368678573155,24.5,0,2026-01-02 00:06:00
1448,1,2.3769288328725953,61.872914484855244,221.17272803751018,2.0525838347641288,24.5,0,2026-01-02 00:07:00
1449,1,2.1916270876340853,61.579719944705225,222.47656614286728,1.8977912609369194,24.5,0,2026-01-02 00:08:00
1450,1,2.414143230250123,60.501261209871465,220.0425431534721,2.142876901401761,24.5,0,2026-01-02 00:09:00
1451,1,2.343351351027764,61.01921486436971,220.61766602519793,2.06515435292332,24.5,0,2026-01-02 00:10:00
1452,1,2.485454370478855,61.088795773621236,223.4044298892705,2.245820323233825,24.5,0,2026-01-02 00:11:00
1453,1,2.22837392169975,60.08664663649361,220.48150635897713,1.934900351025929,24.5,0,2026-01-02 00:12:00
1454,1,2.3109560499599375,60.637062988428475,225.20336622836078,1.9638682611217333,24.5,0,2026-01-02 00:13:00
1455,1,2.1646635703998642,62.53086410215108,221.1310192912631,1.862312560015555,24.5,0,2026-01-02 00:14:00
1456,1,2.1554822529761815,61.51984858893106,216.47847448168835,1.8843913327839648,24.5,0,2026-01-02 00:15:00
1457,1,2.1737753646464792,62.257150243249725,221.50668324220908,1.9300290964912676,24.5,0,2026-01-02 00:16:00
1458,1,2.3743258554836615,62.028599468975735,220.76231676976556,1.979055910247976,24.5,0,2026-01-02 00:17:00
1459,1,2.2072877717819557,60.73656841216081,222.57950550816548,1.9082531389872652,24.5,0,2026-01-02 00:18:00
1460,1,2.2660717317699257,61.10709955546128,221.34636270253992,2.038916259955704,24.5,0,2026-01-02 00:19:00
1461,1,2.18610191302819,61.57886607005259,219.72308803203245,1.8771263645398681,24.5,0,2026-01-02 00:20:00
1462,1,2.063685241151043,61.301836813601994,217.55140352742126,1.8297217647992277,24.5,0,2026-01-02 00:21:00
1463,1,2.182515691221859,60.90507864062011,219.58195348542796,1.9103164534203871,24.5,0,2026-01-02 00:22:00
1464,1,2.2355653052245867,60.491544409158344,218.2989590915814,1.9790945324405094,24.5,0,2026-01-02 00:23:00
1465,1,2.0482546602303446,63.00206707942328,218.83895310039054,1.7288191512071354,24.5,0,2026-01-02 00:24:00
1466,1,2.264614527010389,61.34201319318646,221.17715680884123,1.9157357572947107,24.5,0,2026-01-02 00:25:00
1467,1,2.105857320590766,60.89409513621123,223.33980900870282,1.8197148718043645,24.5,0,2026-01-02 00:26:00
1468,1,2.109049271411589,61.22618095137962,220.78934305964597,1.7446647455231337,24.5,0,2026-01-02 00:27:00
1469,1,2.17061792317279,61.21127099694175,217.60823387592964,1.8607691637726012,24.5,0,2026-01-02 00:28:00
1470,1,2.072715799648408,61.18842377458135,220.88920533644028,1.8021858448616914,24.5,0,2026-01-02 00:29:00
1471,1,2.1495494750705735,62.02457412711665,222.3932629732913,1.9449248963343255,24.5,0,2026-01-02 00:30:00
1472,1,2.0706935923852154,61.10536267180659,218.78043419136122,1.8075744640512612,24.5,0,2026-01-02 00:31:00
1473,1,2.116430671713441,60.570145168653845,219.73196566665416,1.8579978922221434,24.5,0,2026-01-02 00:32:00
1474,1,1.85744667460252,60.66836685501147,220.0293763894584,1.6612653353018574,24.5,0,2026-01-02 00:33:00
1475,1,1.891953061629367,60.597268017715265,218.43020337383552,1.5844256101882972,24.5,0,2026-01-02 00:34:00
1476,1,2.1586595088553584,62.220469946871575,221.29656086768773,1.854372074198008,24.5,0,2026-01-02 00:35:00
1477,1,2.179583155080067,62.15488943703054,219.75810370278444,2.001763006666295,24.5,0,2026-01-02 00:36:00
1478,1,1.9861514722518767,61.1298019723984,220.83906488781406,1.709476670276399,24.5,0,2026-01-02 00:37:00
1479,1,2.0237035277147495,60.4347027461488,218.2250156443958,1.8014755230446613,24.5,0,2026-01-02 00:38:00
1480,1,2.0808780254925385,60.57829171305798,219.12508339935317,1.8429803198115147,24.5,0,2026-01-02 00:39:00
1481,1,2.1383578163930066,61.4075060098681,221.44476271565554,1.770280630017474,24.5,0,2026-01-02 00:40:00
1482,1,1.8380856501617437,61.0617282306062,219.25433369581646,1.6005877061784481,24.5,0,2026-01-02 00:41:00
1483,1,1.9862513333433474,60.86994931916354,223.4539277024668,1.7199997588481097,24.5,0,2026-01-02 00:42:00
1484,1,2.000341874988482,60.92455779193647,219.2007276287708,1.741137543405852,24.5,0,2026-01-02 00:43:00
1485,1,2.113231728471046,61.07215457986872,220.44936945150377,1.784082310790256,24.5,0,2026-01-02 00:44:00
1486,1,2.3068737193975384,61.78167555408887,221.86518166374617,1.9326791870665052,24.5,0,2026-01-02 00:45:00
1487,1,1.9829357883873358,59.83037859332801,217.16326853413395,1.685319243287267,24.5,0,2026-01-02 00:46:00
1488,1,1.8569921305697852,60.37385071537623,216.47838237603844,1.5955173665789415,24.5,0,2026-01-02 00:47:00
1489,1,2.0396868433297994,61.031465884962664,216.9486873708598,1.8169319120453442,24.5,0,2026-01-02 00:48:00
1490,1,2.184621053340539,62.327941519721605,222.52516820685437,1.9732557979165741,24.5,0,2026-01-02 00:49:00
1491,1,2.025747243284706,60.885351029144644,218.8962837082151,1.8151511517169678,24.5,0,2026-01-02 00:50:00
1492,1,1.977511164735908,61.29258267024255,225.1163985713365,1.7466014367075549,24.5,0,2026-01-02 00:51:00
1493,1,2.1100827780397813,61.70755075784231,218.87150480268522,1.7674015782512211,24.5,0,2026-01-02 00:52:00
1494,1,2.094771289771397,62.30668013370334,220.36910260639408,1.7838040814282436,24.5,0,2026-01-02 00:53:00
1495,1,1.947703507185665,61.96354605446001,223.08421990513574,1.6879063911460885,24.5,0,2026-01-02 00:54:00
1496,1,2.10176714760222,61.46979328090229,224.01218577631823,1.7782905266634894,24.5,0,2026-01-02 00:55:00
1497,1,2.167634521011519,61.35976513644055,224.1230071532728,1.8953070342401335,24.5,0,2026-01-02 00:56:00
1498,1,2.1717558304663185,61.30207167565022,222.41673246118629,1.9058327299370919,24.5,0,2026-01-02 00:57:00
1499,1,2.042786966070226,61.325252837545975,222.04812505162292,1.7854092227364327,24.5,0,2026-01-02 00:58:00
1500,1,2.0077092876802953,61.17112640279378,221.18505389840237,1.77948094225735,24.5,0,2026-01-02 00:59:00
1501,1,2.175598496818337,62.10156796184547,221.55672215233326,1.8273254190242547,24.5,0,2026-01-02 01:00:00
1502,1,1.907360074405527,61.55565538785181,218.89762856734293,1.6881573053652699,24.5,0,2026-01-02 01:01:00
1503,1,2.0720109887305926,62.01065079007186,218.36360223315538,1.7482574691232837,24.5,0,2026-01-02 01:02:00
1504,1,1.908566538946827,62.07255656998476,219.9932510851781,1.595178904359211,24.5,0,2026-01-02 01:03:00
1505,1,2.1562597019122265,62.94570742456274,219.65963075495014,1.8817735158722178,24.5,0,2026-01-02 01:04:00
1506,1,2.0222108118065694,61.66279666865469,219.09354390134544,1.8004566048873525,24.5,0,2026-01-02 01:05:00
1507,1,2.2042373363991863,62.57847381526177,221.39277489491343,1.920467350325629,24.5,0,2026-01-02 01:06:00
1508,1,2.1357977339613554,61.578606458600575,221.91061041714102,1.8380519884157482,24.5,0,2026-01-02 01:07:00
1509,1,1.951530543934775,62.18468672058009,220.1768137725837,1.6938623757425708,24.5,0,2026-01-02 01:08:00
1510,1,2.2542639324333154,62.667924819990404,222.95506016211053,1.9453388424339895,24.5,0,2026-01-02 01:09:00
1511,1,2.220751086142495,62.68991515465078,217.716621771733,1.8532101659077855,24.5,0,2026-01-02 01:10:00
1512,1,2.179721167889848,62.03678859115165,219.61268108144057,1.8119098092294315,24.5,0,2026-01-02 01:11:00
1513,1,2.01160931546655,61.28057420446292,218.5663553587944,1.7253904455948057,24.5,0,2026-01-02 01:12:00
1514,1,2.0436050351627495,60.966742522937146,216.26692676585387,1.760654850581186,24.5,0,2026-01-02 01:13:00
1515,1,2.1313060440109166,61.901213306804834,219.8346386283146,1.8324323231491382,24.5,0,2026-01-02 01:14:00
1516,1,2.0534112215484135,62.70742896036851,219.75650498323344,1.7985434041410973,24.5,0,2026-01-02 01:15:00
1517,1,2.3389854665481,62.113857846247654,223.02689948648427,1.999191093976567,24.5,0,2026-01-02 01:16:00
1518,1,2.17240184961185,62.49488013397808,221.26162336910954,1.8947765932725715,24.5,0,2026-01-02 01:17:00
1519,1,1.864100680189772,61.9949875360076,217.9516263513416,1.5943315801928775,24.5,0,2026-01-02 01:18:00
1520,1,2.236760301549569,61.96198941414228,223.70818513266838,2.0127109786555453,24.5,0,2026-01-02 01:19:00
1521,1,2.164359088273292,62.82023733138959,222.4420673910507,1.8631947784786227,24.5,0,2026-01-02 01:20:00
1522,1,2.1906144341160165,60.37629202699452,221.16419540693724,1.9985600952998843,24.5,0,2026-01-02 01:21:00
1523,1,2.1560871604509604,61.36618300927762,219.54703180230032,1.8692838089563106,24.5,0,2026-01-02 01:22:00
1524,1,2.2710396517661064,61.8233327750496,218.08112152655303,1.9395274362793495,24.5,0,2026-01-02 01:23:00
1525,1,2.3266024406941788,61.981810688469096,219.2555864478579,1.9527525818554337,24.5,0,2026-01-02 01:24:00
1526,1,2.284388846511852,62.5471139242487,222.17749723940838,1.8891379327246551,24.5,0,2026-01-02 01:25:00
1527,1,2.249392754776026,62.4345838207385,223.7691726118692,1.8814709274345223,24.5,0,2026-01-02 01:26:00
1528,1,2.2860908944003167,62.59685274375405,223.08648705654437,1.918370844840222,24.5,0,2026-01-02 01:27:00
1529,1,2.263638028335766,62.771211615463024,219.02230115642746,1.9626246104248708,24.5,0,2026-01-02 01:28:00
1530,1,2.181540212329137,61.720615123208695,217.76076513342198,1.845923440783449,24.5,0,2026-01-02 01:29:00
1531,1,2.3605059133045603,61.87815855396667,220.28177249382242,2.0349666353459175,24.5,0,2026-01-02 01:30:00
1532,1,2.321537458032256,62.86577599917295,216.4631212688743,2.05608000308605,24.5,0,2026-01-02 01:31:00
1533,1,2.490405510327446,62.50919358047946,220.64633542836955,2.132273194734526,24.5,0,2026-01-02 01:32:00
1534,1,2.4655338944641256,61.931858640557564,219.70479482740265,2.2190711207210465,24.5,0,2026-01-02 01:33:00
1535,1,2.277589697713007,63.1131231861594,219.0679269962635,1.8948952340530671,24.5,0,2026-01-02 01:34:00
1536,1,2.419233351011042,63.71348730644759,216.81059386546642,2.067449116518716,24.5,0,2026-01-02 01:35:00
1537,1,2.3016703282760083,63.50191226944,221.02720021313942,1.9469813487459937,24.5,0,2026-01-02 01:36:00
1538,1,2.461322943806345,63.05515025024741,218.93459832067617,2.15748172665045,24.5,0,2026-01-02 01:37:00
1539,1,2.341336917954944,63.12244887957897,217.66016632857944,1.8955745226778997,24.5,0,2026-01-02 01:38:00
1540,1,2.270520307223102,63.5144239144138,214.2554755734367,1.8744924231476572,24.5,0,2026-01-02 01:39:00
1541,1,2.4790727044614336,62.61572950563396,219.94497018989873,2.119872326465445,24.5,0,2026-01-02 01:40:00
1542,1,2.2327245701571057,63.12394153857694,223.5445031933395,1.9914297950104747,24.5,0,2026-01-02 01:41:00
1543,1,2.3425048385254925,62.85581842773832,223.32251842909574,2.0190543562429015,24.5,0,2026-01-02 01:42:00
1544,1,2.473652559071571,63.602267540298605,219.08580748682746,2.0523796733608077,24.5,0,2026-01-02 01:43:00
1545,1,2.513739946485292,63.26686838537202,218.79557587927644,2.09423878339021,24.5,0,2026-01-02 01:44:00
1546,1,2.510015102937506,63.892208281903606,220.93754851215004,2.234339591272625,24.5,0,2026-01-02 01:45:00
1547,1,2.3728701347373944,63.05653345807518,218.0032291216234,2.001918285040553,24.5,0,2026-01-02 01:46:00
1548,1,2.4963994758642554,62.23470977111975,220.60358379963893,2.091447714107425,24.5,0,2026-01-02 01:47:00
1549,1,2.6483288247808203,64.28880905255077,221.53216055676938,2.342391287705685,24.5,0,2026-01-02 01:48:00
1550,1,2.6973126285542257,62.93833697351929,222.4538664477686,2.3608053372892424,24.5,0,2026-01-02 01:49:00
1551,1,2.6230816531064742,64.19051501198103,219.7996918470401,2.310149921662531,24.5,0,2026-01-02 01:50:00
1552,1,2.757664899426984,63.67089460141612,219.59265249964608,2.3139678214705097,24.5,0,2026-01-02 01:51:00
1553,1,2.6830886366066733,64.33081695488859,218.24403482648688,2.221123027260561,24.5,0,2026-01-02 01:52:00
1554,1,2.588114546870722,64.12945208003798,218.34623929192028,2.2224940530331976,24.5,0,2026-01-02 01:53:00
1555,1,2.668507881235233,63.852697256539024,219.54704221619696,2.3011929999215646,24.5,0,2026-01-02 01:54:00
1556,1,2.5882193618137292,63.72815338894597,220.73473101363237,2.233712416155034,24.5,0,2026-01-02 01:55:00
1557,1,2.752603515425019,63.98869689877056,221.8271692524665,2.429866626371768,24.5,0,2026-01-02 01:56:00
1558,1,2.8518603963149,62.82424818654377,218.3936420986393,2.3539791076415244,24.5,0,2026-01-02 01:57:00
1559,1,2.887834744018331,64.07177239825258,222.98537713791904,2.5141925002111782,24.5,0,2026-01-02 01:58:00
1560,1,2.9340847778815298,63.52827544976512,219.45775279791485,2.4557029857084243,24.5,0,2026-01-02 01:59:00
1561,1,2.7879827768884513,64.01363015689583,219.95726541130313,2.428071053406069,24.5,0,2026-01-02 02:00:00
1562,1,2.9550036349451143,63.60910357598385,218.50557664170435,2.5041798768197254,24.5,0,2026-01-02 02:01:00
1563,1,2.776742497986243,63.330327095539154,215.15151947945412,2.3344938876488786,24.5,0,2026-01-02 02:02:00
1564,1,3.0520988771093234,65.39168679547481,221.7680907927221,2.5799728510057736,24.5,0,2026-01-02 02:03:00
1565,1,2.9160571067776866,64.82628036586634,221.47368779418485,2.421581203090751,24.5,0,2026-01-02 02:04:00
1566,1,2.982868439311355,64.38262661391988,219.43734488576357,2.5527662626081025,24.5,0,2026-01-02 02:05:00
1567,1,3.0902333584318082,64.70432469134172,220.13398143444974,2.6036580299370837,24.5,0,2026-01-02 02:06:00
1568,1,2.9534493339367636,64.16585764640766,221.0318784354082,2.564397455919114,24.5,0,2026-01-02 02:07:00
1569,1,2.9588961502163267,64.79380885076787,216.8749082862269,2.5614891999543885,24.5,0,2026-01-02 02:08:00
1570,1,3.1150287916844523,64.3153024493033,218.9418946453074,2.7471018603195314,24.5,0,2026-01-02 02:09:00
1571,1,3.0281312494569472,65.08779179973456,221.58852935924367,2.6064724437205746,24.5,0,2026-01-02 02:10:00
1572,1,2.8733068804663096,64.15711634456397,217.4914211536615,2.4816153708907693,24.5,0,2026-01-02 02:11:00
1573,1,3.2859782841668292,64.80483549131215,220.58711586433327,2.8779823156272544,24.5,0,2026-01-02 02:12:00
1574,1,2.9956424945729596,64.60219331206835,217.2868363907532,2.5282366629431756,24.5,0,2026-01-02 02:13:00
1575,1,3.13008045308216,64.41512237584533,220.93285996486705,2.599809654041863,24.5,0,2026-01-02 02:14:00
1576,1,3.2369208781876475,65.22135965497161,219.92871703540504,2.7752311566773242,24.5,0,2026-01-02 02:15:00
1577,1,3.0343356124848158,64.40365504749425,216.76973636818897,2.5207716816960777,24.5,0,2026-01-02 02:16:00
1578,1,3.0916371332732293,64.98205132553798,222.32947870891434,2.763282682727526,24.5,0,2026-01-02 02:17:00
1579,1,3.185560148414816,65.73750249285702,218.5308168464039,2.7933088051464803,24.5,0,2026-01-02 02:18:00
1580,1,2.9975951101183123,64.2214683255364,218.37949512597123,2.6679507102604134,24.5,0,2026-01-02 02:19:00
1581,1,3.197916391338319,64.9301449682105,220.4011383944619,2.7336625623308137,24.5,0,2026-01-02 02:20:00
1582,1,3.2999927056638985,65.44612603570059,222.29727469885742,2.8449449761965777,24.5,0,2026-01-02 02:21:00
1583,1,3.203689380378061,64.85890137717165,217.9683563620432,2.7119486681428713,24.5,0,2026-01-02 02:22:00
1584,1,3.126111916141395,65.19821685535118,220.12335969969595,2.712575569395677,24.5,0,2026-01-02 02:23:00
1585,1,3.474971941381666,65.93410483365209,220.85763300066114,2.905140269615653,24.5,0,2026-01-02 02:24:00
1586,1,3.351092335639469,66.00620103610444,221.3862112145263,2.7327444935447796,24.5,0,2026-01-02 02:25:00
1587,1,3.489422898832719,65.31145494189515,220.35288311055444,2.9381203207933906,24.5,0,2026-01-02 02:26:00
1588,1,3.3208187216383918,64.82418883884083,219.26594432183336,2.7607225259385446,24.5,0,2026-01-02 02:27:00
1589,1,3.263575478541356,65.13410035395843,218.34481955870257,2.8582711565048498,24.5,0,2026-01-02 02:28:00
1590,1,3.4262788641568824,65.02035206469881,220.17228776609275,3.013679543645826,24.5,0,2026-01-02 02:29:00
1591,1,3.3602848953025135,65.89494202446177,217.85572197602878,2.7961643271713577,24.5,0,2026-01-02 02:30:00
1592,1,3.226664759472783,64.71873094829866,214.1572990330108,2.8166438522524175,24.5,0,2026-01-02 02:31:00
1593,1,3.615448380844357,67.39671969229204,220.87311960831533,3.130916822890311,24.5,0,2026-01-02 02:32:00
1594,1,3.4358070315362372,66.40734546130525,221.8078696821724,2.8513629663883027,24.5,0,2026-01-02 02:33:00
1595,1,3.2317839963802437,65.44468108743861,215.27413512891633,2.7360841458543175,24.5,0,2026-01-02 02:34:00
1596,1,3.607957935725137,66.64184685930016,217.98053859058012,3.0470283935226203,24.5,0,2026-01-02 02:35:00
1597,1,3.4933100007271554,64.82305198266239,221.23830852201039,3.0153931491285273,24.5,0,2026-01-02 02:36:00
1598,1,3.5460127777483623,67.34828129222744,224.1149909394234,2.9611804464277576,24.5,0,2026-01-02 02:37:00
1599,1,3.3818190018561425,65.29804483919935,220.04158741535082,2.8774288434079813,24.5,0,2026-01-02 02:38:00
1600,1,3.728392248020906,66.3301559382738,218.54399411754173,3.1431473002991632,24.5,0,2026-01-02 02:39:00
1601,1,3.4577895417206594,64.73139727272839,219.6342071177903,2.9702009406988394,24.5,0,2026-01-02 02:40:00
1602,1,3.6619359112447545,66.45446178801794,222.74975283829636,3.109344306782868,24.5,0,2026-01-02 02:41:00
1603,1,3.697871299541922,65.71740884118583,218.70807164175093,3.1237256145101413,24.5,0,2026-01-02 02:42:00
1604,1,3.659558357656491,66.39125241542993,218.40161598669948,3.1068696953944275,24.5,0,2026-01-02 02:43:00
1605,1,3.637654206145182,65.95416400048548,219.03451295563593,3.2003669059914612,24.5,0,2026-01-02 02:44:00
1606,1,3.4729680470711726,65.35193089339809,218.09334278348257,2.937143804580419,24.5,0,2026-01-02 02:45:00
1607,1,3.613176543039974,65.74009391385938,220.2453406319896,3.0250488752054228,24.5,0,2026-01-02 02:46:00
1608,1,3.7804197149034984,66.60291618113588,223.24935691693912,3.2483786244462727,24.5,0,2026-01-02 02:47:00
1609,1,3.6524520476351365,65.54825147071067,220.64615854623204,3.1027491576635877,24.5,0,2026-01-02 02:48:00
1610,1,3.74813226461548,66.11012151888173,219.49529299574743,3.120312673266866,24.5,0,2026-01-02 02:49:00
1611,1,3.8095030799506606,67.0966516248824,219.41637746216892,3.354574583580392,24.5,0,2026-01-02 02:50:00
1612,1,3.8073501334088835,68.359364784575,216.87361838260668,3.2232189327276495,24.5,0,2026-01-02 02:51:00
1613,1,3.6839768443663825,66.68915493948117,221.7662195542943,3.1166196397164514,24.5,0,2026-01-02 02:52:00
1614,1,4.011783878852284,66.57868386638599,219.8443256059744,3.422167168384351,24.5,0,2026-01-02 02:53:00
1615,1,3.8769173709619564,66.66421526422164,219.63904017281874,3.385574965086563,24.5,0,2026-01-02 02:54:00
1616,1,3.929276821220051,66.79026635209017,226.38621513568972,3.259302873712843,24.5,0,2026-01-02 02:55:00
1617,1,3.9522488208988156,66.81995736545475,220.59750581673137,3.376299271386362,24.5,0,2026-01-02 02:56:00
1618,1,4.055113573738448,67.8660420526995,218.49641789980964,3.5540340261930408,24.5,0,2026-01-02 02:57:00
1619,1,3.6956946774013235,66.73264781793308,219.1472848075889,3.1500361241693153,24.5,0,2026-01-02 02:58:00
1620,1,3.8847216912230844,67.42770085936131,222.2968914183935,3.2422910846807835,24.5,0,2026-01-02 02:59:00
1621,1,3.6418015335078047,66.30116636446232,220.22654082107553,3.0662182402048126,24.5,0,2026-01-02 03:00:00
1622,1,3.858170314880559,67.8361602372982,217.12344404336525,3.2911630381004295,24.5,0,2026-01-02 03:01:00
1623,1,3.970365446743207,67.01165321565007,221.8384578691504,3.4424273238273533,24.5,0,2026-01-02 03:02:00
1624,1,3.8831389700829946,66.48337192865287,218.663711828922,3.284424025071067,24.5,0,2026-01-02 03:03:00
1625,1,3.9202365600105353,68.28416479878277,223.74659555243508,3.373929986447667,24.5,0,2026-01-02 03:04:00
1626,1,3.7596213653299886,65.63785129567732,222.1600961314293,3.1239702123333255,24.5,0,2026-01-02 03:05:00
1627,1,3.9613908284409804,66.80755883855635,219.1053562086825,3.2947233176076844,24.5,0,2026-01-02 03:06:00
1628,1,4.143680247788715,67.12360559838652,222.56203272347022,3.4973504803978526,24.5,0,2026-01-02 03:07:00
1629,1,3.899844072521165,68.6274340909181,220.13571102105482,3.385837317200437,24.5,0,2026-01-02 03:08:00
1630,1,4.041064625259071,68.4439717027203,221.70554735024444,3.437039971866283,24.5,0,2026-01-02 03:09:00
1631,1,3.831377126478431,67.88502806486237,220.96946563458894,3.2695948059276194,24.5,0,2026-01-02 03:10:00
1632,1,3.995995261719366,67.22506221628751,218.30728669001826,3.40852686381982,24.5,0,2026-01-02 03:11:00
1633,1,3.924869602476193,68.73801312231748,218.71290033536508,3.3893281888296443,24.5,0,2026-01-02 03:12:00
1634,1,3.9539865381598975,67.45772600229952,222.0599216351623,3.327753456819217,24.5,0,2026-01-02 03:13:00
1635,1,3.911877511664588,67.85094164050793,219.3304493357869,3.3565817866704983,24.5,0,2026-01-02 03:14:00
1636,1,3.9522959608859405,67.47244657816327,219.19270307351601,3.3146131909308587,24.5,0,2026-01-02 03:15:00
1637,1,4.015743918972544,67.51608639049891,218.0897548413013,3.508857850886005,24.5,0,2026-01-02 03:16:00
1638,1,3.899522762743482,67.08093614366295,220.84719813118693,3.270662334405056,24.5,0,2026-01-02 03:17:00
1639,1,4.056574879512363,67.31360949545983,224.1250498384863,3.399554765969179,24.5,0,2026-01-02 03:18:00
1640,1,3.9832210018388015,67.89921826035969,217.86493417149146,3.4085486269796377,24.5,0,2026-01-02 03:19:00
1641,1,3.9200494366259853,67.56574778908714,220.0484389133455,3.33110010628392,24.5,0,2026-01-02 03:20:00
1642,1,4.26991389933911,67.9277180328176,222.82444111083086,3.640035589076575,24.5,0,2026-01-02 03:21:00
1643,1,3.947892425196002,68.34352629325907,219.84071721750857,3.3614378074715745,24.5,0,2026-01-02 03:22:00
1644,1,3.9884734609372683,65.71502357071046,220.90474359249947,3.3296500163203295,24.5,0,2026-01-02 03:23:00
1645,1,3.9051532076873494,67.75889179583399,217.87521294370623,3.3938100537688722,24.5,0,2026-01-02 03:24:00
1646,1,4.242658587139216,68.45782309893274,220.8566141944153,3.6437997264170354,24.5,0,2026-01-02 03:25:00
1647,1,4.094723889839151,68.48430847766977,219.6257114699909,3.541227137767107,24.5,0,2026-01-02 03:26:00
1648,1,3.987528077131783,67.47657610532565,221.97145999135972,3.355597859163966,24.5,0,2026-01-02 03:27:00
1649,1,4.204489663375129,68.06528428330712,222.37477210312952,3.5864995550811063,24.5,0,2026-01-02 03:28:00
1650,1,4.164061386247247,68.36666357213404,225.17912728403724,3.5409029417436533,24.5,0,2026-01-02 03:29:00
1651,1,4.09541206300974,68.69597424700494,221.15926634642716,3.528874235181737,24.5,0,2026-01-02 03:30:00
1652,1,4.024463024017662,67.51467570145975,220.65159263316434,3.4699880523656477,24.5,0,2026-01-02 03:31:00
1653,1,3.9777399685347845,67.78746449046344,220.38876860315466,3.381678743281767,24.5,0,2026-01-02 03:32:00
1654,1,4.0663686131884145,68.86433046180053,219.29366741437863,3.370916589664978,24.5,0,2026-01-02 03:33:00
1655,1,4.000710772734127,66.41787199070541,220.67696768692338,3.479803970779939,24.5,0,2026-01-02 03:34:00
1656,1,4.21402267181856,67.76152557138707,219.40919717972193,3.5990565889130246,24.5,0,2026-01-02 03:35:00
1657,1,3.9165619617323757,68.44790684829618,220.33692195253923,3.2884144776456767,24.5,0,2026-01-02 03:36:00
1658,1,4.241802004053472,68.79430613477817,222.63519507121592,3.6144075830492683,24.5,0,2026-01-02 03:37:00
1659,1,3.9847808626812533,68.1312534402195,217.9869148694407,3.3004140726166504,24.5,0,2026-01-02 03:38:00
1660,1,4.1014899968431155,67.63841911597625,222.2797571222581,3.5272667423019826,24.5,0,2026-01-02 03:39:00
1661,1,4.15859104730953,67.49222547871915,222.63423013467974,3.448958298943331,24.5,0,2026-01-02 03:40:00
1662,1,3.9525607536720337,67.38004887803744,219.76386294601784,3.3366251937701277,24.5,0,2026-01-02 03:41:00
1663,1,4.024026963618377,68.96784749651452,215.7562902019828,3.4200779690788594,24.5,0,2026-01-02 03:42:00
1664,1,3.7157965761625897,66.95220882967469,218.78435602581112,3.1984493886235903,24.5,0,2026-01-02 03:43:00
1665,1,3.9782870963487675,67.79145912569517,222.59398909312222,3.3737726896143365,24.5,0,2026-01-02 03:44:00
1666,1,3.9044176636208774,67.24062032918832,219.95426387540223,3.3373172245478226,24.5,0,2026-01-02 03:45:00
1667,1,3.8303441998121657,68.13491387931383,218.00139553541018,3.2411241813889364,24.5,0,2026-01-02 03:46:00
1668,1,3.9455603423099594,67.51526115899384,218.99045015754356,3.338124100369297,24.5,0,2026-01-02 03:47:00
1669,1,4.048049402664185,67.90086821531149,221.6812400530091,3.4304168538055513,24.5,0,2026-01-02 03:48:00
1670,1,4.061940489875637,67.01281905159993,221.09346713640275,3.4281033061979493,24.5,0,2026-01-02 03:49:00
1671,1,3.9785154610231093,66.96177361549874,219.52213580166062,3.2822897246626774,24.5,0,2026-01-02 03:50:00
1672,1,3.874155053117171,67.75165467959063,219.26635117637062,3.2395645110638984,24.5,0,2026-01-02 03:51:00
1673,1,3.9689637544937457,67.1567426502372,219.21648370191235,3.3701026885685215,24.5,0,2026-01-02 03:52:00
1674,1,3.9162206371563184,69.16306778808722,218.155179631003,3.3004543086943805,24.5,0,2026-01-02 03:53:00
1675,1,4.081149376558606,66.82186900183065,223.2307513789389,3.444295451577833,24.5,0,2026-01-02 03:54:00
1676,1,3.9845100072300674,67.5425621617262,219.35535906157733,3.3538377119966585,24.5,0,2026-01-02 03:55:00
1677,1,3.9538343904074584,67.87840727954051,222.43431704165098,3.300546367054671,24.5,0,2026-01-02 03:56:00
1678,1,3.8588552144034605,67.45808369491668,223.0426321038449,3.238421856165031,24.5,0,2026-01-02 03:57:00
1679,1,3.8548007931291877,67.05717871315652,221.99662179629593,3.243980844502034,24.5,0,2026-01-02 03:58:00
1680,1,3.8044368863907456,67.1585113221872,219.1367593745639,3.2166740933653584,24.5,0,2026-01-02 03:59:00
1681,1,3.845737790139781,67.1780867957701,220.80746018067322,3.270678105309855,24.5,0,2026-01-02 04:00:00
1682,1,3.8780390760244727,67.70876199772292,219.95160878721816,3.2689598743005845,24.5,0,2026-01-02 04:01:00
1683,1,3.8798621185979645,69.13238482840106,218.19259627853975,3.2277176515486654,24.5,0,2026-01-02 04:02:00
1684,1,3.8332605642286817,67.8451034477418,220.6487185634432,3.169585422671248,24.5,0,2026-01-02 04:03:00
1685,1,3.7751154059770333,68.51127696629139,217.64192041768038,3.3199038771452765,24.5,0,2026-01-02 04:04:00
1686,1,3.8569984233388315,68.12029038606902,222.37535877692312,3.2024077993232964,24.5,0,2026-01-02 04:05:00
1687,1,3.7199123949837705,68.34110633906695,219.07076540540322,3.1168247383250374,24.5,0,2026-01-02 04:06:00
1688,1,3.6872855564935314,65.89884520697882,220.40231931174569,3.1407298206973087,24.5,0,2026-01-02 04:07:00
1689,1,3.591789010862432,67.2174885836277,220.56657574309227,3.0519475494654777,24.5,0,2026-01-02 04:08:00
1690,1,3.6669315122296364,68.38327861246184,219.48219005259185,3.1231092859281375,24.5,0,2026-01-02 04:09:00
1691,1,3.7994058463344142,67.47582988941345,221.17338760295056,3.186496211329755,24.5,0,2026-01-02 04:10:00
1692,1,3.6296503883815956,68.62680928735207,219.05019268675494,3.076893460817745,24.5,0,2026-01-02 04:11:00
1693,1,3.7064694946851815,68.53780779930385,221.7425945949145,3.132587704903493,24.5,0,2026-01-02 04:12:00
1694,1,3.687548486604056,67.49144438431229,217.30804063950652,3.0976268500927024,24.5,0,2026-01-02 04:13:00
1695,1,3.7273556666611363,67.4659639488466,220.25275915909282,3.1587966714408817,24.5,0,2026-01-02 04:14:00
1696,1,3.607730912415565,66.82324021667931,223.87785799811658,3.0980061542368666,24.5,0,2026-01-02 04:15:00
1697,1,3.7052441781348966,67.45206284841316,217.99933735078886,3.126124782591305,24.5,0,2026-01-02 04:16:00
1698,1,3.7130313033884694,67.0989451721914,218.6445100589503,3.1327164230487843,24.5,0,2026-01-02 04:17:00
1699,1,3.5073131329702556,67.6265032102217,221.02781569931784,3.0129966013393314,24.5,0,2026-01-02 04:18:00
1700,1,3.510848556422054,66.53849902446643,220.3591635638792,3.010343634193167,24.5,0,2026-01-02 04:19:00
1701,1,3.7037383811885016,68.15862331858342,220.70126019854712,3.2039105841345585,24.5,0,2026-01-02 04:20:00
1702,1,3.555028871660412,67.88648971192644,220.97837426029534,2.9111413589979147,24.5,0,2026-01-02 04:21:00
1703,1,3.3311319033907996,66.07877319960807,221.26944293712353,2.8550527299371935,24.5,0,2026-01-02 04:22:00
1704,1,3.41139721996874,68.14944876185032,222.21939968391246,2.907291518949934,24.5,0,2026-01-02 04:23:00
1705,1,3.488805745010544,67.73744623257237,220.81963731385702,2.897922921492685,24.5,0,2026-01-02 04:24:00
1706,1,3.3579435732834546,67.67565789614845,219.51748469076293,2.8441421094340287,24.5,0,2026-01-02 04:25:00
1707,1,3.44386837797468,66.89950340340003,221.34514740240547,2.956283911404026,24.5,0,2026-01-02 04:26:00
1708,1,3.5092193859399354,67.79589471377507,223.79976386979044,2.9170752852394646,24.5,0,2026-01-02 04:27:00
1709,1,3.5714464098565943,68.36255132770921,219.73473250723487,3.0328222827984432,24.5,0,2026-01-02 04:28:00
1710,1,3.349703456823938,67.25497515612376,218.05094139065872,2.8670523562805235,24.5,0,2026-01-02 04:29:00
1711,1,3.533904145484085,68.76556457337689,222.21416133857394,2.9248996742682025,24.5,0,2026-01-02 04:30:00
1712,1,3.511864064218068,67.63948535864641,219.7592376720928,2.952464539119691,24.5,0,2026-01-02 04:31:00
1713,1,3.4280360884172287,68.2757548578235,215.65466090797193,2.9036934020160383,24.5,0,2026-01-02 04:32:00
1714,1,3.3873805619653408,67.51405478485226,221.69484335430084,2.814294481141343,24.5,0,2026-01-02 04:33:00
1715,1,3.0994159449082606,67.21659629848911,218.92934362809214,2.5672522706790266,24.5,0,2026-01-02 04:34:00
1716,1,3.3376247697434756,66.32373027818798,219.81893343539167,2.8048637704890367,24.5,0,2026-01-02 04:35:00
1717,1,3.390415262236456,67.64289660445043,220.66396066113802,2.8958831170597525,24.5,0,2026-01-02 04:36:00
1718,1,3.2518154492734563,66.7294173929083,220.38099935955813,2.7709690948209684,24.5,0,2026-01-02 04:37:00
1719,1,3.433144483739556,67.00355251549432,221.41890363427808,2.8481437023750455,24.5,0,2026-01-02 04:38:00
1720,1,3.288651100723772,68.35660521345804,219.1290272588603,2.8018610403016657,24.5,0,2026-01-02 04:39:00
1721,1,3.2674307713102713,67.09912971668997,221.02621159635217,2.7093116704048104,24.5,0,2026-01-02 04:40:00
1722,1,3.276922675448068,66.70446734267159,219.48090664483217,2.6783162586417637,24.5,0,2026-01-02 04:41:00
1723,1,3.2098075965744863,66.91569273605748,221.47762096177502,2.683693503460375,24.5,0,2026-01-02 04:42:00
1724,1,2.8983847351975096,65.76089715312284,221.2307349680261,2.495796047376328,24.5,0,2026-01-02 04:43:00
1725,1,3.037802999067283,67.77538603950337,218.12912259591081,2.589541982861636,24.5,0,2026-01-02 04:44:00
1726,1,3.2470742928610923,66.81200011515952,222.17196423235006,2.73252369517622,24.5,0,2026-01-02 04:45:00
1727,1,2.977652931166498,67.12108246743705,218.9280731097719,2.4847826569266687,24.5,0,2026-01-02 04:46:00
1728,1,3.0533795914492887,67.7090061141402,221.61611559656228,2.549594929274731,24.5,0,2026-01-02 04:47:00
1729,1,2.9375276797492926,66.40597951255532,220.73457462680267,2.4767984938032317,24.5,0,2026-01-02 04:48:00
1730,1,3.2471548678580238,67.56604014445239,223.67636735359025,2.678155370355948,24.5,0,2026-01-02 04:49:00
1731,1,3.1567633380710416,66.58331078910705,219.5530680352563,2.6378670175539622,24.5,0,2026-01-02 04:50:00
1732,1,2.8742065915371002,68.13080763081922,219.3013664077636,2.406583055668138,24.5,0,2026-01-02 04:51:00
1733,1,2.9670066947048612,67.4065130375076,219.96116078822453,2.4276081292125102,24.5,0,2026-01-02 04:52:00
1734,1,2.855712250385079,66.53873427979154,219.39364043433145,2.3594040724106127,24.5,0,2026-01-02 04:53:00
1735,1,2.99622331491455,66.42493907630569,221.5998838038841,2.5397535793623454,24.5,0,2026-01-02 04:54:00
1736,1,2.900620177921572,66.7745402417967,216.76737878312682,2.4390767245819434,24.5,0,2026-01-02 04:55:00
1737,1,2.9261362198886336,66.67481720557315,217.8926351617073,2.444368824145884,24.5,0,2026-01-02 04:56:00
1738,1,2.857928050026282,67.93021092236847,217.86439415684163,2.356657262792118,24.5,0,2026-01-02 04:57:00
1739,1,3.156586512233724,66.51956025510246,221.90061518394714,2.7318428917235256,24.5,0,2026-01-02 04:58:00
1740,1,2.750799058643233,66.51899616955072,223.42122674516386,2.2698201146750074,24.5,0,2026-01-02 04:59:00
1741,1,2.6174063135717476,66.26665329322493,219.79110156292506,2.2119780455690177,24.5,0,2026-01-02 05:00:00
1742,1,2.729432939848951,66.44698140213441,219.66235655362,2.268911235382232,24.5,0,2026-01-02 05:01:00
1743,1,2.596888471802555,66.19375436962741,220.14010432622635,2.183534903227502,24.5,0,2026-01-02 05:02:00
1744,1,2.610787127068699,66.18108645261064,222.32375660521637,2.2160587582351816,24.5,0,2026-01-02 05:03:00
1745,1,2.591906642115662,66.84973578212477,218.14529373161886,2.108587266699982,24.5,0,2026-01-02 05:04:00
1746,1,2.6084600115166454,66.68430316837484,220.47673796546957,2.1904543766476157,24.5,0,2026-01-02 05:05:00
1747,1,2.6034202067132965,66.54123348733214,221.95039525956486,2.245870161595169,24.5,0,2026-01-02 05:06:00
1748,1,2.723090431043955,64.74180383952107,221.0021883398797,2.3746783532946236,24.5,0,2026-01-02 05:07:00
1749,1,2.592832100160609,66.51523487340148,220.3791632331975,2.170505769249191,24.5,0,2026-01-02 05:08:00
1750,1,2.6265758110851785,65.3856646756959,222.00209218513427,2.207202066334249,24.5,0,2026-01-02 05:09:00
1751,1,2.6269911409814592,66.96027331378939,214.59353541400154,2.315812808225473,24.5,0,2026-01-02 05:10:00
1752,1,2.5223733785735627,67.1040945655465,221.35575063906182,2.1739585239074857,24.5,0,2026-01-02 05:11:00
1753,1,2.5245806865541383,65.74339091546153,218.69184863374514,2.087988940349805,24.5,0,2026-01-02 05:12:00
1754,1,2.542604086522197,66.24788120956599,216.33873420628709,2.102817452906493,24.5,0,2026-01-02 05:13:00
1755,1,2.3453425419359286,65.56401001369379,221.02240519904996,2.0158543678051455,24.5,0,2026-01-02 05:14:00
1756,1,2.300564863761129,66.55675352350411,222.7473170903259,1.8797080988165755,24.5,0,2026-01-02 05:15:00
1757,1,2.5281782041038845,66.39966731576273,219.72510297074462,2.1754102845287786,24.5,0,2026-01-02 05:16:00
1758,1,2.551001583838489,67.39020577722457,221.90574909440588,2.156672692935823,24.5,0,2026-01-02 05:17:00
1759,1,2.7105656492612438,66.89772007865561,223.2245565159773,2.2994698079728746,24.5,0,2026-01-02 05:18:00
1760,1,2.4913797033327487,66.39598418609336,222.6298289071681,2.076688074391006,24.5,0,2026-01-02 05:19:00
1761,1,2.5500435419768444,66.40650511458479,223.2799290587428,2.10702113238203,24.5,0,2026-01-02 05:20:00
1762,1,2.4099122771913497,66.636551162223,221.4842549821438,2.0938933259881316,24.5,0,2026-01-02 05:21:00
1763,1,2.4294555385438814,65.1853935299956,220.15086727780317,2.024640804037199,24.5,0,2026-01-02 05:22:00
1764,1,2.5137109001326556,66.53743147878717,216.79606837620565,2.086864093835704,24.5,0,2026-01-02 05:23:00
1765,1,2.147055641006078,65.6706781130379,219.5078750237401,1.7958325386158596,24.5,0,2026-01-02 05:24:00
1766,1,2.3752774651392765,66.64073887703347,218.31350680936762,2.00060577807046,24.5,0,2026-01-02 05:25:00
1767,1,2.6035031446283745,66.42306137427893,224.34188543499562,2.1304936866133812,24.5,0,2026-01-02 05:26:00
1768,1,2.3472812529896534,65.52808439327993,219.64822837513532,1.9388512475704578,24.5,0,2026-01-02 05:27:00
1769,1,2.4780991916210464,66.41636043959703,220.24640961356897,2.045615064893736,24.5,0,2026-01-02 05:28:00
1770,1,2.241877248628519,65.29378117348266,221.10297075208092,1.9206512828484836,24.5,0,2026-01-02 05:29:00
1771,1,2.2784073284774875,64.89583982232493,220.08720489274492,1.8645054723074852,24.5,0,2026-01-02 05:30:00
1772,1,2.3058127228394234,66.48906082351931,223.3901020808615,1.8437817265327727,24.5,0,2026-01-02 05:31:00
1773,1,2.0185041384498956,65.93928441412585,218.7547012765311,1.592369055450568,24.5,0,2026-01-02 05:32:00
1774,1,2.127252210908946,66.07188581256801,220.3892149104745,1.7081153216674898,24.5,0,2026-01-02 05:33:00
1775,1,2.104030767773972,66.57817784673951,218.5150588286039,1.8300864086188857,24.5,0,2026-01-02 05:34:00
1776,1,2.272860031757612,65.77235654900034,217.3599549775586,1.9040146775170501,24.5,0,2026-01-02 05:35:00
1777,1,2.2810456426933623,65.31453845461704,218.77646181818943,1.9349301169206263,24.5,0,2026-01-02 05:36:00
1778,1,2.226183482652399,66.01403606075588,219.92592640590317,1.8905708255293798,24.5,0,2026-01-02 05:37:00
1779,1,2.257631239723612,65.94070283616503,219.14139555096548,1.8926944963027381,24.5,0,2026-01-02 05:38:00
1780,1,2.142173627553927,65.43998514687983,218.61515804025228,1.7893162191095606,24.5,0,2026-01-02 05:39:00
1781,1,2.2544188554331,66.16516202442934,217.18736507265632,1.9390451019158608,24.5,0,2026-01-02 05:40:00
1782,1,2.1512145249770778,65.60266340944202,219.8337888547426,1.807562458426302,24.5,0,2026-01-02 05:41:00
1783,1,2.1187490632183272,64.87372090331563,216.990559251938,1.842871230965583,24.5,0,2026-01-02 05:42:00
1784,1,2.12063636262704,65.64251565386645,221.52011192737922,1.8053596586392595,24.5,0,2026-01-02 05:43:00
1785,1,2.1949174833105114,65.41270796177787,220.164879505869,1.8053950832845516,24.5,0,2026-01-02 05:44:00
1786,1,2.0453265433256065,66.01041573597692,217.08489700107015,1.6861081564682534,24.5,0,2026-01-02 05:45:00
1787,1,2.199809314740884,65.75608347596825,219.38158184590029,1.8036361618604353,24.5,0,2026-01-02 05:46:00
1788,1,1.9712003168207473,66.39445271925824,218.49568718881883,1.7095041287221708,24.5,0,2026-01-02 05:47:00
1789,1,1.9864063494236996,66.69666607362956,220.63834902083835,1.6409257221382132,24.5,0,2026-01-02 05:48:00
1790,1,2.1805918047218174,66.50021620359296,222.68090089204628,1.783464361948301,24.5,0,2026-01-02 05:49:00
1791,1,2.0338215547686436,65.00850175532348,216.2496550607085,1.716479102319255,24.5,0,2026-01-02 05:50:00
1792,1,2.0279042982448057,66.77164714643149,220.23005215829482,1.690514846059176,24.5,0,2026-01-02 05:51:00
1793,1,2.1527065774186354,67.08599542141762,219.67973440886672,1.8142591525408838,24.5,0,2026-01-02 05:52:00
1794,1,2.0109542743604956,65.8563843568219,221.34268015290093,1.7753570918396415,24.5,0,2026-01-02 05:53:00
1795,1,2.038723615754005,66.72505985570636,220.42639325647536,1.7495606834803998,24.5,0,2026-01-02 05:54:00
1796,1,2.176880472320021,65.92574243144958,218.49606133652236,1.8205433090763872,24.5,0,2026-01-02 05:55:00
1797,1,2.195254127603145,65.17131955966994,219.36189212866677,1.763942808915943,24.5,0,2026-01-02 05:56:00
1798,1,2.1850899926379332,65.84866703590254,218.407948286393,1.8006900795564804,24.5,0,2026-01-02 05:57:00
1799,1,2.0294092382097406,66.97941865744768,222.1520142771972,1.7309964434877536,24.5,0,2026-01-02 05:58:00
1800,1,2.1600758929863115,65.35844982461703,220.04262329734388,1.7458754295422936,24.5,0,2026-01-02 05:59:00
1801,1,1.9697516694068424,65.82636449671892,223.80238137150602,1.7523234081496768,24.5,0,2026-01-02 06:00:00
1802,1,1.9370833291767449,65.8658265461359,219.87867837237076,1.6185470393039698,24.5,0,2026-01-02 06:01:00
1803,1,1.7785497042937963,65.25991884530899,218.5831864661791,1.4877149229633178,24.5,0,2026-01-02 06:02:00
1804,1,2.1654403566057225,66.11812587544306,216.97257121477435,1.7748530278499386,24.5,0,2026-01-02 06:03:00
1805,1,1.9059823279056638,65.93288744576112,216.39372064748812,1.616210473053749,24.5,0,2026-01-02 06:04:00
1806,1,1.9826310364210462,65.71319779378415,216.83172811398902,1.5973047452629583,24.5,0,2026-01-02 06:05:00
1807,1,1.9366016623920097,65.05476918072618,220.53425330202296,1.7248600491198864,24.5,0,2026-01-02 06:06:00
1808,1,2.104106021124203,66.37318874103855,221.01745004645986,1.822134828858309,24.5,0,2026-01-02 06:07:00
1809,1,1.957939030111225,66.68989703984907,216.83761859593574,1.6833151665442272,24.5,0,2026-01-02 06:08:00
1810,1,1.908709168931746,66.3984508243682,221.79007662815224,1.5233322471397532,24.5,0,2026-01-02 06:09:00
1811,1,2.062199283856781,65.75762769749603,219.03387789663313,1.7310426626501207,24.5,0,2026-01-02 06:10:00
1812,1,1.8856700402892546,65.13591740355017,220.2935860239711,1.6337667372428097,24.5,0,2026-01-02 06:11:00
1813,1,1.9740747281394542,65.85446658941154,223.22444125651086,1.6765636092270109,24.5,0,2026-01-02 06:12:00
1814,1,1.8343794968952518,66.73161284206272,221.79367863173107,1.4801065257835724,24.5,0,2026-01-02 06:13:00
1815,1,1.8868977306750434,66.33553132665067,219.46293870418833,1.541359825221523,24.5,0,2026-01-02 06:14:00
1816,1,2.0402803369899534,66.71248787233822,218.21761554916944,1.6790342196832533,24.5,0,2026-01-02 06:15:00
1817,1,1.8076571717928571,66.41763753880424,215.6963691973414,1.47729641643609,24.5,0,2026-01-02 06:16:00
1818,1,1.8842973836824324,66.25587403256819,218.56169336151515,1.647663063103434,24.5,0,2026-01-02 06:17:00
1819,1,2.0468636692212625,66.39532936658378,219.57773952234461,1.6105589291572553,24.5,0,2026-01-02 06:18:00
1820,1,1.982914218084191,66.63667416011086,218.02564094569763,1.685921211367431,24.5,0,2026-01-02 06:19:00
1821,1,2.260014067824918,66.44406721571352,219.7374860658154,1.8193355875508477,24.5,0,2026-01-02 06:20:00
1822,1,2.2539099687165645,65.91757983364073,220.15370376591753,1.8306119198828517,24.5,0,2026-01-02 06:21:00
1823,1,1.9808685965471258,66.68657696281073,219.55028803638385,1.5504378310051237,24.5,0,2026-01-02 06:22:00
1824,1,2.122922071349902,67.308080074348,218.6999948383531,1.7416871411394195,24.5,0,2026-01-02 06:23:00
1825,1,2.165082570195144,65.96132979852368,220.33730934393344,1.8796305332753371,24.5,0,2026-01-02 06:24:00
1826,1,2.040804059995008,66.88522334213526,220.8838812991388,1.7136078161776709,24.5,0,2026-01-02 06:25:00
1827,1,1.9299698716446518,67.25081646721786,217.81920184511432,1.5479423888625083,24.5,0,2026-01-02 06:26:00
1828,1,2.134339693035254,66.56829644697733,222.82186475949254,1.8288008166348233,24.5,0,2026-01-02 06:27:00
1829,1,2.097465070911479,66.0781050575125,219.80282373543147,1.8086167073644899,24.5,0,2026-01-02 06:28:00
1830,1,2.081747610061691,66.62223203904813,220.03769924588968,1.738988811973274,24.5,0,2026-01-02 06:29:00
1831,1,2.1932994869483586,66.42653470455875,221.41642884651313,1.9282474266327219,24.5,0,2026-01-02 06:30:00
1832,1,2.072293122108984,66.18173832155219,220.466432262527,1.766645362332854,24.5,0,2026-01-02 06:31:00
1833,1,2.0546845044771667,66.76566904442417,221.9062732678265,1.7448662698338102,24.5,0,2026-01-02 06:32:00
1834,1,2.1804180140236022,65.83067034078266,220.57424833040366,1.7750690998116194,24.5,0,2026-01-02 06:33:00
1835,1,2.200875377633824,66.01755095534482,218.77512525071913,1.8634558725546306,24.5,0,2026-01-02 06:34:00
1836,1,2.072630033062126,66.61926397994016,220.7230070504122,1.73599705961018,24.5,0,2026-01-02 06:35:00
1837,1,2.266150533802935,67.05222835971367,217.71254758535866,1.912037483614963,24.5,0,2026-01-02 06:36:00
1838,1,2.0303230201615095,66.76967277962132,220.21711941155306,1.6553759383899664,24.5,0,2026-01-02 06:37:00
1839,1,2.1601238020701143,67.96544462605353,219.93354001871108,1.8038487286686873,24.5,0,2026-01-02 06:38:00
1840,1,2.201113197049243,67.00598022851216,219.5837662854549,1.790524929533829,24.5,0,2026-01-02 06:39:00
1841,1,2.176899619743876,67.26610952056917,219.74292497712213,1.7036841300032959,24.5,0,2026-01-02 06:40:00
1842,1,2.1617743875813398,66.37632277434932,216.2363019090047,1.8481929044940177,24.5,0,2026-01-02 06:41:00
1843,1,2.446736277033097,67.9504519001397,218.90255018451808,1.9600009975064911,24.5,0,2026-01-02 06:42:00
1844,1,2.1987662069317553,66.67088863387812,220.18568980228224,1.8340429676374994,24.5,0,2026-01-02 06:43:00
1845,1,2.547442213489168,67.73001760015016,220.3197127839948,2.1351109382213935,24.5,0,2026-01-02 06:44:00
1846,1,2.332898712357483,67.2636421345834,217.94464971814807,1.956179947884044,24.5,0,2026-01-02 06:45:00
1847,1,2.361095207903254,67.92290009016686,222.5314156817294,1.9489474717341964,24.5,0,2026-01-02 06:46:00
1848,1,2.36885760781858,66.63770732734021,218.267650303571,1.9829189983728344,24.5,0,2026-01-02 06:47:00
1849,1,2.633318674093907,66.50877882947114,221.93891440105347,2.212548540536828,24.5,0,2026-01-02 06:48:00
1850,1,2.277638280315123,67.0907883999054,220.85438872374337,1.9298924775813604,24.5,0,2026-01-02 06:49:00
1851,1,2.2580093846133584,67.51995890364181,218.70754538031238,1.9633133394996773,24.5,0,2026-01-02 06:50:00
1852,1,2.3614751086552537,67.44918404714356,223.55062178521902,1.9741455331933875,24.5,0,2026-01-02 06:51:00
1853,1,2.393234469025691,68.3009212254886,217.61272633648704,1.9918320960147067,24.5,0,2026-01-02 06:52:00
1854,1,2.2765766657755955,67.51930374151421,221.83830834722,1.8461686345253026,24.5,0,2026-01-02 06:53:00
1855,1,2.473279562374708,67.31553468938752,222.00116463608595,2.076528498775051,24.5,0,2026-01-02 06:54:00
1856,1,2.620636003498613,66.64063888769842,218.6587595818467,2.210302225384734,24.5,0,2026-01-02 06:55:00
1857,1,2.529089213258407,67.63333251630827,222.78493060012866,2.0910609363145327,24.5,0,2026-01-02 06:56:00
1858,1,2.4639678070157247,68.35237132351561,219.4999069708021,2.0736118565513517,24.5,0,2026-01-02 06:57:00
1859,1,2.4603479155045167,67.48439122252424,220.57738725855972,2.028544692274477,24.5,0,2026-01-02 06:58:00
1860,1,2.6310788026437875,68.08947613440094,220.52064367754244,2.218283351204818,24.5,0,2026-01-02 06:59:00
1861,1,2.465022609952458,68.0303577607596,219.7313825170589,2.0922732997784608,24.5,0,2026-01-02 07:00:00
1862,1,2.776649051051305,67.75312135390348,221.62161654631956,2.350079256643609,24.5,0,2026-01-02 07:01:00
1863,1,2.803262691521644,68.80430929403936,221.58697744110444,2.332901760423352,24.5,0,2026-01-02 07:02:00
1864,1,2.589912255316157,69.12835176228643,216.50293605352363,2.097692347356019,24.5,0,2026-01-02 07:03:00
1865,1,2.6541045642522283,68.0401103190933,222.6086804857563,2.1721560084794866,24.5,0,2026-01-02 07:04:00
1866,1,2.7055218738417786,67.72649302429424,216.67501602392866,2.2749583577484853,24.5,0,2026-01-02 07:05:00
1867,1,2.7982795150231157,68.42880803762942,222.0650924086833,2.4443846235510702,24.5,0,2026-01-02 07:06:00
1868,1,2.6253921002241376,66.80628544622131,222.25341027365516,2.1612323770224298,24.5,0,2026-01-02 07:07:00
1869,1,2.6198277706085964,68.4515316384838,217.8180671395696,2.196226262069084,24.5,0,2026-01-02 07:08:00
1870,1,2.5750374130758806,68.41444840635108,219.17837142409084,2.108259620904816,24.5,0,2026-01-02 07:09:00
1871,1,2.7512536834219983,69.54785156097363,217.78859066302812,2.233311782709192,24.5,0,2026-01-02 07:10:00
1872,1,2.8191358582505317,68.53092475787518,219.57015793942253,2.304264966699744,24.5,0,2026-01-02 07:11:00
1873,1,2.6326976382010163,68.54266178599438,219.38393143162853,2.0791142757247654,24.5,0,2026-01-02 07:12:00
1874,1,2.7697452597631007,68.01350769312221,221.5593210645387,2.3643305092522433,24.5,0,2026-01-02 07:13:00
1875,1,2.7116069176169013,68.19196737007402,222.6206174922392,2.136719390467639,24.5,0,2026-01-02 07:14:00
1876,1,2.7796960678737666,67.63453117668098,222.79136762157992,2.2912575684388834,24.5,0,2026-01-02 07:15:00
1877,1,2.8965899538429225,68.77701824858929,218.8756639468434,2.3422108966619724,24.5,0,2026-01-02 07:16:00
1878,1,2.796100622077251,68.50823543225957,219.58155625251095,2.2733662588875347,24.5,0,2026-01-02 07:17:00
1879,1,2.8213794422598273,69.01202748338551,216.6331236155581,2.4071302475873195,24.5,0,2026-01-02 07:18:00
1880,1,2.730905183013632,68.24771874555823,218.38825986700763,2.2731478463392087,24.5,0,2026-01-02 07:19:00
1881,1,2.980703905245348,69.08950593742941,221.9297032661949,2.421585285833097,24.5,0,2026-01-02 07:20:00
1882,1,2.9948914807586955,68.84805861020544,223.23116564709647,2.45188712219258,24.5,0,2026-01-02 07:21:00
1883,1,2.8698736323397007,68.76715366856176,217.53130225624017,2.339269882291135,24.5,0,2026-01-02 07:22:00
1884,1,2.9612648019438037,69.17721079196255,218.81507148169422,2.4508342694346923,24.5,0,2026-01-02 07:23:00
1885,1,3.0341772978910946,69.28215138224017,219.94718848608215,2.521803053156406,24.5,0,2026-01-02 07:24:00
1886,1,2.9619588643574564,69.57050710726054,220.56032231763922,2.5478745612868217,24.5,0,2026-01-02 07:25:00
1887,1,2.8863384523628937,68.96413494669355,218.3807929601567,2.2944128862973763,24.5,0,2026-01-02 07:26:00
1888,1,3.2726593983002314,69.53793720664234,220.8481220889282,2.7081355160900564,24.5,0,2026-01-02 07:27:00
1889,1,3.020426381092688,69.20656207486955,219.05232130585816,2.484989921755851,24.5,0,2026-01-02 07:28:00
1890,1,3.1075691165883117,69.04844946659665,219.97109545824344,2.619988462959698,24.5,0,2026-01-02 07:29:00
1891,1,3.25631434344895,69.53765548484905,221.0925684960074,2.713273980972481,24.5,0,2026-01-02 07:30:00
1892,1,3.5153866732656964,71.53069412499758,220.01284453962188,2.939216779933648,24.5,0,2026-01-02 07:31:00
1893,1,3.0400571865513157,68.86434050697073,219.12722821894687,2.5332693745715775,24.5,0,2026-01-02 07:32:00
1894,1,3.2404076760632305,69.63816155523342,219.78078039214833,2.6349616051402633,24.5,0,2026-01-02 07:33:00
1895,1,3.1439303103066853,69.39580296555144,219.82327408158932,2.6620255706220575,24.5,0,2026-01-02 07:34:00
1896,1,3.172700454735884,69.5680183822156,219.25997794023576,2.6649310403674065,24.5,0,2026-01-02 07:35:00
1897,1,3.1773470399915755,69.53540658441148,219.4824078746658,2.6743638707086705,24.5,0,2026-01-02 07:36:00
1898,1,3.209487542991409,69.87454353338755,223.19729434100944,2.718113901438351,24.5,0,2026-01-02 07:37:00
1899,1,3.3096464864778667,68.95151417947345,221.1218388958825,2.7583735903699473,24.5,0,2026-01-02 07:38:00
1900,1,3.158807949194399,70.36682056109858,219.40903936394167,2.68651593973514,24.5,0,2026-01-02 07:39:00
1901,1,3.4534852696706726,70.66164835050645,221.39390880902147,2.8747731662823504,24.5,0,2026-01-02 07:40:00
1902,1,3.3505617410304147,69.41109664845739,219.33236102048798,2.7595476422749137,24.5,0,2026-01-02 07:41:00
1903,1,3.453529025696355,68.92168917997292,222.34624927517328,2.855026048254265,24.5,0,2026-01-02 07:42:00
1904,1,3.357408689248156,69.57172962486099,220.7392843843962,2.774414786540479,24.5,0,2026-01-02 07:43:00
1905,1,3.371752757472226,70.0844495821695,219.78539571199155,2.761217076424173,24.5,0,2026-01-02 07:44:00
1906,1,3.4741033533183554,71.96116039086382,220.89543385162057,2.9530998310160865,24.5,0,2026-01-02 07:45:00
1907,1,3.284093604137616,70.50028656928497,216.858247695863,2.7289969729684236,24.5,0,2026-01-02 07:46:00
1908,1,3.3964837331037314,69.3023338404441,217.7464650621804,2.8115247308833653,24.5,0,2026-01-02 07:47:00
1909,1,3.362194568873913,69.92377152826636,217.6121499872019,2.7975877930542987,24.5,0,2026-01-02 07:48:00
1910,1,3.4184284452647007,70.3500923440937,220.28588618952742,2.9733502863677823,24.5,0,2026-01-02 07:49:00
1911,1,3.3605601718128804,70.34065204533024,223.46502999897018,2.7196820629476126,24.5,0,2026-01-02 07:50:00
1912,1,3.7497113634929042,70.13931740446802,224.46260029238528,3.055197067569445,24.5,0,2026-01-02 07:51:00
1913,1,3.507828309855969,70.49149324993247,221.2761022028815,2.8283232012376693,24.5,0,2026-01-02 07:52:00
1914,1,3.708865816482469,70.56096869608248,221.00168894988892,3.0514658875464398,24.5,0,2026-01-02 07:53:00
1915,1,3.6389405439918145,70.359036587998,216.39788453169453,3.017321033422471,24.5,0,2026-01-02 07:54:00
1916,1,3.4608581703577035,70.75430800299011,218.91465240053196,2.834432385057417,24.5,0,2026-01-02 07:55:00
1917,1,3.4894213120994597,71.15015962305264,218.42443249618353,2.8540092037979203,24.5,0,2026-01-02 07:56:00
1918,1,3.878192354636619,71.967540543304,218.75830480349777,3.2087793846270722,24.5,0,2026-01-02 07:57:00
1919,1,3.8285166175969887,71.69245349332589,219.6637123628304,3.1352276728062156,24.5,0,2026-01-02 07:58:00
1920,1,3.654097505642078,70.73924134248516,219.05581884460574,3.031562151160089,24.5,0,2026-01-02 07:59:00
1921,1,3.6478410276584867,71.56999794405131,216.04140037924842,3.0662999726294364,24.5,0,2026-01-02 08:00:00
1922,1,3.6648810245847683,71.19436764882832,221.49582051223507,3.058200555259258,24.5,0,2026-01-02 08:01:00
1923,1,3.7261013551020485,71.34672271572646,217.85451394852038,3.118612734511374,24.5,0,2026-01-02 08:02:00
1924,1,3.669224050481004,70.71367762969061,220.4784937282223,3.081623396985897,24.5,0,2026-01-02 08:03:00
1925,1,3.609481615329968,70.56322465976758,224.14816533949994,2.9918800431273054,24.5,0,2026-01-02 08:04:00
1926,1,3.5985187721918255,71.09097018991581,218.16123081682716,2.9604656378278884,24.5,0,2026-01-02 08:05:00
1927,1,3.691747845050955,72.82164615128733,214.93942495450733,3.006384653122609,24.5,0,2026-01-02 08:06:00
1928,1,3.666157462672657,71.35000331680733,219.4279915562398,3.0040287744043255,24.5,0,2026-01-02 08:07:00
1929,1,3.834714577575184,71.0566748672096,222.20191926999715,3.1361011623916717,24.5,0,2026-01-02 08:08:00
1930,1,3.7738150518751485,70.76324305520339,223.9166949084412,3.1483372601430806,24.5,0,2026-01-02 08:09:00
1931,1,3.7081933107513865,71.06622662350247,217.54090081109516,3.0746776690674484,24.5,0,2026-01-02 08:10:00
1932,1,3.9457701993826304,73.03428786888655,220.99339844647304,3.28772899124716,24.5,0,2026-01-02 08:11:00
1933,1,3.8624158242117583,71.40610533424726,219.06937908643988,3.125838546128094,24.5,0,2026-01-02 08:12:00
1934,1,3.8608367737588427,72.17659067826631,219.78810329139174,3.253822985401334,24.5,0,2026-01-02 08:13:00
1935,1,4.061253371327472,71.62221937993179,225.28868669403408,3.325742074255719,24.5,0,2026-01-02 08:14:00
1936,1,3.882903062509535,71.96173349562186,216.9940593432097,3.1447824585799937,24.5,0,2026-01-02 08:15:00
1937,1,4.054526742724843,72.50950485645508,220.50747932298916,3.3189181958715035,24.5,0,2026-01-02 08:16:00
1938,1,3.879093105256196,71.345593417787,220.93538634353087,3.320192654668076,24.5,0,2026-01-02 08:17:00
1939,1,3.9140407726933812,71.34498467849228,222.1715726498787,3.205089607338736,24.5,0,2026-01-02 08:18:00
1940,1,3.8006747883358645,72.58485210844526,220.19596630694178,3.1145140686294863,24.5,0,2026-01-02 08:19:00
1941,1,3.9058038421902945,72.38817933954587,220.61610107900822,3.20744097311113,24.5,0,2026-01-02 08:20:00
1942,1,4.030525871119756,72.5833314530679,219.2167028651564,3.312011512084314,24.5,0,2026-01-02 08:21:00
1943,1,4.097471238568702,72.68037130460868,220.5382538824902,3.3351658544493645,24.5,0,2026-01-02 08:22:00
1944,1,4.0486750804542755,72.44712117319409,219.31361544900517,3.3408836190696776,24.5,0,2026-01-02 08:23:00
1945,1,3.811889718276862,72.86171505201146,221.2431437797121,3.19221721597207,24.5,0,2026-01-02 08:24:00
1946,1,4.075423198485114,72.28269512139082,219.26077932791273,3.3707910387047817,24.5,0,2026-01-02 08:25:00
1947,1,3.813648189363975,72.04746209013811,220.75420078780436,3.083699090731425,24.5,0,2026-01-02 08:26:00
1948,1,4.083227902698559,71.40621990057228,219.94147437263004,3.343612237472686,24.5,0,2026-01-02 08:27:00
1949,1,4.003134243237011,71.55618984161859,222.25210050154433,3.2670000755831636,24.5,0,2026-01-02 08:28:00
1950,1,4.074960967882086,71.57155552388905,219.89721255282302,3.3560014066877324,24.5,0,2026-01-02 08:29:00
1951,1,3.8140336055226154,72.67553925309895,216.45393506358624,3.20484162119248,24.5,0,2026-01-02 08:30:00
1952,1,4.182522268893762,70.90557970885368,222.523843001428,3.4337360059147906,24.5,0,2026-01-02 08:31:00
1953,1,3.8412251625882146,71.69299368933751,218.18853539827475,3.1556533743019424,24.5,0,2026-01-02 08:32:00
1954,1,3.9346144894076382,70.32118516323213,218.69246732270236,3.3254482934391736,24.5,0,2026-01-02 08:33:00
1955,1,3.907523808363079,71.57565148498338,218.808677411913,3.2577704750624763,24.5,0,2026-01-02 08:34:00
1956,1,3.904072851864991,71.65077425717764,222.74887618634165,3.2395047124542855,24.5,0,2026-01-02 08:35:00
1957,1,3.9676582219227785,73.16739776317364,215.72865157204262,3.3606750285995695,24.5,0,2026-01-02 08:36:00
1958,1,4.342688491639503,72.93734217480791,226.27549706731998,3.5953047178394923,24.5,0,2026-01-02 08:37:00
1959,1,4.353179936062965,72.39142847990894,222.1121136181321,3.479756555106041,24.5,0,2026-01-02 08:38:00
1960,1,4.061971530362688,73.03593135399895,220.4464778282583,3.38095749849162,24.5,0,2026-01-02 08:39:00
1961,1,4.156460992138501,72.62915044554697,219.89021199876743,3.337061365644549,24.5,0,2026-01-02 08:40:00
1962,1,4.0807939736223044,72.48146873436473,220.57110814971531,3.3767274124620714,24.5,0,2026-01-02 08:41:00
1963,1,4.117448738893162,71.80727930234066,221.04224485675869,3.2982292093635333,24.5,0,2026-01-02 08:42:00
1964,1,4.036865425287364,71.78246387040559,221.2904311719001,3.294014642295721,24.5,0,2026-01-02 08:43:00
1965,1,4.088235950521939,72.00385516094626,221.1112089320069,3.3410467799224692,24.5,0,2026-01-02 08:44:00
1966,1,4.105275179102848,72.60946705490157,220.17916136251048,3.334393597122673,24.5,0,2026-01-02 08:45:00
1967,1,3.9810357335618316,72.41853082359387,219.60532315938534,3.2530545926965306,24.5,0,2026-01-02 08:46:00
1968,1,4.032120030321473,73.4110458845091,219.69745343269298,3.3637607780869248,24.5,0,2026-01-02 08:47:00
1969,1,4.030827805819721,72.7312360274713,219.61018343929464,3.2750424748410913,24.5,0,2026-01-02 08:48:00
1970,1,4.168026968269618,71.0636332728837,222.26754019373413,3.4503440412979596,24.5,0,2026-01-02 08:49:00
1971,1,3.9527807429508877,72.47747872882576,221.18711344456173,3.1977040396695533,24.5,0,2026-01-02 08:50:00
1972,1,3.923643626953855,71.66219644626645,214.11922273067145,3.212262226262073,24.5,0,2026-01-02 08:51:00
1973,1,4.2520948390547435,72.35395699247817,221.31180155305952,3.5072741308454174,24.5,0,2026-01-02 08:52:00
1974,1,4.154916188172294,72.30448412356212,220.38947238943754,3.3611283951421838,24.5,0,2026-01-02 08:53:00
1975,1,4.1615769089055545,72.4378563510728,219.9625824871082,3.3504952499263787,24.5,0,2026-01-02 08:54:00
1976,1,4.009589692358996,71.75208764420138,219.22296309382222,3.315585499082837,24.5,0,2026-01-02 08:55:00
1977,1,4.090378909191465,72.76406811178504,222.24822543997203,3.4131200828822,24.5,0,2026-01-02 08:56:00
1978,1,4.148164271171007,71.93645865892687,221.8950529242457,3.400096724783584,24.5,0,2026-01-02 08:57:00
1979,1,4.134359862085659,73.11248689514228,218.45424466435279,3.369516956227502,24.5,0,2026-01-02 08:58:00
1980,1,3.8163010661989407,73.54147316825409,220.81410457424906,3.138875208080726,24.5,0,2026-01-02 08:59:00
1981,1,3.826143616912938,71.53132146848341,218.05668653091743,3.1416268730293857,24.5,0,2026-01-02 09:00:00
1982,1,4.067467010319602,72.68486507875151,217.24076367042213,3.3486387748866173,24.5,0,2026-01-02 09:01:00
1983,1,3.928947294626695,71.0251359803063,218.74656555082007,3.0961330865399797,24.5,0,2026-01-02 09:02:00
1984,1,3.934601574175917,72.27984295278016,221.72478694476553,3.173405097687368,24.5,0,2026-01-02 09:03:00
1985,1,3.8704163246697822,72.72896652338831,221.90625009075217,3.1316415514109943,24.5,0,2026-01-02 09:04:00
1986,1,3.917856560572927,72.91423512759238,221.0261708401946,3.2200281486267466,24.5,0,2026-01-02 09:05:00
1987,1,3.8303759190250743,72.35675869271691,221.450191573696,3.1497339948816863,24.5,0,2026-01-02 09:06:00
1988,1,4.16931702241829,73.53983030106353,221.0323565742299,3.4497975882032876,24.5,0,2026-01-02 09:07:00
1989,1,3.903707985753917,74.1077247856787,218.7170368095541,3.212802471470635,24.5,0,2026-01-02 09:08:00
1990,1,3.9286733460654446,73.59619205328427,220.86384508934788,3.155029058669903,24.5,0,2026-01-02 09:09:00
1991,1,3.997504648733973,72.37962406475914,221.60081905045536,3.348504739347055,24.5,0,2026-01-02 09:10:00
1992,1,4.023497571592083,71.89175968203344,221.50858265962714,3.360723191580868,24.5,0,2026-01-02 09:11:00
1993,1,4.026734310726303,72.50918961563198,222.37782674294928,3.2365398543972534,24.5,0,2026-01-02 09:12:00
1994,1,4.011174006391033,72.20331389919703,221.41660769440213,3.303006434543844,24.5,0,2026-01-02 09:13:00
1995,1,3.813734997906055,72.6938302343559,220.70289641508316,3.094524923037861,24.5,0,2026-01-02 09:14:00
1996,1,3.8607226561336474,71.77265732268489,222.14030047663286,3.169416408502802,24.5,0,2026-01-02 09:15:00
1997,1,3.9184615848689743,72.64216931322962,219.94695748150187,3.26211404095815,24.5,0,2026-01-02 09:16:00
1998,1,3.745527307422119,72.9198598951011,218.23625069754456,3.1740037179236573,24.5,0,2026-01-02 09:17:00
1999,1,3.8102681879284037,72.45093626681357,219.67386607211247,3.157771607333251,24.5,0,2026-01-02 09:18:00
2000,1,3.8177272191645923,72.01356848886567,218.5101947103871,3.140750002645537,24.5,0,2026-01-02 09:19:00
2001,1,3.8457642248201123,73.35215177197219,218.64964345005123,3.131654381531917,24.5,0,2026-01-02 09:20:00
2002,1,3.5917793631668617,70.99532778230272,219.71096265856897,2.949512911126839,24.5,0,2026-01-02 09:21:00
2003,1,3.8071680111067803,72.41196557724383,218.41516015800008,3.1844107807244617,24.5,0,2026-01-02 09:22:00
2004,1,3.714145066577404,72.38081933610687,219.3840769407219,3.037737220951722,24.5,0,2026-01-02 09:23:00
2005,1,3.739792807886772,72.5899005745347,216.21277066609244,3.016353240954606,24.5,0,2026-01-02 09:24:00
2006,1,3.804894717014987,72.68829995790554,220.42658741474588,3.03264262094291,24.5,0,2026-01-02 09:25:00
2007,1,3.866596499999415,73.09767520996328,220.00241095072445,3.1894550064974623,24.5,0,2026-01-02 09:26:00
2008,1,3.797047102618253,72.64395897829195,218.36582273786362,3.118948270085265,24.5,0,2026-01-02 09:27:00
2009,1,3.8319946788137003,72.42716069388034,221.3184913368648,3.10256758669284,24.5,0,2026-01-02 09:28:00
2010,1,3.835552284270731,72.40652695038138,221.87514027525313,3.1887603317409683,24.5,0,2026-01-02 09:29:00
2011,1,3.616780848602506,72.03688704955069,216.78488027126204,2.937121175058525,24.5,0,2026-01-02 09:30:00
2012,1,3.602689848471616,72.8071797939271,218.47455044286758,2.9396579557581077,24.5,0,2026-01-02 09:31:00
2013,1,3.670490024375573,72.09709388778305,218.4617153004254,3.000705846320932,24.5,0,2026-01-02 09:32:00
2014,1,3.6339647543822733,72.9467050274834,218.12019379778226,2.9538257655849414,24.5,0,2026-01-02 09:33:00
2015,1,3.5696026240892547,72.22315211091946,221.65894968386348,2.9302479998312276,24.5,0,2026-01-02 09:34:00
2016,1,3.5915454529167543,72.02269203149565,219.6123477224544,2.9936770140258018,24.5,0,2026-01-02 09:35:00
2017,1,3.5274067922091366,72.59900781650639,219.47097031737877,2.8262552248854833,24.5,0,2026-01-02 09:36:00
2018,1,3.3728039956079248,71.60782841061418,215.9922752711865,2.781153939017521,24.5,0,2026-01-02 09:37:00
2019,1,3.655542483535557,72.83581046443764,221.27083606041845,2.9961306004415147,24.5,0,2026-01-02 09:38:00
2020,1,3.4521651849381625,72.31283404670583,217.52148321029304,2.828716943279488,24.5,0,2026-01-02 09:39:00
2021,1,3.677027258856941,72.20510034577376,220.11986526053266,3.0480725516110567,24.5,0,2026-01-02 09:40:00
2022,1,3.2930876370314066,72.12388967502646,220.5547538759164,2.6929610136813342,24.5,0,2026-01-02 09:41:00
2023,1,3.4161420054340934,72.32673234088142,222.72131719167731,2.814765562227274,24.5,0,2026-01-02 09:42:00
2024,1,3.3746996353745833,72.78918876772991,217.38235920176177,2.792416075957867,24.5,0,2026-01-02 09:43:00
2025,1,3.4119692063519187,72.87303139095974,213.96097568835836,2.7615695346955826,24.5,0,2026-01-02 09:44:00
2026,1,3.420294294378488,72.41796064065305,220.3676990895074,2.808267289767045,24.5,0,2026-01-02 09:45:00
2027,1,3.4418680561824417,71.40601041148528,223.6010223630217,2.7981066573524336,24.5,0,2026-01-02 09:46:00
2028,1,3.257954516795845,73.24108576367917,222.47789270587887,2.6535612335286753,24.5,0,2026-01-02 09:47:00
2029,1,3.205372362875368,70.9005072744744,220.41931883054926,2.60089599313434,24.5,0,2026-01-02 09:48:00
2030,1,3.314611016543515,72.58458144974381,219.0167276287359,2.7294694498127727,24.5,0,2026-01-02 09:49:00
2031,1,3.162233798957135,71.91272283486587,221.61424519327463,2.5853448798402683,24.5,0,2026-01-02 09:50:00
2032,1,3.175363811662219,71.0919731971921,218.05290760059106,2.6114484047066546,24.5,0,2026-01-02 09:51:00
2033,1,3.3026855789656855,71.90432237263896,220.95271553871243,2.694495380074382,24.5,0,2026-01-02 09:52:00
2034,1,3.13279803133278,71.61072870088515,221.01094031833324,2.4762617617381535,24.5,0,2026-01-02 09:53:00
2035,1,3.3927842616012747,72.93444815266203,222.12041981499775,2.7699168305400614,24.5,0,2026-01-02 09:54:00
2036,1,3.3846205363267137,71.6222820963336,225.51932007782216,2.764587946285434,24.5,0,2026-01-02 09:55:00
2037,1,3.0095269190069316,71.30937221227529,220.78483193435753,2.46726761312472,24.5,0,2026-01-02 09:56:00
2038,1,3.029303246385348,70.16795272621646,218.982072748585,2.441337544674819,24.5,0,2026-01-02 09:57:00
2039,1,2.8855926251730053,72.31493606209455,219.94885137561602,2.2937893840767303,24.5,0,2026-01-02 09:58:00
2040,1,2.969656803471046,70.9075352226672,216.46184819022176,2.453115887262167,24.5,0,2026-01-02 09:59:00
2041,1,3.1348160960319014,72.03081072855771,218.61057373782188,2.5426442390795576,24.5,0,2026-01-02 10:00:00
2042,1,3.0038469830313344,71.51278234860175,219.18143512377378,2.457841445679643,24.5,0,2026-01-02 10:01:00
2043,1,3.0686552164190455,71.66476786187125,218.95182320413082,2.4877994306152083,24.5,0,2026-01-02 10:02:00
2044,1,2.8663784993734733,71.78786171523399,220.30470974406745,2.336419594561894,24.5,0,2026-01-02 10:03:00
2045,1,3.0539929642817665,72.7437817447464,218.3551601352356,2.4669561095147765,24.5,0,2026-01-02 10:04:00
2046,1,2.9496078049675076,71.59635283097275,222.24206133464895,2.3556876487779697,24.5,0,2026-01-02 10:05:00
2047,1,2.957074158373292,71.9270558856034,220.0004141298364,2.433622892341297,24.5,0,2026-01-02 10:06:00
2048,1,2.9260316845298506,71.68549519213366,219.98139935772278,2.35424306756007,24.5,0,2026-01-02 10:07:00
2049,1,2.7785710921866333,71.83818365565186,219.34421056697417,2.2722058141237844,24.5,0,2026-01-02 10:08:00
2050,1,2.7827166372491976,70.9489423535523,220.31038136771795,2.2876823565626863,24.5,0,2026-01-02 10:09:00
2051,1,2.9957179255749202,72.27154788884111,221.65019652933526,2.411112933015024,24.5,0,2026-01-02 10:10:00
2052,1,2.8730731572766155,72.15442552198306,218.2657395685782,2.280113013278989,24.5,0,2026-01-02 10:11:00
2053,1,2.924309300643736,72.24357435769443,218.6837670218495,2.503108596316626,24.5,0,2026-01-02 10:12:00
2054,1,2.84083717263308,71.02875882173527,219.39254794244667,2.2871976052685468,24.5,0,2026-01-02 10:13:00
2055,1,2.7762198443805475,71.26355902015979,217.30825815305357,2.2919064288114708,24.5,0,2026-01-02 10:14:00
2056,1,2.582473195228184,71.11067873026889,218.361484280557,2.1997263961782427,24.5,0,2026-01-02 10:15:00
2057,1,2.7178347977403754,70.41206439437651,219.04755825291068,2.2522441641309277,24.5,0,2026-01-02 10:16:00
2058,1,2.7565826896740377,72.21678105675362,221.74877836142545,2.2290491503384158,24.5,0,2026-01-02 10:17:00
2059,1,2.9229501641453752,71.62546002071169,220.52512265800385,2.3759135108151668,24.5,0,2026-01-02 10:18:00
2060,1,2.7735759590152593,71.52710237514582,220.38717982273508,2.2158232281148162,24.5,0,2026-01-02 10:19:00
2061,1,2.8575499241438456,71.15777995307195,221.70179592433595,2.3696534667458997,24.5,0,2026-01-02 10:20:00
2062,1,2.718362456440633,70.49784873299974,219.72525642320122,2.2403855975130713,24.5,0,2026-01-02 10:21:00
2063,1,2.579706262748234,70.64778270067627,220.78092969985778,2.0733091447350875,24.5,0,2026-01-02 10:22:00
2064,1,2.6333770536128944,71.28571318819323,219.793556494135,2.0903777658263243,24.5,0,2026-01-02 10:23:00
2065,1,2.635843611469304,71.56069808713096,220.53072469879925,2.0782171449416516,24.5,0,2026-01-02 10:24:00
2066,1,2.4791170920238974,70.99761034870686,218.83448268477684,2.0659046480692616,24.5,0,2026-01-02 10:25:00
2067,1,2.4743100428605054,71.19884858236246,215.12236568344713,2.0184861674834353,24.5,0,2026-01-02 10:26:00
2068,1,2.5275343466756786,70.80401644507167,219.7314416756274,2.066300889690748,24.5,0,2026-01-02 10:27:00
2069,1,2.73113855370512,71.64633582852082,222.84549627219988,2.179766017982327,24.5,0,2026-01-02 10:28:00
2070,1,2.32514968041209,71.48148839233592,221.8524308044832,1.8174062728623404,24.5,0,2026-01-02 10:29:00
2071,1,2.6440760024031156,71.6528589941062,221.93079496918233,2.197816424749899,24.5,0,2026-01-02 10:30:00
2072,1,2.414018793268362,71.26849705456983,222.47226144361244,1.9645504115577834,24.5,0,2026-01-02 10:31:00
2073,1,2.328190928193578,70.85387222786487,220.17731518192286,1.937848171407129,24.5,0,2026-01-02 10:32:00
2074,1,2.5725893564391824,70.26817210077587,220.3946314148112,2.071641666209761,24.5,0,2026-01-02 10:33:00
2075,1,2.4922055066962416,70.43631925662382,218.7646962091313,2.0135608338552853,24.5,0,2026-01-02 10:34:00
2076,1,2.5357392547397515,71.4237089149236,219.3678542879459,2.0962402049163997,24.5,0,2026-01-02 10:35:00
2077,1,2.4951368468256296,71.03708681706316,221.23154229954227,2.063995897762398,24.5,0,2026-01-02 10:36:00
2078,1,2.6214328958645567,71.54351733494582,222.40776887433762,2.1696633651180965,24.5,0,2026-01-02 10:37:00
2079,1,2.4227065826542695,71.96988909058892,219.721107448638,1.9533728588892723,24.5,0,2026-01-02 10:38:00
2080,1,2.328741939676131,71.24179113290725,219.09962147029717,1.9223371034901342,24.5,0,2026-01-02 10:39:00
2081,1,2.3740439866600784,71.64709573963462,220.0010559177132,1.9836702047028163,24.5,0,2026-01-02 10:40:00
2082,1,2.4640212690030747,71.11494584235301,221.20241349785823,1.9958566931729165,24.5,0,2026-01-02 10:41:00
2083,1,2.2023670899732055,70.15606535772169,217.11229036773292,1.762745909873927,24.5,0,2026-01-02 10:42:00
2084,1,2.1840335807474403,70.61857253644466,215.40763809372552,1.8404927364482258,24.5,0,2026-01-02 10:43:00
2085,1,2.240361322829332,70.2270114890801,218.89892630101684,1.7861872351607857,24.5,0,2026-01-02 10:44:00
2086,1,2.0337226212321613,71.27429494461676,217.55857514817168,1.6824519530699618,24.5,0,2026-01-02 10:45:00
2087,1,2.259952040748669,71.25127069397759,218.98371960470539,1.8315268355642471,24.5,0,2026-01-02 10:46:00
2088,1,2.05008241291448,70.6743041709387,219.70443936236506,1.5718479246833903,24.5,0,2026-01-02 10:47:00
2089,1,2.227436888433778,71.48182853521217,219.09350318195396,1.8641228848303193,24.5,0,2026-01-02 10:48:00
2090,1,2.3371979802703104,69.6817393098339,222.90493506894148,1.7586882730822326,24.5,0,2026-01-02 10:49:00
2091,1,2.16554081902596,70.96993283442313,220.65348952920465,1.6579030998111146,24.5,0,2026-01-02 10:50:00
2092,1,2.372120121690548,70.25382621565026,220.60094871922166,1.9509010060144163,24.5,0,2026-01-02 10:51:00
2093,1,2.0485363172479327,70.40136613134091,221.2444142880868,1.688193766511043,24.5,0,2026-01-02 10:52:00
2094,1,2.2708395974199393,70.74274937893763,217.72233376443847,1.8101167557403761,24.5,0,2026-01-02 10:53:00
2095,1,2.2530157984248675,71.21797461298678,222.07822357484054,1.834746300899973,24.5,0,2026-01-02 10:54:00
2096,1,1.9784987854296552,70.4746840094359,219.84847142692908,1.4779705143255066,24.5,0,2026-01-02 10:55:00
2097,1,2.432866496993539,72.02597808640324,221.34096123448242,2.0081810033216705,24.5,0,2026-01-02 10:56:00
2098,1,2.107235463843923,70.29933748239566,217.8562855339197,1.7210906483269275,24.5,0,2026-01-02 10:57:00
2099,1,2.0078405678758817,70.92038526534171,216.89248246796788,1.6255673274125308,24.5,0,2026-01-02 10:58:00
2100,1,1.9890437356510695,70.48423833774363,221.63577931605005,1.6134908275847077,24.5,0,2026-01-02 10:59:00
2101,1,2.0933531960376253,69.64177913659387,220.75281905219504,1.7215018307690912,24.5,0,2026-01-02 11:00:00
2102,1,2.070557023272377,70.0896739049826,218.19589689128497,1.676747999573802,24.5,0,2026-01-02 11:01:00
2103,1,2.086793030545096,70.59703513586423,218.2606738374506,1.5974805095408209,24.5,0,2026-01-02 11:02:00
2104,1,2.076772454912998,71.2751021866677,222.25086956882953,1.7927107021784896,24.5,0,2026-01-02 11:03:00
2105,1,2.1200069340079923,71.07376900282753,217.62117621426535,1.777797022794247,24.5,0,2026-01-02 11:04:00
2106,1,2.063841378521946,69.893224222445,223.28534590651194,1.6078338249395512,24.5,0,2026-01-02 11:05:00
2107,1,1.8555565248312924,70.20319017440922,218.19875853070425,1.485925844760824,24.5,0,2026-01-02 11:06:00
2108,1,2.057828515271508,71.85907258157577,221.27678385121678,1.6550744440920189,24.5,0,2026-01-02 11:07:00
2109,1,1.810822824820061,70.27615842830996,219.34276304850204,1.5205931423831835,24.5,0,2026-01-02 11:08:00
2110,1,2.0982415716256884,70.5627124920545,221.2063748621647,1.5913080826455728,24.5,0,2026-01-02 11:09:00
2111,1,1.9378122411142344,70.79374983471718,218.9117719957716,1.5442396861179044,24.5,0,2026-01-02 11:10:00
2112,1,2.0559845121004963,71.19226854794196,219.6744141878554,1.5766846376718167,24.5,0,2026-01-02 11:11:00
2113,1,2.172638591769327,70.69845449948562,220.08183835079143,1.7447397784357581,24.5,0,2026-01-02 11:12:00
2114,1,1.921907298365198,70.82970375721733,217.99562508843707,1.532218821331976,24.5,0,2026-01-02 11:13:00
2115,1,2.154549839968997,70.74218511551383,221.48164869084025,1.7479855497020276,24.5,0,2026-01-02 11:14:00
2116,1,1.9771574506563883,71.08233820627933,218.97357286705682,1.570006784415342,24.5,0,2026-01-02 11:15:00
2117,1,2.201073039635895,71.20082141609569,219.54280016931997,1.7437515948818603,24.5,0,2026-01-02 11:16:00
2118,1,1.9716469513277743,70.97626036369365,218.01130125078296,1.6264541838927016,24.5,0,2026-01-02 11:17:00
2119,1,1.8950870334826981,70.14904302382726,214.87533268240938,1.5560987883156503,24.5,0,2026-01-02 11:18:00
2120,1,2.090414032595526,70.4306680794616,219.61794447479966,1.7188101883775233,24.5,0,2026-01-02 11:19:00
2121,1,2.0233913167939797,71.28027270435331,224.82523084322582,1.6280071401243814,24.5,0,2026-01-02 11:20:00
2122,1,1.9527114514704178,70.59914450390988,221.56920857579604,1.5509297400973805,24.5,0,2026-01-02 11:21:00
2123,1,1.9757075582085446,70.90626502321086,219.96147924053122,1.5920154196349459,24.5,0,2026-01-02 11:22:00
2124,1,2.01584653709111,70.65459314641379,219.47421834158345,1.6553176364928959,24.5,0,2026-01-02 11:23:00
2125,1,2.162643520646915,71.67236239345115,220.0449317856241,1.6399636156125614,24.5,0,2026-01-02 11:24:00
2126,1,1.84134394702614,70.1313234566511,221.0942382303504,1.5085432407825903,24.5,0,2026-01-02 11:25:00
2127,1,2.010470679994964,70.82501591521772,217.63837436938232,1.6408811677852397,24.5,0,2026-01-02 11:26:00
2128,1,2.116812522536746,71.51806573680776,222.22864338933775,1.7143358682283762,24.5,0,2026-01-02 11:27:00
2129,1,2.0680775893460077,71.68448184546033,221.4307626308825,1.6641982243243074,24.5,0,2026-01-02 11:28:00
2130,1,2.185064395909953,70.91104231996523,221.43637145141588,1.6377438286210837,24.5,0,2026-01-02 11:29:00
2131,1,2.04251165926444,72.14636817741456,220.87695147761946,1.62867566961577,24.5,0,2026-01-02 11:30:00
2132,1,2.0276021317425723,71.15934937853429,220.03923331538797,1.7279271884370255,24.5,0,2026-01-02 11:31:00
2133,1,2.1231564285753484,70.5246940476862,221.34572247193364,1.7161438287371695,24.5,0,2026-01-02 11:32:00
2134,1,2.07624722623668,71.29772871211514,221.18362826748276,1.6620641422460565,24.5,0,2026-01-02 11:33:00
2135,1,2.0142465762846955,70.77377846849167,219.29191857811796,1.6280200421869822,24.5,0,2026-01-02 11:34:00
2136,1,2.1070130107673544,71.4713259803232,218.85279645420619,1.719682954344072,24.5,0,2026-01-02 11:35:00
2137,1,2.007597564350322,70.97819992011834,220.20371259052396,1.6544201255324589,24.5,0,2026-01-02 11:36:00
2138,1,2.0446559490255276,71.08427356519165,223.09804030299037,1.6398009694095572,24.5,0,2026-01-02 11:37:00
2139,1,2.0085191340176896,70.53767260214714,217.5217858486922,1.6431450066255036,24.5,0,2026-01-02 11:38:00
2140,1,2.1991315284767765,72.08391253784932,217.06494946849512,1.8594753835126736,24.5,0,2026-01-02 11:39:00
2141,1,1.776105105140293,69.91116308116958,220.32952168247303,1.484248128237191,24.5,0,2026-01-02 11:40:00
2142,1,2.148297329795853,70.69342476584991,220.10177540371203,1.8512659567859269,24.5,0,2026-01-02 11:41:00
2143,1,2.1223019801264074,71.53808982190519,220.34668332874082,1.6802559051191281,24.5,0,2026-01-02 11:42:00
2144,1,1.9583172883528754,71.96833466751691,220.487906395817,1.664379533338637,24.5,0,2026-01-02 11:43:00
2145,1,2.1599986107798084,71.22589552521401,219.5535954907304,1.70364029900327,24.5,0,2026-01-02 11:44:00
2146,1,2.220180206135731,71.92465740997784,222.97972687720417,1.809241205788113,24.5,0,2026-01-02 11:45:00
2147,1,2.1795250283554797,72.20497956774791,216.79819204304698,1.7952043732853045,24.5,0,2026-01-02 11:46:00
2148,1,1.8794443987742282,71.43631542015636,218.3430059504395,1.4907657556830511,24.5,0,2026-01-02 11:47:00
2149,1,2.3085618532927143,71.59993686310996,219.79349047970192,1.866721443168736,24.5,0,2026-01-02 11:48:00
2150,1,2.0770213874854524,70.74740479050796,216.71362237769168,1.720894405022631,24.5,0,2026-01-02 11:49:00
2151,1,2.2601056533020003,70.39923552469062,219.64829119113585,1.787355323651518,24.5,0,2026-01-02 11:50:00
2152,1,2.3150911849954054,71.614496721797,223.32294033145604,1.950499439103336,24.5,0,2026-01-02 11:51:00
2153,1,2.1290647091347403,72.19369140356055,220.04177297659191,1.6476056840578293,24.5,0,2026-01-02 11:52:00
2154,1,2.3010994250458867,71.1586100404389,220.46140181143736,1.9523599202994582,24.5,0,2026-01-02 11:53:00
2155,1,2.1775826960258855,72.08352171412405,217.47967046965485,1.805674606710543,24.5,0,2026-01-02 11:54:00
2156,1,2.033451534572732,70.79623209415803,218.76727718392104,1.6347568239177879,24.5,0,2026-01-02 11:55:00
2157,1,2.3775866926860854,72.11851331304501,219.24960723935212,1.8963385564894581,24.5,0,2026-01-02 11:56:00
2158,1,2.196075599828435,72.13231714324606,219.36456980648754,1.744635139549572,24.5,0,2026-01-02 11:57:00
2159,1,2.2337480037072237,71.3379819175899,222.56328759000755,1.7933798379864792,24.5,0,2026-01-02 11:58:00
2160,1,2.279124329594182,71.96876836124805,221.11538212145024,1.834129782910451,24.5,0,2026-01-02 11:59:00
2161,1,2.326434181167207,71.79557126820178,217.77708408612594,1.93725145958327,24.5,0,2026-01-02 12:00:00
2162,1,2.3365569405811226,72.44546574681678,220.493009556864,1.9808908616546663,24.5,0,2026-01-02 12:01:00
2163,1,2.418273752333748,72.32883867742855,220.99644349699358,1.958067869142848,24.5,0,2026-01-02 12:02:00
2164,1,2.2545288611875574,71.88878684850364,222.28029807704254,1.7737271838409265,24.5,0,2026-01-02 12:03:00
2165,1,2.340296225463235,72.95458681523013,223.16108137313674,1.8576188707835275,24.5,0,2026-01-02 12:04:00
2166,1,2.3640972088832024,72.588029141396,217.96981161634426,1.894729858802958,24.5,0,2026-01-02 12:05:00
2167,1,2.5865489100480787,72.22550641174024,218.3782849775793,2.0313175923814235,24.5,0,2026-01-02 12:06:00
2168,1,2.3906105459388476,72.2326463547407,217.48484428217077,1.8659043720804025,24.5,0,2026-01-02 12:07:00
2169,1,2.550488813369236,72.52569872774923,219.53196028178604,2.1582318769151865,24.5,0,2026-01-02 12:08:00
2170,1,2.4770237467062524,72.45782897359697,220.93271674889266,2.009160717735662,24.5,0,2026-01-02 12:09:00
2171,1,2.4523261474137756,73.86808589935627,221.9746690331782,1.9322941538796057,24.5,0,2026-01-02 12:10:00
2172,1,2.469796365102552,72.67190411680802,219.84809795271497,2.028644499497986,24.5,0,2026-01-02 12:11:00
2173,1,2.4893982033892095,71.29256467729763,219.3603049534903,1.9444731950309244,24.5,0,2026-01-02 12:12:00
2174,1,2.5958064322557712,72.39230509246288,220.3035159844975,2.0340150507417656,24.5,0,2026-01-02 12:13:00
2175,1,2.667486122315614,71.7626185792192,218.32971419673996,2.106128718443051,24.5,0,2026-01-02 12:14:00
2176,1,2.6524648336035814,72.5714261833421,224.17907744338956,2.2167068437564112,24.5,0,2026-01-02 12:15:00
2177,1,2.6652443401744206,71.79301879582034,216.7846779457639,2.131404226694138,24.5,0,2026-01-02 12:16:00
2178,1,2.5094177884962474,72.08305438996388,220.36948115779145,1.8964067949755739,24.5,0,2026-01-02 12:17:00
2179,1,2.6267134606758256,71.85492722474892,224.04721243845927,2.1731329020275236,24.5,0,2026-01-02 12:18:00
2180,1,2.5666277083337428,72.98756934296541,220.01359968911999,2.048777970733136,24.5,0,2026-01-02 12:19:00
2181,1,2.685644564897251,73.01710699357506,219.61992192999702,2.067124721613477,24.5,0,2026-01-02 12:20:00
2182,1,2.632415205150091,73.11613931235134,219.28510915437914,2.100746196472572,24.5,0,2026-01-02 12:21:00
2183,1,2.765630464649034,73.14192003532581,219.6392166364752,2.2495192754141793,24.5,0,2026-01-02 12:22:00
2184,1,2.653949579482024,72.08872847732005,222.74569694935306,2.153670699600357,24.5,0,2026-01-02 12:23:00
2185,1,2.6839914575528043,73.48129106326101,215.576276177341,2.2473234315039154,24.5,0,2026-01-02 12:24:00
2186,1,2.862966577186941,74.50858110592503,223.06686740259266,2.258395065821949,24.5,0,2026-01-02 12:25:00
2187,1,2.531381292592005,73.10386736289041,217.15208569509971,2.036663143410691,24.5,0,2026-01-02 12:26:00
2188,1,3.0006051035938177,73.49390488872098,219.46669534153116,2.3761960272459546,24.5,0,2026-01-02 12:27:00
2189,1,2.7733638729991448,72.4655876605642,219.14151115940268,2.151239412060852,24.5,0,2026-01-02 12:28:00
2190,1,2.6417944073988693,72.4833115051538,221.17710653954143,2.166699422669243,24.5,0,2026-01-02 12:29:00
2191,1,2.826859271272825,73.7908643019192,216.8037512962325,2.2940409252347704,24.5,0,2026-01-02 12:30:00
2192,1,2.8879429837775845,74.19238832232487,220.92434533216388,2.3338992590102468,24.5,0,2026-01-02 12:31:00
2193,1,2.937270330971471,73.73650599012535,224.0486192465737,2.3804406911991287,24.5,0,2026-01-02 12:32:00
2194,1,2.975515367832226,74.32918555632541,217.2736519908144,2.3553054937623488,24.5,0,2026-01-02 12:33:00
2195,1,3.013485293799668,74.279858290091,220.3794123352208,2.3695453038444225,24.5,0,2026-01-02 12:34:00
2196,1,2.9650028564750492,74.12408730423543,218.6760356444068,2.382542929689701,24.5,0,2026-01-02 12:35:00
2197,1,3.030238737604423,73.510433243877,220.85177441238608,2.4908570433537434,24.5,0,2026-01-02 12:36:00
2198,1,2.983166162460888,73.95391333841734,220.0382955548315,2.4751691014128605,24.5,0,2026-01-02 12:37:00
2199,1,3.174495530796753,73.77148088201804,218.7170261819114,2.5878735422753882,24.5,0,2026-01-02 12:38:00
2200,1,2.8967716873694194,73.6950238716297,220.97574456974215,2.32640493685506,24.5,0,2026-01-02 12:39:00
2201,1,3.1183727792860423,74.26185230369416,223.6086962195735,2.516041970901545,24.5,0,2026-01-02 12:40:00
2202,1,3.075380170191385,75.1106630464971,219.6181924165454,2.468383297725996,24.5,0,2026-01-02 12:41:00
2203,1,3.1974525989601776,73.52215856390677,221.43951588429636,2.514205497428196,24.5,0,2026-01-02 12:42:00
2204,1,2.9935442716164364,74.32038316678239,217.41345408425767,2.4028873148465517,24.5,0,2026-01-02 12:43:00
2205,1,2.9325366933156634,74.79510239685008,218.087127246364,2.285733303140448,24.5,0,2026-01-02 12:44:00
2206,1,3.1843278703679583,74.79653578837711,220.94481255576076,2.5480016914356773,24.5,0,2026-01-02 12:45:00
2207,1,3.246595647089354,74.92054951121307,222.96823205707193,2.6856964881684204,24.5,0,2026-01-02 12:46:00
2208,1,3.3564981224103194,75.06963678070628,220.71122669757133,2.7329109025032063,24.5,0,2026-01-02 12:47:00
2209,1,3.0775460170261684,74.99846641712291,219.3738839389537,2.4216575303436376,24.5,0,2026-01-02 12:48:00
2210,1,3.351607876555229,74.10628674928597,219.9985828108467,2.683687204373905,24.5,0,2026-01-02 12:49:00
2211,1,3.454442115230253,74.22390140559973,217.49918453206055,2.7277650492893017,24.5,0,2026-01-02 12:50:00
2212,1,3.2538506410552035,74.5565879221058,221.20903065271074,2.6052797921075275,24.5,0,2026-01-02 12:51:00
2213,1,3.188648190312363,73.1348341590864,221.76466612464682,2.6079366052128847,24.5,0,2026-01-02 12:52:00
2214,1,3.2588025286936717,75.4002870744489,219.09581933433384,2.6445030685944513,24.5,0,2026-01-02 12:53:00
2215,1,3.320014408563388,75.53187986560144,219.059915704481,2.7848536627227483,24.5,0,2026-01-02 12:54:00
2216,1,3.417429416724061,74.70251763431365,220.5317564593041,2.7980644745630987,24.5,0,2026-01-02 12:55:00
2217,1,3.2983002253777136,74.56189982610539,219.1265605279188,2.6529162208389687,24.5,0,2026-01-02 12:56:00
2218,1,3.5455780789903635,75.22287804189774,219.86773477074834,2.874417497805524,24.5,0,2026-01-02 12:57:00
2219,1,3.3593443105544645,74.81587834811863,224.19944357833302,2.6809664776132065,24.5,0,2026-01-02 12:58:00
2220,1,3.2446387110782644,74.78806632350212,219.505948598508,2.5425656641566423,24.5,0,2026-01-02 12:59:00
2221,1,3.546936515902613,75.66760510209514,219.28331969595754,2.906084780820424,24.5,0,2026-01-02 13:00:00
2222,1,3.215712492511524,74.60421996707117,218.70491638872969,2.6257055779048493,24.5,0,2026-01-02 13:01:00
2223,1,3.485958659387807,75.7388671687452,221.48838394299986,2.779346803274934,24.5,0,2026-01-02 13:02:00
2224,1,3.8104785190859216,76.15558568879278,219.6375516535638,3.0646521543326926,24.5,0,2026-01-02 13:03:00
2225,1,3.497150780009835,74.94822989474427,218.70125392335714,2.861848605801483,24.5,0,2026-01-02 13:04:00
2226,1,3.4645236660561904,75.94168470564847,222.642608064546,2.8157207572295997,24.5,0,2026-01-02 13:05:00
2227,1,3.5942968243423064,74.58789501786255,222.83920600902727,2.8038457695695254,24.5,0,2026-01-02 13:06:00
2228,1,3.5469812607459303,75.39801740744136,218.79915286852258,2.8510249034023256,24.5,0,2026-01-02 13:07:00
2229,1,3.543741886758943,76.12448245303099,216.26692009727876,2.8275860662014356,24.5,0,2026-01-02 13:08:00
2230,1,3.706156412566544,75.25909886420943,222.01502737967385,3.0212973643648584,24.5,0,2026-01-02 13:09:00
2231,1,3.495066737627325,75.58623921047528,218.63074034848,2.848006932990229,24.5,0,2026-01-02 13:10:00
2232,1,3.8366545997937913,76.31921603492081,221.58125119832553,3.135387747234789,24.5,0,2026-01-02 13:11:00
2233,1,3.613542748543796,75.23530954615485,216.05979236457634,2.8347763027133333,24.5,0,2026-01-02 13:12:00
2234,1,3.7744622077746626,75.85088250788513,221.78519467659862,2.9798918187471974,24.5,0,2026-01-02 13:13:00
2235,1,3.5827126278910613,75.57538588516445,217.57765614143844,2.921139292803744,24.5,0,2026-01-02 13:14:00
2236,1,3.8571850350279315,75.76654556232748,221.46152823813304,3.0550660224335493,24.5,0,2026-01-02 13:15:00
2237,1,3.6911260146817284,77.21477395108106,220.02854613567285,2.875481622569734,24.5,0,2026-01-02 13:16:00
2238,1,3.726986113202984,75.52715583395695,218.0921211612067,3.006560075240109,24.5,0,2026-01-02 13:17:00
2239,1,3.638121637863855,76.38962594071036,219.18592737414644,2.881226423109099,24.5,0,2026-01-02 13:18:00
2240,1,3.6822856001151916,75.58144058379787,221.3726369139134,3.0330904931358207,24.5,0,2026-01-02 13:19:00
2241,1,3.8476785439076027,75.54481282274511,220.21178890623048,3.0903169200330516,24.5,0,2026-01-02 13:20:00
2242,1,3.7630188598401375,76.07418296828124,221.16882596094496,3.0155501211657874,24.5,0,2026-01-02 13:21:00
2243,1,3.781761010036612,76.36137504870581,223.95288116903097,3.0037521119998205,24.5,0,2026-01-02 13:22:00
2244,1,3.6960962488189004,76.60721550606732,216.8715167765779,3.033001265694466,24.5,0,2026-01-02 13:23:00
2245,1,3.9553220611152824,77.3009435059709,223.23442514993724,3.1782121411252486,24.5,0,2026-01-02 13:24:00
2246,1,3.7796620553325253,77.90475592607598,220.20871187504642,2.9992059147589862,24.5,0,2026-01-02 13:25:00
2247,1,3.808593394049422,76.42917981429868,218.20243190335376,3.0027361432466684,24.5,0,2026-01-02 13:26:00
2248,1,3.8184623288170765,75.94589413872511,217.339372748522,3.0463453160074168,24.5,0,2026-01-02 13:27:00
2249,1,3.6748016156882612,76.26668605068743,219.62175921844593,2.886093285422356,24.5,0,2026-01-02 13:28:00
2250,1,3.768746939629451,75.96150216896297,221.84330022384893,3.0611503833809293,24.5,0,2026-01-02 13:29:00
2251,1,3.9265873785409626,77.07464230482908,219.74490175924493,3.0450266034396125,24.5,0,2026-01-02 13:30:00
2252,1,3.8856432827431484,75.56177372767577,223.0223098604947,3.095463220762249,24.5,0,2026-01-02 13:31:00
2253,1,3.9715305950375095,78.15480604577458,217.0976486198969,3.2012040677946443,24.5,0,2026-01-02 13:32:00
2254,1,4.024841744122914,77.2637358152434,219.9758221043079,3.2300433558153236,24.5,0,2026-01-02 13:33:00
2255,1,3.963973693945032,75.72375738484573,217.49521311117377,3.1281672709757267,24.5,0,2026-01-02 13:34:00
2256,1,4.143700192623781,76.5617314963627,220.72726376524994,3.340170752449579,24.5,0,2026-01-02 13:35:00
2257,1,3.977971565294247,77.12837440542921,221.7737747801946,3.1302675299953266,24.5,0,2026-01-02 13:36:00
2258,1,4.013131198335857,77.5223495143599,219.1584764126379,3.2011887167423536,24.5,0,2026-01-02 13:37:00
2259,1,3.8190643488001466,75.83723429252969,214.79157228674572,3.0797382093502153,24.5,0,2026-01-02 13:38:00
2260,1,4.234202759616184,77.66569796754014,220.397896293593,3.4011836133510482,24.5,0,2026-01-02 13:39:00
2261,1,4.202932010045637,76.00493775355717,220.87347710346702,3.3190029939125285,24.5,0,2026-01-02 13:40:00
2262,1,4.008256148038812,76.75384536529104,220.8085895099234,3.2570134813697265,24.5,0,2026-01-02 13:41:00
2263,1,4.083288065442521,77.57731599679762,222.4715643836443,3.2609961352742776,24.5,0,2026-01-02 13:42:00
2264,1,4.102069906821974,76.80065949236207,217.8578926407019,3.308463648129751,24.5,0,2026-01-02 13:43:00
2265,1,4.020313893834514,75.95230103686643,221.3604322109009,3.282249643488438,24.5,0,2026-01-02 13:44:00
2266,1,3.992124180080778,76.86768896049097,222.38501502495595,3.238873853132509,24.5,0,2026-01-02 13:45:00
2267,1,4.042640114846092,76.74787961841486,216.44282483198697,3.278959316493818,24.5,0,2026-01-02 13:46:00
2268,1,4.044767736091035,77.35318560917125,220.63930365183796,3.233960617826268,24.5,0,2026-01-02 13:47:00
2269,1,4.029158834015988,76.48823364400052,218.99164033798465,3.251259414325458,24.5,0,2026-01-02 13:48:00
2270,1,3.945522854879677,76.3746769780095,219.8369546537967,3.1552634314204284,24.5,0,2026-01-02 13:49:00
2271,1,3.8745429565491776,75.47047230614486,220.69535296707667,3.0272375805610006,24.5,0,2026-01-02 13:50:00
2272,1,4.044951395736215,77.19650756798139,219.0255428717729,3.238320685774879,24.5,0,2026-01-02 13:51:00
2273,1,4.107728329927048,77.15167293726569,218.64858384167678,3.285697481959248,24.5,0,2026-01-02 13:52:00
2274,1,4.022014680505563,76.32814770933088,220.06830483497606,3.233452129742136,24.5,0,2026-01-02 13:53:00
2275,1,4.149243732598821,77.50822485402567,217.82550812227439,3.2988963296041414,24.5,0,2026-01-02 13:54:00
2276,1,3.9360965262462067,77.59764066012691,217.82834974222962,3.097116358495302,24.5,0,2026-01-02 13:55:00
2277,1,3.965048099128996,76.79862326467969,221.358746565913,3.1907592082504115,24.5,0,2026-01-02 13:56:00
2278,1,3.9989058864746228,77.30228267176192,217.70241192968268,3.1189176057328387,24.5,0,2026-01-02 13:57:00
2279,1,4.064087019203786,77.31742053481122,221.33262500181843,3.3091063952320066,24.5,0,2026-01-02 13:58:00
2280,1,4.1429040389599,76.61567193265809,220.92518258570792,3.287025351659053,24.5,0,2026-01-02 13:59:00
2281,1,3.906198871314317,78.27675910910179,216.5483865424188,3.122096093798004,24.5,0,2026-01-02 14:00:00
2282,1,4.158413634677569,77.20163413613567,218.64487069532868,3.3382108398162353,24.5,0,2026-01-02 14:01:00
2283,1,4.289295295588327,78.00950512235178,222.38821880609476,3.4436635505413653,24.5,0,2026-01-02 14:02:00
2284,1,4.002241030722493,77.68728223732782,218.03766893772064,3.114876222284277,24.5,0,2026-01-02 14:03:00
2285,1,4.148742702295058,77.41010134556508,219.07119147538123,3.342798140452311,24.5,0,2026-01-02 14:04:00
2286,1,3.9466908090742057,77.40623486003877,220.9241217865038,3.1556433551344027,24.5,0,2026-01-02 14:05:00
2287,1,4.1722526211147795,77.62474266526003,221.5667810185652,3.2878760794598207,24.5,0,2026-01-02 14:06:00
2288,1,4.126900460517168,76.62903895968122,219.496922227911,3.2457431638603236,24.5,0,2026-01-02 14:07:00
2289,1,4.09144923811604,77.25066603515461,218.80497961061673,3.2379945427082792,24.5,0,2026-01-02 14:08:00
2290,1,4.0724718141632446,76.91309079745872,222.84473972339703,3.174339862867633,24.5,0,2026-01-02 14:09:00
2291,1,3.7771193784228507,76.42144943276776,223.47779932759516,3.090164185664069,24.5,0,2026-01-02 14:10:00
2292,1,3.9823489186111893,76.38343548692936,221.9577161015636,3.2412665798651172,24.5,0,2026-01-02 14:11:00
2293,1,3.946349154309434,77.8489247780035,220.17063628513006,3.1606014295963645,24.5,0,2026-01-02 14:12:00
2294,1,3.8730432987053236,78.06709001225552,218.38346855671816,3.0682479621913665,24.5,0,2026-01-02 14:13:00
2295,1,3.9765265782565313,77.9153308564722,218.33911118688687,3.1515248474890276,24.5,0,2026-01-02 14:14:00
2296,1,3.964055762018761,77.98438277127805,221.0450282105315,3.1890539719446864,24.5,0,2026-01-02 14:15:00
2297,1,3.912015533395933,76.93517975957378,220.83679644177738,3.1973626795824703,24.5,0,2026-01-02 14:16:00
2298,1,3.9153034996536227,76.71364734259414,222.80319718589286,3.0832537495540175,24.5,0,2026-01-02 14:17:00
2299,1,3.9159795839407034,76.69644421766074,221.30090018507227,3.056120401731676,24.5,0,2026-01-02 14:18:00
2300,1,4.015046588309501,77.91624075347048,216.99383939648035,3.2677904936020132,24.5,0,2026-01-02 14:19:00
2301,1,3.918835525665288,77.30760951625861,222.10389523544583,3.0242895784456656,24.5,0,2026-01-02 14:20:00
2302,1,3.8522958022820264,77.15160925839261,218.00387874537117,3.0100458587401904,24.5,0,2026-01-02 14:21:00
2303,1,3.870613842949315,77.98331861329302,219.2320574560953,3.0623748608626977,24.5,0,2026-01-02 14:22:00
2304,1,3.964043587030688,77.60426450393703,220.50040041250338,3.070599430260265,24.5,0,2026-01-02 14:23:00
2305,1,4.0286996446058305,76.87678890610228,223.99133497956794,3.2552645763169283,24.5,0,2026-01-02 14:24:00
2306,1,3.6938283150121287,76.26579811721496,226.2198371120107,2.9762489131192886,24.5,0,2026-01-02 14:25:00
2307,1,4.015103042947579,77.89065558938678,221.21344611827237,3.159481117312735,24.5,0,2026-01-02 14:26:00
2308,1,4.01730844681531,78.18262889950199,219.63360676255922,3.253633719817066,24.5,0,2026-01-02 14:27:00
2309,1,3.7792695695211926,77.38380332290497,221.0690112969611,3.0728200426163155,24.5,0,2026-01-02 14:28:00
2310,1,3.7874865373132534,78.19836588967095,221.77531085174766,3.0009196521142525,24.5,0,2026-01-02 14:29:00
2311,1,3.786890231787425,78.13685785532847,219.35866474888562,2.983270821634627,24.5,0,2026-01-02 14:30:00
2312,1,3.815936620269202,77.34989853360005,223.59042271182466,3.141536725978182,24.5,0,2026-01-02 14:31:00
2313,1,3.8491853408301413,76.76805984863515,220.4601415183828,3.090697419242921,24.5,0,2026-01-02 14:32:00
2314,1,3.6248390988479526,76.04045178964856,220.9954861781828,2.889131059536509,24.5,0,2026-01-02 14:33:00
2315,1,3.7013388516190036,76.7484529903027,221.33184850410893,3.004901096542631,24.5,0,2026-01-02 14:34:00
2316,1,3.9494451570849214,77.95235550466542,220.8431732212289,3.1483599984136625,24.5,0,2026-01-02 14:35:00
2317,1,3.6987615219655297,78.09046567312903,221.67788100093924,2.9088109826912643,24.5,0,2026-01-02 14:36:00
2318,1,3.8545951166701062,77.66623268814305,218.76549362690616,3.061411326136853,24.5,0,2026-01-02 14:37:00
2319,1,3.7528520915741863,77.92577270769999,218.88339649210795,3.028337453146747,24.5,0,2026-01-02 14:38:00
2320,1,3.502796478276442,76.6302725674693,217.79969153405662,2.678197376641074,24.5,0,2026-01-02 14:39:00
2321,1,3.7856121075754277,77.62533542015225,220.87900246124045,2.9873849080728188,24.5,0,2026-01-02 14:40:00
2322,1,3.7050984285433533,77.57985642151186,221.55787300702423,3.0068025256579074,24.5,0,2026-01-02 14:41:00
2323,1,3.6444049501483318,75.81477575273873,220.91554573230377,2.8636454513622187,24.5,0,2026-01-02 14:42:00
2324,1,3.7404548909415154,76.87829837850107,223.34898486669508,3.0423949728913353,24.5,0,2026-01-02 14:43:00
2325,1,3.6913597506541502,77.7253687490999,219.9888079623419,2.9966160093506544,24.5,0,2026-01-02 14:44:00
2326,1,3.7213020705784987,77.34959253460343,221.33748331118503,2.9460405675061883,24.5,0,2026-01-02 14:45:00
2327,1,3.6928843472548505,76.54343871516319,217.81659824772137,2.8980749337161282,24.5,0,2026-01-02 14:46:00
2328,1,3.622399532520661,75.63110067365362,219.2258005950512,2.855989768872157,24.5,0,2026-01-02 14:47:00
2329,1,3.459414067952837,76.4943603895199,221.39107551513155,2.8741660730838396,24.5,0,2026-01-02 14:48:00
2330,1,3.5388526599793058,76.83225631710661,221.6982042214863,2.8973163486204125,24.5,0,2026-01-02 14:49:00
2331,1,3.8298291688939776,77.00875993051389,219.41206610467162,3.0400824107173547,24.5,0,2026-01-02 14:50:00
2332,1,3.595606136046092,77.16142022836087,219.85680149628388,2.817579759089763,24.5,0,2026-01-02 14:51:00
2333,1,3.694881984703065,77.68814132773412,216.9642525066384,2.9321806954529963,24.5,0,2026-01-02 14:52:00
2334,1,3.618235279875864,77.57135953495019,219.28594159838678,2.877529622700222,24.5,0,2026-01-02 14:53:00
2335,1,3.5233699203935482,75.50372014003375,221.78076632703957,2.727765939632282,24.5,0,2026-01-02 14:54:00
2336,1,3.500958961313128,76.1193285475805,221.15041003221313,2.7759129134553193,24.5,0,2026-01-02 14:55:00
2337,1,3.445623934458122,76.63590667063923,221.00133144276242,2.793946342160024,24.5,0,2026-01-02 14:56:00
2338,1,3.240624190632455,76.79980291037168,220.09954737436192,2.475307877360795,24.5,0,2026-01-02 14:57:00
2339,1,3.3982275282173604,77.0789738868386,220.01412631725634,2.731094605102961,24.5,0,2026-01-02 14:58:00
2340,1,3.478709251796659,77.28456026062538,218.6793577210531,2.8219328745094057,24.5,0,2026-01-02 14:59:00
2341,1,3.318340305917584,76.38653425805937,221.39765684040506,2.597979942995728,24.5,0,2026-01-02 15:00:00
2342,1,3.3934518044723814,76.59927860372325,220.84194588877878,2.7698884386595415,24.5,0,2026-01-02 15:01:00
2343,1,3.4208670373330934,76.42350437926727,220.9840376959856,2.672085322907987,24.5,0,2026-01-02 15:02:00
2344,1,3.1925674073229446,76.94565571896408,218.94793031466483,2.5477722448189626,24.5,0,2026-01-02 15:03:00
2345,1,3.171382949074626,76.00040442009556,215.6933141602575,2.4933690514491564,24.5,0,2026-01-02 15:04:00
2346,1,3.1891706794164576,76.92548756340449,222.1943054235074,2.507176503676714,24.5,0,2026-01-02 15:05:00
2347,1,3.1439609753178783,76.55523899141977,219.0423250879832,2.4556533543969508,24.5,0,2026-01-02 15:06:00
2348,1,3.066501786366664,76.28616259289173,218.27444847191376,2.459943091859642,24.5,0,2026-01-02 15:07:00
2349,1,3.1295960878464326,75.97219829211568,221.386957823828,2.517102594024374,24.5,0,2026-01-02 15:08:00
2350,1,3.3129148057566553,75.9923536099411,219.21597472016174,2.6161346852389764,24.5,0,2026-01-02 15:09:00
2351,1,3.0979762622247446,75.92545918584557,222.11987276809324,2.3811713150730576,24.5,0,2026-01-02 15:10:00
2352,1,3.1714349456153665,76.29969376793512,221.2340118991534,2.527151815962975,24.5,0,2026-01-02 15:11:00
2353,1,3.0889838402766716,74.92559454776972,221.36713864640095,2.4626729337896336,24.5,0,2026-01-02 15:12:00
2354,1,3.179929558542559,76.54005278889422,217.26808857759895,2.502369787520213,24.5,0,2026-01-02 15:13:00
2355,1,3.248492641250132,77.21459830868359,222.4238879707728,2.6604980917555863,24.5,0,2026-01-02 15:14:00
2356,1,3.1550936721765095,76.88591980269359,220.5225010624677,2.4148817710219395,24.5,0,2026-01-02 15:15:00
2357,1,3.060608019693836,76.11128297325114,219.26144572150758,2.307311955953547,24.5,0,2026-01-02 15:16:00
2358,1,3.000219751283802,76.30473087309497,220.2867769346845,2.333684793442542,24.5,0,2026-01-02 15:17:00
2359,1,2.8323602577679785,75.72572161943093,216.44752953420337,2.2729120533255442,24.5,0,2026-01-02 15:18:00
2360,1,3.187730061650327,76.75080069957308,220.81730562296133,2.465067137882456,24.5,0,2026-01-02 15:19:00
2361,1,2.8552007714427687,77.02005661857922,217.94125698363587,2.2059338435572244,24.5,0,2026-01-02 15:20:00
2362,1,2.9690817928386597,76.93690395076209,217.29465942831294,2.392240005500934,24.5,0,2026-01-02 15:21:00
2363,1,2.98410980548306,76.72269073689935,216.9552816275642,2.379448338085834,24.5,0,2026-01-02 15:22:00
2364,1,2.871239754874756,75.76683230782128,222.22537674997986,2.2858225212425034,24.5,0,2026-01-02 15:23:00
2365,1,2.9666357466874276,76.80661176017603,218.7414732126144,2.381126016087821,24.5,0,2026-01-02 15:24:00
2366,1,2.976971761829528,75.26531393046965,223.067455419833,2.328719833136205,24.5,0,2026-01-02 15:25:00
2367,1,2.998996720208538,76.29446953653108,218.9283970738954,2.348179743568852,24.5,0,2026-01-02 15:26:00
2368,1,2.7284794087834334,76.3324936945423,216.5852840848141,2.1938813675218385,24.5,0,2026-01-02 15:27:00
2369,1,2.64204859383654,76.2392348780175,217.76695112010268,2.0177259363756033,24.5,0,2026-01-02 15:28:00
2370,1,2.759138630708107,76.32919364497779,222.47162324001388,2.0700180542608573,24.5,0,2026-01-02 15:29:00
2371,1,2.7773076025839645,76.22343862174655,219.68820364412667,2.1696072939024296,24.5,0,2026-01-02 15:30:00
2372,1,2.732897422761058,75.87560374038759,218.9034254070188,2.202560309612579,24.5,0,2026-01-02 15:31:00
2373,1,2.685482699014894,76.20235430151472,220.32003645170556,2.1311767164770035,24.5,0,2026-01-02 15:32:00
2374,1,2.520459231764014,74.98180898836995,221.00356547233508,2.0308884542377847,24.5,0,2026-01-02 15:33:00
2375,1,2.758538098462139,75.50002799657369,222.23479763180492,2.074777400912981,24.5,0,2026-01-02 15:34:00
2376,1,2.901600429065394,76.32189900342424,222.89699845978586,2.303967917646502,24.5,0,2026-01-02 15:35:00
2377,1,2.683713355422608,76.06510351587389,219.28046270842182,2.148849607383431,24.5,0,2026-01-02 15:36:00
2378,1,2.65617752983719,74.87304671602661,217.34790462783593,2.026694582014759,24.5,0,2026-01-02 15:37:00
2379,1,2.6564229499592034,76.21274299961965,219.17306967775346,2.137321399190778,24.5,0,2026-01-02 15:38:00
2380,1,2.636660425529888,76.34712778330305,220.52056101316577,2.072854730753565,24.5,0,2026-01-02 15:39:00
2381,1,2.64309720053796,75.9233111419103,218.07248214757877,2.236863161366731,24.5,0,2026-01-02 15:40:00
2382,1,2.5717175261732415,77.2667379138073,218.08569817020992,1.9179701780852756,24.5,0,2026-01-02 15:41:00
2383,1,2.512763102998632,75.27070202040687,220.68757576309977,2.048626284529112,24.5,0,2026-01-02 15:42:00
2384,1,2.4374420375685517,75.34755833605254,219.9026952968591,1.9009141955035749,24.5,0,2026-01-02 15:43:00
2385,1,2.477321100522068,75.41739206232623,220.06559399082317,1.8709926761392852,24.5,0,2026-01-02 15:44:00
2386,1,2.499134375995512,75.7025810856949,218.48300933059986,1.9424920173531035,24.5,0,2026-01-02 15:45:00
2387,1,2.4307454453473842,75.40669288766752,219.53919857158846,1.9286448561894303,24.5,0,2026-01-02 15:46:00
2388,1,2.4621491886848066,74.8680515193095,218.1515337114634,1.991187954396352,24.5,0,2026-01-02 15:47:00
2389,1,2.4993060013873025,75.39175917676525,221.78039682224957,2.054482593013003,24.5,0,2026-01-02 15:48:00
2390,1,2.526514212845113,75.72298485578479,222.07049866944752,2.060708497592154,24.5,0,2026-01-02 15:49:00
2391,1,2.490040965532743,76.59217490440604,216.3076242755238,1.9124262129429146,24.5,0,2026-01-02 15:50:00
2392,1,2.374724099608928,76.91947197777506,218.14097827961518,1.9262143522138546,24.5,0,2026-01-02 15:51:00
2393,1,2.208854704270725,76.10681839747939,217.00694148981984,1.7585014927676887,24.5,0,2026-01-02 15:52:00
2394,1,2.3078891225217286,75.01793112312018,218.6999521311862,1.7839909927894253,24.5,0,2026-01-02 15:53:00
2395,1,2.344349597801234,75.12913320623409,219.83312406041927,1.8346419904724982,24.5,0,2026-01-02 15:54:00
2396,1,2.113085914020669,75.06123151934904,217.10070956060295,1.6275514337612689,24.5,0,2026-01-02 15:55:00
2397,1,2.4327564170760394,76.85918700073746,218.15628037374938,1.9162942166623567,24.5,0,2026-01-02 15:56:00
2398,1,2.292068076944468,75.42724795435034,217.992085255837,1.7670626971970067,24.5,0,2026-01-02 15:57:00
2399,1,2.328025547585872,74.76568368535622,220.4145346587979,1.7802563479245324,24.5,0,2026-01-02 15:58:00
2400,1,2.411347871389658,75.44680104586871,220.1386886740725,1.9209790675740905,24.5,0,2026-01-02 15:59:00
2401,1,2.1803554855872114,75.79169571241584,218.5565248933255,1.7465648994051763,24.5,0,2026-01-02 16:00:00
2402,1,2.3075224608696345,75.98196645472704,220.3536417442788,1.8056001006820588,24.5,0,2026-01-02 16:01:00
2403,1,2.2110802433068297,75.30141900457238,218.90663983082547,1.8073320629549043,24.5,0,2026-01-02 16:02:00
2404,1,2.197010326535065,75.80771575661137,219.4566897793479,1.7146896134810339,24.5,0,2026-01-02 16:03:00
2405,1,2.1635169742888305,73.90774920837673,223.34690418059708,1.6860633856502476,24.5,0,2026-01-02 16:04:00
2406,1,2.395130458711859,75.81376941462162,222.68092210358068,1.9161589961245886,24.5,0,2026-01-02 16:05:00
2407,1,2.1231801447637926,75.85258533648908,217.4008375261448,1.6625295856611513,24.5,0,2026-01-02 16:06:00
2408,1,2.2634647462746518,75.04504330476836,221.65946483575834,1.7834984014323305,24.5,0,2026-01-02 16:07:00
2409,1,1.9900674099678362,74.5223381798524,221.6227931089832,1.4381686933822693,24.5,0,2026-01-02 16:08:00
2410,1,2.250779015993474,74.51023427223087,217.70347342249477,1.7697680962343014,24.5,0,2026-01-02 16:09:00
2411,1,2.268565748328833,76.5541440593405,221.6375552875097,1.691373600362061,24.5,0,2026-01-02 16:10:00
2412,1,2.1757510454935245,74.97352199116285,223.0758638368251,1.648577240631504,24.5,0,2026-01-02 16:11:00
2413,1,2.0823839898756087,75.48243963811959,217.75491038751116,1.56933064235315,24.5,0,2026-01-02 16:12:00
2414,1,2.1405890187025616,75.82334569513334,218.16499435797147,1.6295302247126051,24.5,0,2026-01-02 16:13:00
2415,1,2.3630612623607354,76.7445132528982,222.035322933687,1.8288065644645233,24.5,0,2026-01-02 16:14:00
2416,1,1.9281128744523832,74.9337793990352,220.54299062165128,1.4901093200314914,24.5,0,2026-01-02 16:15:00
2417,1,2.1842470870448634,75.21150252564767,221.10295255047905,1.7486564690634347,24.5,0,2026-01-02 16:16:00
2418,1,2.0009119535422815,75.301006047518,220.681178432801,1.5824189997537041,24.5,0,2026-01-02 16:17:00
2419,1,2.0855177296208836,76.14743757930447,220.78139184185628,1.5425223380544026,24.5,0,2026-01-02 16:18:00
2420,1,2.023906377098051,75.23153330939164,217.34705574337784,1.5932038319697868,24.5,0,2026-01-02 16:19:00
2421,1,2.0435514164226913,74.72762820044902,222.09463541324288,1.6202154259365964,24.5,0,2026-01-02 16:20:00
2422,1,2.0827930158848607,74.46343152823324,222.33917998485555,1.6185176950924747,24.5,0,2026-01-02 16:21:00
2423,1,1.9378170399014831,74.4349024999261,219.54121851186395,1.5179467106707727,24.5,0,2026-01-02 16:22:00
2424,1,2.1550425293492004,76.12429623425611,219.91304610037227,1.7008374841119094,24.5,0,2026-01-02 16:23:00
2425,1,1.8396963617836892,74.8547099933697,216.93778499488855,1.48191738304803,24.5,0,2026-01-02 16:24:00
2426,1,2.1075494653857776,75.15622347940705,221.02850951203567,1.5749736623440005,24.5,0,2026-01-02 16:25:00
2427,1,2.0167901596917472,74.92555022036517,221.1441148834283,1.5701280305514027,24.5,0,2026-01-02 16:26:00
2428,1,1.9165015932312275,75.24572266277931,219.87561796600139,1.5789253954979983,24.5,0,2026-01-02 16:27:00
2429,1,2.0746374774578644,75.33491656552124,222.248706719741,1.6982375887467263,24.5,0,2026-01-02 16:28:00
2430,1,1.8673959490124166,74.9728689947243,219.3318455380401,1.5072387559993747,24.5,0,2026-01-02 16:29:00
2431,1,2.0429848203601892,76.27649588807334,221.1292118517872,1.6290960318739807,24.5,0,2026-01-02 16:30:00
2432,1,1.8653728355245967,76.1088098132898,217.96067132261578,1.545544226322124,24.5,0,2026-01-02 16:31:00
2433,1,2.0717499094040175,74.60923124078317,219.95289569825152,1.7203819072913085,24.5,0,2026-01-02 16:32:00
2434,1,1.9280029485908639,75.5078871789971,219.65129148419433,1.5051702363444208,24.5,0,2026-01-02 16:33:00
2435,1,1.982520944601826,74.95389961597799,220.45061584408188,1.5057412706315445,24.5,0,2026-01-02 16:34:00
2436,1,2.0468626901271554,75.4348674464131,219.2609461423333,1.5909790371656585,24.5,0,2026-01-02 16:35:00
2437,1,1.9438169211039464,75.57169936647232,219.73705480865667,1.6784006011056054,24.5,0,2026-01-02 16:36:00
2438,1,2.034335877363185,75.41782824533531,221.652094342883,1.5158874215478808,24.5,0,2026-01-02 16:37:00
2439,1,1.8655213946667206,75.40977421338079,219.12647152552356,1.4383783390207565,24.5,0,2026-01-02 16:38:00
2440,1,2.060978034741872,76.12223128705367,216.78684579852265,1.5442777302374953,24.5,0,2026-01-02 16:39:00
2441,1,2.2433385020832244,76.14080960542532,223.49916780841085,1.7638661689918484,24.5,0,2026-01-02 16:40:00
2442,1,2.3435742882749837,75.80102301752392,222.76290815738096,1.7758433164281129,24.5,0,2026-01-02 16:41:00
2443,1,2.0198808611412846,75.29179285437732,217.41547460978876,1.5767976475601837,24.5,0,2026-01-02 16:42:00
2444,1,2.1308403759513315,74.96608414421766,221.37941561049038,1.571481556138822,24.5,0,2026-01-02 16:43:00
2445,1,1.8526176708591968,74.82576575283751,218.9940504588973,1.4818035842795867,24.5,0,2026-01-02 16:44:00
2446,1,2.202595059348348,77.19479379679797,220.5269744306621,1.7859606177924625,24.5,0,2026-01-02 16:45:00
2447,1,2.133825860352348,75.42059549087972,220.588448258027,1.6516261993165864,24.5,0,2026-01-02 16:46:00
2448,1,2.0010507499654024,74.95206373116375,219.53118439936736,1.5599449428348706,24.5,0,2026-01-02 16:47:00
2449,1,2.1690466520186273,76.2293723810622,218.4324686688272,1.6898918751450998,24.5,0,2026-01-02 16:48:00
2450,1,2.026357665230194,75.69873921173578,218.61891789536747,1.595243486302649,24.5,0,2026-01-02 16:49:00
2451,1,2.0075884861936513,75.6335337157686,218.1676161690375,1.5694401397175715,24.5,0,2026-01-02 16:50:00
2452,1,2.109112155230392,76.81039364794404,218.3363555835391,1.6890524302696772,24.5,0,2026-01-02 16:51:00
2453,1,1.9749207925340322,76.0148665920096,219.8656434199013,1.6071222986772926,24.5,0,2026-01-02 16:52:00
2454,1,2.1798913508582896,75.81330583444105,218.5684800217785,1.6649955055822243,24.5,0,2026-01-02 16:53:00
2455,1,2.0036803624924717,75.49075546602236,221.36410413142525,1.552196097831541,24.5,0,2026-01-02 16:54:00
2456,1,2.026765191646142,75.47547977073165,222.97449231067185,1.6306463050033408,24.5,0,2026-01-02 16:55:00
2457,1,2.0114362525442213,76.3610872688225,218.83989351725992,1.502332498005859,24.5,0,2026-01-02 16:56:00
2458,1,2.204343308324048,76.01706040303164,220.47880900107074,1.6256061251301746,24.5,0,2026-01-02 16:57:00
2459,1,2.078576817174261,74.8833912754132,220.99937022060587,1.6369262967981273,24.5,0,2026-01-02 16:58:00
2460,1,2.013040817480777,75.81735188185408,220.94400454183855,1.5990160874298516,24.5,0,2026-01-02 16:59:00
2461,1,2.0906249195592665,75.1066032413572,220.15191053583217,1.598591079188749,24.5,0,2026-01-02 17:00:00
2462,1,2.171773465814157,77.48879671972048,221.48536483671944,1.6690555804139622,24.5,0,2026-01-02 17:01:00
2463,1,2.060254374410892,75.40447568874107,220.96449790536133,1.5726269087449227,24.5,0,2026-01-02 17:02:00
2464,1,2.0416631849331743,75.92870390256714,217.5246751553454,1.5525967034299273,24.5,0,2026-01-02 17:03:00
2465,1,2.4251337754471867,76.8701034549246,221.73831212877855,1.9301824337518962,24.5,0,2026-01-02 17:04:00
2466,1,2.1337934102632965,75.9850449425627,221.7745816745335,1.6086015448118804,24.5,0,2026-01-02 17:05:00
2467,1,2.1676529563983946,76.12981441445152,218.47342779164285,1.6806432228756094,24.5,0,2026-01-02 17:06:00
2468,1,2.191093077612445,76.58682691190316,220.07587567089521,1.6667987004796532,24.5,0,2026-01-02 17:07:00
2469,1,2.2108440984098747,77.27801207289068,221.36665798562214,1.6545612741269526,24.5,0,2026-01-02 17:08:00
2470,1,2.3109634055869726,77.07133393252906,219.58137236084127,1.8488769938851533,24.5,0,2026-01-02 17:09:00
2471,1,2.384441034082001,77.60392068466146,222.14595609553203,1.8365926619388098,24.5,0,2026-01-02 17:10:00
2472,1,2.2960706130304573,75.87925515442765,224.72774498923872,1.802796848629028,24.5,0,2026-01-02 17:11:00
2473,1,2.151689650913707,76.55337177943557,218.42802793473004,1.6050324313329383,24.5,0,2026-01-02 17:12:00
2474,1,2.4045811716088012,77.00070576527719,217.23791079369246,1.8406558210097295,24.5,0,2026-01-02 17:13:00
2475,1,2.317081222823953,76.88725378964455,220.60763719120976,1.847046985604647,24.5,0,2026-01-02 17:14:00
2476,1,2.5263731414457196,77.91103363688538,221.4431250102523,2.101829960826803,24.5,0,2026-01-02 17:15:00
2477,1,2.117826199690206,76.2017565702858,219.53826725231048,1.5545171287676627,24.5,0,2026-01-02 17:16:00
2478,1,2.4158166652319446,76.62378565515539,222.90652132664206,1.8757168128955932,24.5,0,2026-01-02 17:17:00
2479,1,2.5426578034797034,77.5773073467094,217.3227884005535,2.005199206552319,24.5,0,2026-01-02 17:18:00
2480,1,2.3744703242920253,75.78133241217655,221.38583724606323,1.8223218233357108,24.5,0,2026-01-02 17:19:00
2481,1,2.375177569518878,76.77791265635285,218.78827835848222,1.8959695327747172,24.5,0,2026-01-02 17:20:00
2482,1,2.4955091344015408,76.99041592443625,223.4387558124146,1.9038640032383822,24.5,0,2026-01-02 17:21:00
2483,1,2.430171957169152,76.39504874640278,223.98503070633623,1.9037219898187392,24.5,0,2026-01-02 17:22:00
2484,1,2.411504386393145,77.67850335579699,218.4666868244333,1.8551733632021097,24.5,0,2026-01-02 17:23:00
2485,1,2.4303772774330947,76.44988969346748,218.90088572818283,1.9567821525852052,24.5,0,2026-01-02 17:24:00
2486,1,2.4492429575721353,76.99634556062942,221.7191757739596,1.876517463617187,24.5,0,2026-01-02 17:25:00
2487,1,2.6260291154327375,77.67400445988504,219.22573870042098,2.0304250617831583,24.5,0,2026-01-02 17:26:00
2488,1,2.5739480635202403,78.20602568675314,219.90917756413552,2.0544848845423807,24.5,0,2026-01-02 17:27:00
2489,1,2.5719166744589965,77.39533254862333,220.05077684108483,1.954013842717261,24.5,0,2026-01-02 17:28:00
2490,1,2.599422885095292,78.12513611149129,216.16065368760468,2.030098182351333,24.5,0,2026-01-02 17:29:00
2491,1,2.554685547838642,77.81977811152217,219.97232450781152,1.9004549742059973,24.5,0,2026-01-02 17:30:00
2492,1,2.5057755681878957,77.42244716720258,218.62054445187167,1.8988604423463595,24.5,0,2026-01-02 17:31:00
2493,1,2.545836812334761,76.78024655181054,219.01375435520046,2.003393061208405,24.5,0,2026-01-02 17:32:00
2494,1,2.671592352006299,76.7456838071118,222.88726400693764,2.0325602969396503,24.5,0,2026-01-02 17:33:00
2495,1,2.519180891186694,77.5100484315414,217.4869862114415,1.9358889214138297,24.5,0,2026-01-02 17:34:00
2496,1,2.643081168433135,77.28452981659687,221.62641037349596,2.0841174779883547,24.5,0,2026-01-02 17:35:00
2497,1,2.634356736499775,78.21103199319334,219.44207413933637,2.0235006020068322,24.5,0,2026-01-02 17:36:00
2498,1,2.9199567632198438,78.68789325718969,219.44047966300832,2.3158890391183378,24.5,0,2026-01-02 17:37:00
2499,1,2.468537959679567,77.2029637537545,221.58074379210342,1.9336669737259955,24.5,0,2026-01-02 17:38:00
2500,1,2.7412708054126265,77.19120747244104,220.6801025891378,2.156901506522221,24.5,0,2026-01-02 17:39:00
2501,1,2.9603943322352104,78.62683038091947,221.14122599443905,2.367605704081857,24.5,0,2026-01-02 17:40:00
2502,1,2.8270557577518303,77.44255053212916,221.9363693210657,2.2174842307387594,24.5,0,2026-01-02 17:41:00
2503,1,2.877294009960763,77.77845187529769,219.33738323363335,2.3173330696557444,24.5,0,2026-01-02 17:42:00
2504,1,2.8238097642623567,77.56923683719539,218.7755265309845,2.244088713180839,24.5,0,2026-01-02 17:43:00
2505,1,2.754389289225665,77.97459123658196,217.8296989468844,2.118090037213346,24.5,0,2026-01-02 17:44:00
2506,1,2.622585191733494,78.49927578008628,218.3491789400421,2.1061078243104614,24.5,0,2026-01-02 17:45:00
2507,1,2.988101839396715,78.33812700055607,225.89818885061746,2.338933490633688,24.5,0,2026-01-02 17:46:00
2508,1,2.8628852256848467,77.93364063962308,222.48935916147357,2.2083230842237547,24.5,0,2026-01-02 17:47:00
2509,1,2.813469516279066,77.33399004684945,217.29785126758395,2.203299342357152,24.5,0,2026-01-02 17:48:00
2510,1,2.864245585237649,78.69572052261915,217.35508408651285,2.284286340030285,24.5,0,2026-01-02 17:49:00
2511,1,3.1601420187869143,78.39985817804612,220.96373212343698,2.481413442631817,24.5,0,2026-01-02 17:50:00
2512,1,3.2494435670554243,79.1255445243167,221.09452959475593,2.619006630576277,24.5,0,2026-01-02 17:51:00
2513,1,3.047326199608567,78.45995101862903,221.09776767063474,2.4247403544513944,24.5,0,2026-01-02 17:52:00
2514,1,2.9765024329460252,79.0939880270332,219.49008841289262,2.341248852057158,24.5,0,2026-01-02 17:53:00
2515,1,2.9282125037539526,78.40924694652887,219.7490914799942,2.226000328760433,24.5,0,2026-01-02 17:54:00
2516,1,3.127635992017336,78.85237359677298,220.6557590483187,2.4231677649166903,24.5,0,2026-01-02 17:55:00
2517,1,3.274129068204086,79.4970104899747,220.17178601258667,2.549400920454872,24.5,0,2026-01-02 17:56:00
2518,1,3.024043392968187,80.11859322677249,215.56139925450492,2.3859586222615956,24.5,0,2026-01-02 17:57:00
2519,1,2.884715958532325,79.01602270132268,219.5404007388496,2.27444542256189,24.5,0,2026-01-02 17:58:00
2520,1,3.1945289269468775,79.09438107926688,218.29718713147938,2.4916561250843876,24.5,0,2026-01-02 17:59:00
2521,1,3.2766548828991575,79.26722319195049,220.35042283781704,2.552780261970147,24.5,0,2026-01-02 18:00:00
2522,1,3.1135272533245937,78.49072201139201,225.97051800520683,2.4557535340666146,24.5,0,2026-01-02 18:01:00
2523,1,3.2403660087129857,78.64256547203492,220.7349633309486,2.475124457289995,24.5,0,2026-01-02 18:02:00
2524,1,3.2679356665990285,78.99018112835905,219.3729406276552,2.62399971072199,24.5,0,2026-01-02 18:03:00
2525,1,3.271217141003716,78.80784126929562,221.8436030039545,2.4391611545197227,24.5,0,2026-01-02 18:04:00
2526,1,3.205139164370741,79.57361436977143,220.96537577441842,2.562702746964617,24.5,0,2026-01-02 18:05:00
2527,1,3.4065730577253337,78.95402757587593,220.8401889809037,2.643893539450892,24.5,0,2026-01-02 18:06:00
2528,1,3.2875508661566015,80.16641553998815,221.21370118643134,2.603572566325203,24.5,0,2026-01-02 18:07:00
2529,1,3.2389034209084047,79.65474699762228,224.11308712965908,2.533599531576214,24.5,0,2026-01-02 18:08:00
2530,1,3.109364367683729,79.15612157329541,217.73822312934817,2.4318647291675806,24.5,0,2026-01-02 18:09:00
2531,1,3.5109034751739445,79.85898805858169,220.9472641536229,2.753816508457239,24.5,0,2026-01-02 18:10:00
2532,1,3.420657761482366,79.4482399100822,218.14723774003693,2.696218011147592,24.5,0,2026-01-02 18:11:00
2533,1,3.432363092048841,79.89129246854175,221.1110252926845,2.6481451877626707,24.5,0,2026-01-02 18:12:00
2534,1,3.352187164608443,80.32852622552305,218.1626269770278,2.6538248811236405,24.5,0,2026-01-02 18:13:00
2535,1,3.3771840562195106,79.28780319741429,219.16526637278983,2.567002719256487,24.5,0,2026-01-02 18:14:00
2536,1,3.344164645030233,78.73176306924599,219.4098201715242,2.5950719160364177,24.5,0,2026-01-02 18:15:00
2537,1,3.4671205148928377,80.25369760392961,221.9516334386894,2.7322914382892356,24.5,0,2026-01-02 18:16:00
2538,1,3.3112581333750057,79.7394208376871,221.83690888788482,2.6190373378308287,24.5,0,2026-01-02 18:17:00
2539,1,3.402835183440455,79.19988208554936,217.50856524710724,2.663118760988796,24.5,0,2026-01-02 18:18:00
2540,1,3.5043025935393795,79.56700749924921,220.1098682219997,2.698861011272031,24.5,0,2026-01-02 18:19:00
2541,1,3.589950766114037,79.72536531922886,218.58084029050164,2.82953076794356,24.5,0,2026-01-02 18:20:00
2542,1,3.524026200229641,79.72536174211345,217.48299017864935,2.6998165796031524,24.5,0,2026-01-02 18:21:00
2543,1,3.6591638600832357,80.18163467602906,219.56596589915125,2.925386242380912,24.5,0,2026-01-02 18:22:00
2544,1,3.7288762970288287,80.37511692421191,219.38303442308836,2.887357622090994,24.5,0,2026-01-02 18:23:00
2545,1,3.808782063123415,80.13428661918216,224.85343297269105,2.8762781973511107,24.5,0,2026-01-02 18:24:00
2546,1,3.6980164188366342,79.99978174279236,220.8659196507214,2.8073529445194287,24.5,0,2026-01-02 18:25:00
2547,1,3.607529421117799,80.27265505064085,217.24476499849152,2.798834684446818,24.5,0,2026-01-02 18:26:00
2548,1,3.550435974365384,80.35849849151442,218.87045199165811,2.7591081863005065,24.5,0,2026-01-02 18:27:00
2549,1,3.793476855690605,80.45824051204816,222.0427665908588,3.0386986187122287,24.5,0,2026-01-02 18:28:00
2550,1,3.942564761908533,81.5766557705675,224.17688554573985,3.003539042526342,24.5,0,2026-01-02 18:29:00
2551,1,3.6948414041840247,80.9637321882693,216.8280333755241,2.865166671417084,24.5,0,2026-01-02 18:30:00
2552,1,3.8561350325536363,80.06381877335697,216.2401512297219,2.934912781412306,24.5,0,2026-01-02 18:31:00
2553,1,3.6504268000184026,80.6878649500049,223.74193035074356,2.8035775106542262,24.5,0,2026-01-02 18:32:00
2554,1,3.654183882231824,80.85454504114279,220.7792283547418,2.915036599628492,24.5,0,2026-01-02 18:33:00
2555,1,3.8282110587201568,80.6749885438967,218.26341453624727,2.908540715650547,24.5,0,2026-01-02 18:34:00
2556,1,3.8311407463204143,79.9626847112522,221.06925817224487,2.9966822554927703,24.5,0,2026-01-02 18:35:00
2557,1,3.8380378060119806,81.11610495261671,214.72850452196624,2.992020223579881,24.5,0,2026-01-02 18:36:00
2558,1,3.810992181219196,80.88174879940172,220.00675101319433,2.949925626374531,24.5,0,2026-01-02 18:37:00
2559,1,3.748565229640219,80.08323158192351,220.65564234568618,2.928473940555139,24.5,0,2026-01-02 18:38:00
2560,1,3.84822499486806,80.05608641509872,221.84854027907565,2.9213693769287827,24.5,0,2026-01-02 18:39:00
2561,1,3.6608002591823006,80.64955606267502,217.9722080954149,2.9167952453887374,24.5,0,2026-01-02 18:40:00
2562,1,3.7505333119901425,80.6815054977722,220.1713743228067,2.999397186913663,24.5,0,2026-01-02 18:41:00
2563,1,3.938357237286929,81.02899168468419,218.14915074788084,3.0505931518162606,24.5,0,2026-01-02 18:42:00
2564,1,3.982107937561205,81.2465033802347,220.51076751134863,3.202947508902319,24.5,0,2026-01-02 18:43:00
2565,1,3.900146839451981,80.56938683017678,218.20930735527395,2.9981084908627627,24.5,0,2026-01-02 18:44:00
2566,1,3.7179134439026393,80.58912402684173,219.18379832167955,2.89677569625229,24.5,0,2026-01-02 18:45:00
2567,1,3.844704104473584,81.47763863342857,218.00836921041954,3.0461559856019202,24.5,0,2026-01-02 18:46:00
2568,1,3.8244481631930376,80.80873902908739,221.3022724836473,2.935643866699499,24.5,0,2026-01-02 18:47:00
2569,1,4.0860780432334955,80.52953748260715,221.71690223331333,3.0915974964383297,24.5,0,2026-01-02 18:48:00
2570,1,3.8771107953938992,80.93003683944598,219.53075886008517,2.918148255541288,24.5,0,2026-01-02 18:49:00
2571,1,3.8446647152975504,80.50341619568489,220.07647598992006,3.076382811591848,24.5,0,2026-01-02 18:50:00
2572,1,3.9123808071802704,81.56044096984145,217.10281717073292,2.9989571679197016,24.5,0,2026-01-02 18:51:00
2573,1,3.894152187549556,81.48827899700171,219.40064670398644,3.001724420769063,24.5,0,2026-01-02 18:52:00
2574,1,4.125470075688568,80.75656096235096,219.8995907659165,3.133912210793492,24.5,0,2026-01-02 18:53:00
2575,1,4.003244082754552,81.79284806124434,225.24158618205996,3.1421605444687493,24.5,0,2026-01-02 18:54:00
2576,1,3.810799116516279,80.56582079283818,217.77606594845167,2.9065997056775092,24.5,0,2026-01-02 18:55:00
2577,1,3.830242872268686,82.04572549751904,222.92835447750488,2.9358481572653954,24.5,0,2026-01-02 18:56:00
2578,1,4.0370477067358905,81.53243607394205,221.9937175469316,3.134915672495377,24.5,0,2026-01-02 18:57:00
2579,1,3.962839185481433,80.7339321998252,220.56127280898028,3.0090807593167366,24.5,0,2026-01-02 18:58:00
2580,1,3.9322198179362045,80.64870731052389,223.51724096839027,3.029388986077044,24.5,0,2026-01-02 18:59:00
2581,1,4.154237579680047,82.09113404793264,220.74421094521372,3.2796546265753928,24.5,0,2026-01-02 19:00:00
2582,1,4.106424951867502,81.56707463581631,220.77831839133586,3.1936998141222075,24.5,0,2026-01-02 19:01:00
2583,1,4.023768944199302,81.6279622422005,219.8937586939649,3.1146501292401982,24.5,0,2026-01-02 19:02:00
2584,1,4.216775628091196,82.95453956258937,222.44713776483727,3.267626768966684,24.5,0,2026-01-02 19:03:00
2585,1,4.143611179029022,81.44858737644078,222.19293846762176,3.1805972082003064,24.5,0,2026-01-02 19:04:00
2586,1,3.9328462328625524,81.62786335247185,218.74864542500757,3.1367869947319744,24.5,0,2026-01-02 19:05:00
2587,1,3.888792093350357,82.42055713133516,217.36150561080245,2.9620522368079722,24.5,0,2026-01-02 19:06:00
2588,1,4.118479143930605,82.12164194812904,219.5940387252087,3.1902370954735946,24.5,0,2026-01-02 19:07:00
2589,1,4.055457869310992,80.92949611780723,218.3999228712047,3.136473112591719,24.5,0,2026-01-02 19:08:00
2590,1,4.061229542929233,82.16901649497385,219.87295085076929,3.18530205917428,24.5,0,2026-01-02 19:09:00
2591,1,4.006235066194389,80.98158271891877,222.47487626936828,3.1472631567535263,24.5,0,2026-01-02 19:10:00
2592,1,4.09230628967557,82.83040903767686,219.0853966898264,3.15661943366479,24.5,0,2026-01-02 19:11:00
2593,1,3.9699903732977697,81.2351658129436,219.91435323737684,3.0780505313129773,24.5,0,2026-01-02 19:12:00
2594,1,4.039523882011524,83.65574570403619,220.11604546961678,3.1332890729936476,24.5,0,2026-01-02 19:13:00
2595,1,4.225807878901112,83.07790318204658,221.69686176441056,3.146664359683347,24.5,0,2026-01-02 19:14:00
2596,1,3.897792172371558,81.31080659143575,215.50622133203078,2.927452430671223,24.5,0,2026-01-02 19:15:00
2597,1,3.8638398475634643,81.63040528278296,218.7865994104694,2.950158583524791,24.5,0,2026-01-02 19:16:00
2598,1,3.9436037070441072,82.18592868125707,220.42256738455893,3.0135543116921366,24.5,0,2026-01-02 19:17:00
2599,1,4.186063896315065,82.62376862588175,222.40015791285373,3.1683526832294135,24.5,0,2026-01-02 19:18:00
2600,1,4.045174310762759,82.28072772625922,219.0161951049876,3.1568291151365817,24.5,0,2026-01-02 19:19:00
2601,1,3.952820955478309,82.69877513052289,216.24689458791624,3.047934787169992,24.5,0,2026-01-02 19:20:00
2602,1,4.00186760926017,81.80574122055765,221.23942289193226,3.074603089717727,24.5,0,2026-01-02 19:21:00
2603,1,4.052646604657404,81.86568238516288,218.72927522234875,3.061366930070742,24.5,0,2026-01-02 19:22:00
2604,1,3.894272516747623,81.61721786675531,217.62066668181927,2.9995570859846974,24.5,0,2026-01-02 19:23:00
2605,1,4.0260436944000375,82.57705047064003,218.75130922057355,2.9717116706415148,24.5,0,2026-01-02 19:24:00
2606,1,3.9324010943514436,82.07871098467848,219.6309492846883,3.0224206211725124,24.5,0,2026-01-02 19:25:00
2607,1,3.8951647779008414,82.00527913758455,218.79051067092357,3.004730679118679,24.5,0,2026-01-02 19:26:00
2608,1,3.858224649485923,82.36310342805474,215.58886788580187,2.9849042891026167,24.5,0,2026-01-02 19:27:00
2609,1,3.989717280706378,80.71040362299597,221.79413239377428,2.995612709900074,24.5,0,2026-01-02 19:28:00
2610,1,4.0300357461769725,82.19428965434147,222.54975008255744,3.1158109189672936,24.5,0,2026-01-02 19:29:00
2611,1,4.029347549015621,82.19739140912328,221.30304398267901,3.0516579720112906,24.5,0,2026-01-02 19:30:00
2612,1,3.563897533850778,82.28316765820036,217.72462865915037,2.704304271672448,24.5,0,2026-01-02 19:31:00
2613,1,3.8777903967527085,80.94052812010683,219.59701693210496,3.0222871843215313,24.5,0,2026-01-02 19:32:00
2614,1,3.9186448292032043,82.87412849839208,219.98695736954107,3.1182576274656997,24.5,0,2026-01-02 19:33:00
2615,1,4.124641870852772,82.36257866503887,221.19758877912383,3.178430272266871,24.5,0,2026-01-02 19:34:00
2616,1,3.8551122618005014,82.09118173797914,221.33668097743617,2.927180256725997,24.5,0,2026-01-02 19:35:00
2617,1,3.9220160424396857,83.04865140717598,218.531652402443,3.0286755574976856,24.5,0,2026-01-02 19:36:00
2618,1,4.076635539023369,82.6420477107542,220.16399111282712,3.1849086907674273,24.5,0,2026-01-02 19:37:00
2619,1,3.795195001806917,81.97955562210404,220.9145608092305,2.9520784165949365,24.5,0,2026-01-02 19:38:00
2620,1,3.9940997460593097,82.22074882923282,222.91164464429355,3.2109667937499244,24.5,0,2026-01-02 19:39:00
2621,1,3.834628944297675,81.54000393414934,221.40901307964944,2.9150223660104717,24.5,0,2026-01-02 19:40:00
2622,1,3.8568305637102434,81.8658148725906,221.57811337475104,2.9801884368186395,24.5,0,2026-01-02 19:41:00
2623,1,3.790719234217132,81.38652767132473,220.1676532558587,2.9938627944697465,24.5,0,2026-01-02 19:42:00
2624,1,3.831899175349491,81.7953097374383,222.820918290407,3.0221121450989,24.5,0,2026-01-02 19:43:00
2625,1,4.136274761483846,81.10255984422257,220.819525591919,3.0841322207073807,24.5,0,2026-01-02 19:44:00
2626,1,3.887941411238866,82.3767253689231,218.27782417965287,2.990150361502159,24.5,0,2026-01-02 19:45:00
2627,1,3.982190497186808,82.08776015197282,222.8067399402504,3.13672747216039,24.5,0,2026-01-02 19:46:00
2628,1,3.8818520694894945,81.82655570387023,221.39580654507805,3.129569851497893,24.5,0,2026-01-02 19:47:00
2629,1,3.617158146410289,81.72929712643597,219.11391195774303,2.816406998353704,24.5,0,2026-01-02 19:48:00
2630,1,3.8041007025292313,81.12576180181577,219.04101406520152,2.9062708787217226,24.5,0,2026-01-02 19:49:00
2631,1,3.885963994498361,83.26668266638325,220.59315109028154,2.9368431763916556,24.5,0,2026-01-02 19:50:00
2632,1,3.681865523621522,81.64924276314933,220.92636959053516,2.9410584298726223,24.5,0,2026-01-02 19:51:00
2633,1,3.842932115551617,81.97362358347286,220.3945845312624,2.9900692195657994,24.5,0,2026-01-02 19:52:00
2634,1,3.8056684588890874,81.41562099323264,220.62261734688576,2.8822959038796703,24.5,0,2026-01-02 19:53:00
2635,1,3.9563007217347987,82.22415030482017,223.39991474915277,3.0299999984714607,24.5,0,2026-01-02 19:54:00
2636,1,3.6866953190022516,82.57284505503364,222.14308630446976,2.848209775807838,24.5,0,2026-01-02 19:55:00
2637,1,3.5729932322238285,82.2105848365944,220.38127118253004,2.772252397665096,24.5,0,2026-01-02 19:56:00
2638,1,3.656543164265675,82.23271851420904,221.88262116153496,2.7639900287888,24.5,0,2026-01-02 19:57:00
2639,1,3.7557814166595582,82.3906642969452,217.93495219294493,2.8542081536630515,24.5,0,2026-01-02 19:58:00
2640,1,3.457247097390752,81.17775100830406,220.79585409989363,2.5726930834373,24.5,0,2026-01-02 19:59:00
2641,1,3.4599833253508097,80.45716222396652,223.6186126994662,2.7091637560030812,24.5,0,2026-01-02 20:00:00
2642,1,3.5984749864314822,81.62011226731119,219.56390820921524,2.746176309817325,24.5,0,2026-01-02 20:01:00
2643,1,3.5075847378430156,81.47429381692125,218.30473214276182,2.7165096566440057,24.5,0,2026-01-02 20:02:00
2644,1,3.5420927861074545,82.31620515668821,218.6958222228139,2.7905305125060895,24.5,0,2026-01-02 20:03:00
2645,1,3.6046452365270105,82.04071175473334,217.8207339253152,2.778158581188677,24.5,0,2026-01-02 20:04:00
2646,1,3.4467633475640684,82.50311801064791,218.4304761837446,2.64005134388887,24.5,0,2026-01-02 20:05:00
2647,1,3.308928497291246,81.96997826405011,219.25898380281996,2.5493413599806263,24.5,0,2026-01-02 20:06:00
2648,1,3.651321429060261,81.74055217299318,217.1888659616427,2.805315726571388,24.5,0,2026-01-02 20:07:00
2649,1,3.373077284347878,80.30813676355457,220.0312366678992,2.6506708329267967,24.5,0,2026-01-02 20:08:00
2650,1,3.375468455594566,82.18295851428836,221.8045543475733,2.605480383862041,24.5,0,2026-01-02 20:09:00
2651,1,3.5190903786121988,82.57822543704664,218.18448763970616,2.67264702599512,24.5,0,2026-01-02 20:10:00
2652,1,3.4257720508042806,80.62333829408952,223.03856784728353,2.6804023393533827,24.5,0,2026-01-02 20:11:00
2653,1,3.408533110987449,82.3906399116411,221.0215841770552,2.6760481441779653,24.5,0,2026-01-02 20:12:00
2654,1,3.4612157704058677,81.80112589465368,222.0611611712481,2.5877522817486533,24.5,0,2026-01-02 20:13:00
2655,1,3.4500320770066075,81.76567707436155,218.68433089229572,2.72246578899318,24.5,0,2026-01-02 20:14:00
2656,1,3.3338519977470615,82.3317215450595,221.70905045413323,2.574708121791964,24.5,0,2026-01-02 20:15:00
2657,1,3.4418564348008864,82.51709800312003,217.81613219920936,2.6531923408230553,24.5,0,2026-01-02 20:16:00
2658,1,3.1119184277975362,81.3464613552516,221.78049500167302,2.4361429123887652,24.5,0,2026-01-02 20:17:00
2659,1,3.3656437660891054,81.79502557441792,220.34367867958707,2.5517282158193377,24.5,0,2026-01-02 20:18:00
2660,1,3.1948583483121187,81.53718843536018,221.10650243996957,2.496617549367461,24.5,0,2026-01-02 20:19:00
2661,1,3.3467851879245143,81.3456165637973,217.6488107887503,2.5462683458793065,24.5,0,2026-01-02 20:20:00
2662,1,3.2122401460918844,81.28231970166985,218.2098603154468,2.3879928145649263,24.5,0,2026-01-02 20:21:00
2663,1,3.1532239710031313,80.58662644781171,221.19445643650678,2.3663831126816244,24.5,0,2026-01-02 20:22:00
2664,1,3.2233522151698017,81.17083525667027,218.1033039915516,2.498113311252085,24.5,0,2026-01-02 20:23:00
2665,1,3.2683500448749894,81.1721241098348,220.92641258419823,2.456716143592057,24.5,0,2026-01-02 20:24:00
2666,1,3.1692282171255943,80.9359368511513,217.2657243870795,2.5083101090670064,24.5,0,2026-01-02 20:25:00
2667,1,3.043088161554821,81.04003888912342,221.69634842533333,2.3904070227590477,24.5,0,2026-01-02 20:26:00
2668,1,3.0206177764310636,80.8478577176494,217.53495337046297,2.380171594698374,24.5,0,2026-01-02 20:27:00
2669,1,3.098690764237113,81.4146417168405,221.10459987535904,2.3792975682285276,24.5,0,2026-01-02 20:28:00
2670,1,3.0766206735115507,80.10749930788077,221.25126186729202,2.368814262025107,24.5,0,2026-01-02 20:29:00
2671,1,3.09927732994182,81.14608632262315,218.60645636314084,2.3133475998273423,24.5,0,2026-01-02 20:30:00
2672,1,2.833928190831012,80.71510167936489,221.16405313416945,2.2194347022924985,24.5,0,2026-01-02 20:31:00
2673,1,3.0437093675166853,80.89464998580684,220.52088452666712,2.3490119221728896,24.5,0,2026-01-02 20:32:00
2674,1,2.938652862771856,80.82776773933854,218.92231628761454,2.277737731706638,24.5,0,2026-01-02 20:33:00
2675,1,2.8510271038215658,79.84543173044719,217.9828906318476,2.2664972627280577,24.5,0,2026-01-02 20:34:00
2676,1,2.815803261065511,81.00480648373316,216.07474861665483,2.12460885943228,24.5,0,2026-01-02 20:35:00
2677,1,2.9094703757651397,81.26028597994052,220.69930009459938,2.2200598204907505,24.5,0,2026-01-02 20:36:00
2678,1,2.5013496029796594,80.46583777077853,216.8703944572759,1.9302093972943732,24.5,0,2026-01-02 20:37:00
2679,1,2.813308373002852,81.3483192519992,220.19068839888263,2.1055801222131136,24.5,0,2026-01-02 20:38:00
2680,1,2.766596559237441,80.78662610394223,219.4731035678355,2.1070229239741294,24.5,0,2026-01-02 20:39:00
2681,1,2.913765837037732,81.21030467745636,221.3582855508764,2.2534096515852093,24.5,0,2026-01-02 20:40:00
2682,1,2.73309983257772,80.72490983472896,219.39590900102027,2.0740892184206423,24.5,0,2026-01-02 20:41:00
2683,1,2.772308230689457,81.13785885090762,219.34110442730582,2.1855855381372566,24.5,0,2026-01-02 20:42:00
2684,1,2.958391875532667,80.10664382744162,221.4637414085766,2.1866719697862202,24.5,0,2026-01-02 20:43:00
2685,1,2.8725677878758415,80.38362329398096,220.67011605816825,2.252509290678784,24.5,0,2026-01-02 20:44:00
2686,1,2.8432395287139642,81.83008656441307,220.63231191436554,2.206788176580527,24.5,0,2026-01-02 20:45:00
2687,1,2.685282938430224,79.09807842556839,220.93853517961705,2.0243203580467246,24.5,0,2026-01-02 20:46:00
2688,1,2.7216924211176683,80.6758822836038,216.9288557535858,2.034166501605338,24.5,0,2026-01-02 20:47:00
2689,1,2.6808559050113367,81.28529762029892,221.51357735997397,1.9449535808826657,24.5,0,2026-01-02 20:48:00
2690,1,2.6621831316255187,80.5111432880492,221.22493758802722,1.9947339738116687,24.5,0,2026-01-02 20:49:00
2691,1,2.6651111329352357,80.42314634322594,217.966633742847,2.0888855305355407,24.5,0,2026-01-02 20:50:00
2692,1,2.5637772213583196,80.52067409701218,219.5118390526516,1.956092886859376,24.5,0,2026-01-02 20:51:00
2693,1,2.7615427834908277,80.62767323413013,219.92138542474473,2.1679413365508977,24.5,0,2026-01-02 20:52:00
2694,1,2.573795456572649,80.50628891253758,219.73100643119653,1.935164949989702,24.5,0,2026-01-02 20:53:00
2695,1,2.6456255176014554,80.21265932593585,220.66771993313708,2.056183711202147,24.5,0,2026-01-02 20:54:00
2696,1,2.739614827849773,81.43491555373377,222.86273356366237,2.056536796212763,24.5,0,2026-01-02 20:55:00
2697,1,2.669786433794808,81.51883403583518,222.16353345534566,1.990596854660865,24.5,0,2026-01-02 20:56:00
2698,1,2.350883044410315,80.07707240603035,217.3755616131372,1.789798014367193,24.5,0,2026-01-02 20:57:00
2699,1,2.563960920885468,79.67672846826143,221.2441399806121,1.924418359905372,24.5,0,2026-01-02 20:58:00
2700,1,2.6045864370536225,80.25665356903585,222.65786663907082,1.911345608552258,24.5,0,2026-01-02 20:59:00
2701,1,2.569766789213468,80.45040131066713,220.7736170413784,1.9525915370775662,24.5,0,2026-01-02 21:00:00
2702,1,2.364388751932849,80.44513958791902,222.18196085037192,1.810067177123148,24.5,0,2026-01-02 21:01:00
2703,1,2.414276166114476,79.61077376816584,224.02454089140153,1.9060582845267342,24.5,0,2026-01-02 21:02:00
2704,1,2.5453163186604724,80.06738971503334,222.04741909221397,1.989299742865905,24.5,0,2026-01-02 21:03:00
2705,1,2.3334312475023213,80.46750177086398,220.49861719128344,1.8415783508079477,24.5,0,2026-01-02 21:04:00
2706,1,2.381629450832075,80.80082555750559,222.0901769481695,1.8531961444736988,24.5,0,2026-01-02 21:05:00
2707,1,2.5369180755735106,80.22412052692019,220.28977566619378,1.9521002454341194,24.5,0,2026-01-02 21:06:00
2708,1,2.3545993723271414,79.45741725402416,220.04780608656992,1.7347478561478402,24.5,0,2026-01-02 21:07:00
2709,1,2.2632157849908907,82.07756419325167,219.29717152857253,1.7338045301152836,24.5,0,2026-01-02 21:08:00
2710,1,2.2724192149181706,80.53299493702652,223.12682671766422,1.7629973760142004,24.5,0,2026-01-02 21:09:00
2711,1,2.3312383493022932,80.13152380813712,218.36314266811598,1.8507127196985647,24.5,0,2026-01-02 21:10:00
2712,1,2.1962437076792503,80.46718760416076,223.06473544935622,1.7090386278946301,24.5,0,2026-01-02 21:11:00
2713,1,2.2724685074281816,80.0760545324432,220.99972824748073,1.794694573319863,24.5,0,2026-01-02 21:12:00
2714,1,2.278123540061165,80.77552510801098,217.20138765039613,1.6852135757255777,24.5,0,2026-01-02 21:13:00
2715,1,2.4000626376140457,80.53304246079759,220.73529858598283,1.8132744940052463,24.5,0,2026-01-02 21:14:00
2716,1,2.2710978402896758,80.35545399240306,215.79994698469676,1.752578441759916,24.5,0,2026-01-02 21:15:00
2717,1,2.1752450185154344,79.94644685903421,221.25101603366207,1.7159303412773161,24.5,0,2026-01-02 21:16:00
2718,1,2.361099945464812,79.51552484844224,221.77046296597797,1.7920923471904253,24.5,0,2026-01-02 21:17:00
2719,1,2.1690506406037304,81.24272716923518,218.8152880886959,1.648708708252962,24.5,0,2026-01-02 21:18:00
2720,1,2.0768227949567404,79.31986780160881,220.24709539191116,1.6167515427074792,24.5,0,2026-01-02 21:19:00
2721,1,2.2094770042643743,79.27432306806651,223.90831486750056,1.6270059291215664,24.5,0,2026-01-02 21:20:00
2722,1,2.3122979123474634,80.27815020327716,218.98850659147612,1.8418280903283555,24.5,0,2026-01-02 21:21:00
2723,1,2.1625951437025095,79.56856270606407,217.8821848258868,1.6032960370709635,24.5,0,2026-01-02 21:22:00
2724,1,2.1870329434158684,80.07872699212801,222.9633268049252,1.5697711107686574,24.5,0,2026-01-02 21:23:00
2725,1,2.3538012220980544,80.84289851782955,223.9251743810616,1.7930396832848265,24.5,0,2026-01-02 21:24:00
2726,1,1.992582283651763,80.40995909423133,220.0073913436957,1.6022213995648478,24.5,0,2026-01-02 21:25:00
2727,1,2.016511101916938,80.3277277340515,222.0229260708167,1.5646887359782107,24.5,0,2026-01-02 21:26:00
2728,1,1.9798055085834227,79.58713896981956,222.68295183106176,1.5448223331625934,24.5,0,2026-01-02 21:27:00
2729,1,2.1342857014326344,80.1963751046233,218.51503153492322,1.62678365259607,24.5,0,2026-01-02 21:28:00
2730,1,2.1105459229625265,80.36925044001775,219.02938832926426,1.5988630452227393,24.5,0,2026-01-02 21:29:00
2731,1,2.276713418017833,79.34497070213588,222.46174902630946,1.6555446934717357,24.5,0,2026-01-02 21:30:00
2732,1,2.145119248413731,80.4827567543951,223.37002855741702,1.5195022203605262,24.5,0,2026-01-02 21:31:00
2733,1,2.0507558648185698,79.13786424095592,221.12576172034872,1.570316982937843,24.5,0,2026-01-02 21:32:00
2734,1,2.0582844274034873,81.31976125057103,218.2403712929959,1.6317029991604761,24.5,0,2026-01-02 21:33:00
2735,1,2.1180592100183415,79.87890571775102,223.9741222233989,1.6286015868679684,24.5,0,2026-01-02 21:34:00
2736,1,1.884495961111687,79.65643963724789,218.93805820437606,1.4647393017830617,24.5,0,2026-01-02 21:35:00
2737,1,2.3246431908028358,80.18637206849823,219.3297244376571,1.847393800517695,24.5,0,2026-01-02 21:36:00
2738,1,2.111658541955267,79.83730870684035,220.68467566897925,1.6224818047932066,24.5,0,2026-01-02 21:37:00
2739,1,2.0984116123932695,81.5237382960589,223.10832084142956,1.5896760308302484,24.5,0,2026-01-02 21:38:00
2740,1,2.122351281019287,80.81128013540008,221.70795195310444,1.5729268908916034,24.5,0,2026-01-02 21:39:00
2741,1,2.1197236908307486,79.34391565044484,220.82973100072383,1.7128045409776038,24.5,0,2026-01-02 21:40:00
2742,1,2.0308786580802836,81.01428871255855,220.9265770602362,1.5703151671608848,24.5,0,2026-01-02 21:41:00
2743,1,1.9705006866844164,80.7386755799139,220.08702933728694,1.450755173601207,24.5,0,2026-01-02 21:42:00
2744,1,2.1022996815320822,80.11004025700775,221.116279029037,1.539408034448486,24.5,0,2026-01-02 21:43:00
2745,1,2.0203240515917273,80.43073150795963,214.9408798446114,1.5981560411941094,24.5,0,2026-01-02 21:44:00
2746,1,1.9398610911163923,80.01011642967545,219.4067850818604,1.422329239337988,24.5,0,2026-01-02 21:45:00
2747,1,2.174059666445195,81.6607032336537,220.48264386983357,1.744707498907424,24.5,0,2026-01-02 21:46:00
2748,1,2.0329159754957615,79.78733036825844,217.697971832761,1.4067864773754246,24.5,0,2026-01-02 21:47:00
2749,1,2.1053876327867234,80.45388961810812,220.77264663562312,1.6706433850737976,24.5,0,2026-01-02 21:48:00
2750,1,2.1608405725354864,80.25650150971555,219.59105755802776,1.6658231418225422,24.5,0,2026-01-02 21:49:00
2751,1,2.05880297142451,79.39504317474501,223.510951396631,1.569739065459633,24.5,0,2026-01-02 21:50:00
2752,1,2.086388556496734,81.64514790769901,223.14603945042973,1.5758311956433888,24.5,0,2026-01-02 21:51:00
2753,1,2.099001046684548,79.73692421703143,219.06838886176368,1.6885603374597065,24.5,0,2026-01-02 21:52:00
2754,1,1.9513756593887686,80.28884660594521,219.6983245768666,1.5171188992584719,24.5,0,2026-01-02 21:53:00
2755,1,2.0333752883364227,79.28681114927393,219.85210486878321,1.4987173300992185,24.5,0,2026-01-02 21:54:00
2756,1,2.0358496726694617,80.12556424963809,219.09668104768076,1.459656166570358,24.5,0,2026-01-02 21:55:00
2757,1,1.9408861593637214,80.42213612848789,220.39004996805625,1.4822236011612973,24.5,0,2026-01-02 21:56:00
2758,1,2.256155578388145,80.3499151130928,218.4834358622248,1.712460147068874,24.5,0,2026-01-02 21:57:00
2759,1,1.8788084474945592,80.47370164432348,217.73876933012494,1.3499559038576092,24.5,0,2026-01-02 21:58:00
2760,1,1.9240655522824157,80.00467160831711,221.24542244780054,1.4573821523123924,24.5,0,2026-01-02 21:59:00
2761,1,2.194350635698201,81.40803337543304,221.25905916844363,1.636404905338235,24.5,0,2026-01-02 22:00:00
2762,1,2.1101597201424487,81.43305017825003,218.39136848068003,1.6015208713886013,24.5,0,2026-01-02 22:01:00
2763,1,1.9706525015770837,79.9410790253454,221.7907108615252,1.5313537394011902,24.5,0,2026-01-02 22:02:00
2764,1,2.1132634316540884,80.69156747583511,218.73684454166934,1.677721116085293,24.5,0,2026-01-02 22:03:00
2765,1,2.223490326477318,80.95423204036632,220.50633047607596,1.7319829126465882,24.5,0,2026-01-02 22:04:00
2766,1,2.088450608617851,80.94342957830479,221.6406880252249,1.5478791159802665,24.5,0,2026-01-02 22:05:00
2767,1,2.344936924440306,81.13430841306501,219.93277487059257,1.7967469156724845,24.5,0,2026-01-02 22:06:00
2768,1,1.9230756203348491,80.40402448050084,220.90948182428227,1.4613888827970838,24.5,0,2026-01-02 22:07:00
2769,1,2.1570328144293667,80.656974795685,218.96714071222485,1.5688690400518004,24.5,0,2026-01-02 22:08:00
2770,1,2.218809882694614,80.99698957360032,219.60706683314382,1.702058655335661,24.5,0,2026-01-02 22:09:00
2771,1,2.1989155717887785,81.68259503846409,219.58828113823932,1.759731454856694,24.5,0,2026-01-02 22:10:00
2772,1,2.086372973158624,81.10409284808668,218.50684330691954,1.58304759462823,24.5,0,2026-01-02 22:11:00
2773,1,2.0973845571466074,81.15245409289757,219.64645167376844,1.5099047071662206,24.5,0,2026-01-02 22:12:00
2774,1,2.153553971311582,81.34565125180625,216.9027634022725,1.6335350263522148,24.5,0,2026-01-02 22:13:00
2775,1,2.2215119311459093,80.92774545554705,219.0176925057158,1.6226680237014357,24.5,0,2026-01-02 22:14:00
2776,1,2.214060810223297,81.20327176488267,219.43024901326066,1.7207200497955697,24.5,0,2026-01-02 22:15:00
2777,1,2.269065363852829,80.48368263371505,219.48764049500923,1.7452867173222246,24.5,0,2026-01-02 22:16:00
2778,1,2.0720552961148053,81.52026554306629,219.51700510825845,1.5610862059621768,24.5,0,2026-01-02 22:17:00
2779,1,2.166414683534867,79.28408103905117,219.87647160027973,1.6243888972355,24.5,0,2026-01-02 22:18:00
2780,1,2.116031761664663,80.79644403917628,220.95888303617213,1.5920126666765728,24.5,0,2026-01-02 22:19:00
2781,1,2.191821746301398,81.6820353423147,221.74903414826505,1.6602733665171652,24.5,0,2026-01-02 22:20:00
2782,1,2.3145544942115657,80.49807786987193,218.70046954630345,1.7140177389086249,24.5,0,2026-01-02 22:21:00
2783,1,2.2241807985627733,81.41409396371107,217.59359828922172,1.6146405558499435,24.5,0,2026-01-02 22:22:00
2784,1,2.490448844662184,81.30544689826475,217.9159111755138,1.9423782237051097,24.5,0,2026-01-02 22:23:00
2785,1,2.2728304779055986,81.05046091782042,219.02559415761016,1.701248902693493,24.5,0,2026-01-02 22:24:00
2786,1,2.2753327257565275,81.85370198090874,219.296157364367,1.7305930605427597,24.5,0,2026-01-02 22:25:00
2787,1,2.2847637031414743,81.45600749311977,218.46000786760507,1.7434705526662486,24.5,0,2026-01-02 22:26:00
2788,1,2.2130187449247622,80.01008882533418,217.4077666715002,1.6908403575255544,24.5,0,2026-01-02 22:27:00
2789,1,2.302631262115135,80.80374744433502,219.0877583450516,1.6836899736550128,24.5,0,2026-01-02 22:28:00
2790,1,2.4506470922407413,82.25540265606409,220.36285324022793,1.7704057162522235,24.5,0,2026-01-02 22:29:00
2791,1,2.3714615655892697,81.7808330173271,221.19005893167113,1.764670677074511,24.5,0,2026-01-02 22:30:00
2792,1,2.270271905191272,82.423436805949,218.88515389378335,1.7371651175048213,24.5,0,2026-01-02 22:31:00
2793,1,2.275174292518382,82.4029258796289,219.17400435571312,1.6845184280806011,24.5,0,2026-01-02 22:32:00
2794,1,2.3275293866376208,81.32859427074698,218.1466033823054,1.7425946077861487,24.5,0,2026-01-02 22:33:00
2795,1,2.4154039383276205,83.1868329673061,219.93712165925044,1.9329835387988767,24.5,0,2026-01-02 22:34:00
2796,1,2.5257833926223547,81.97015451303214,218.30314273161838,1.8176295400119509,24.5,0,2026-01-02 22:35:00
2797,1,2.3172287524262973,80.91816564587916,221.1462556264824,1.71427278617312,24.5,0,2026-01-02 22:36:00
2798,1,2.385627098245947,81.36730084896638,216.42826701613177,1.8983893640553249,24.5,0,2026-01-02 22:37:00
2799,1,2.48055119341236,80.53431989883964,219.2807406550951,1.8729053177799682,24.5,0,2026-01-02 22:38:00
2800,1,2.3117677149907356,82.50545033159598,220.6022146783835,1.7120719231188806,24.5,0,2026-01-02 22:39:00
2801,1,2.4278810001950655,82.74703553265921,220.367669032645,1.8933914319872516,24.5,0,2026-01-02 22:40:00
2802,1,2.5169059328741534,81.26095096713865,225.386067327961,1.9048078905163783,24.5,0,2026-01-02 22:41:00
2803,1,2.4704205511303488,81.76004712641695,220.69960004913582,1.849314883952374,24.5,0,2026-01-02 22:42:00
2804,1,2.5567831166629724,82.20184244383383,217.99189080631598,1.9414139307694318,24.5,0,2026-01-02 22:43:00
2805,1,2.560408886897105,81.54828003680022,219.80907150582186,1.9014360763517604,24.5,0,2026-01-02 22:44:00
2806,1,2.4998057040132053,81.04335047876573,216.4475073330671,1.837493534617822,24.5,0,2026-01-02 22:45:00
2807,1,2.6567143591673745,82.21805901002166,219.83880050140647,2.00101729240792,24.5,0,2026-01-02 22:46:00
2808,1,2.7869520513388277,82.46219297825671,218.33388788599848,2.054309283411941,24.5,0,2026-01-02 22:47:00
2809,1,2.8418432824504674,82.45689279571003,221.8307805511203,2.1466360461909653,24.5,0,2026-01-02 22:48:00
2810,1,2.4643447493972492,82.16332921925486,218.90091945080894,1.8785565168754916,24.5,0,2026-01-02 22:49:00
2811,1,2.7457361955717032,83.43983415595692,219.76646816840952,2.115761652212843,24.5,0,2026-01-02 22:50:00
2812,1,2.6757783116801326,82.30197492993395,218.7288843171912,2.07648267531436,24.5,0,2026-01-02 22:51:00
2813,1,2.7876472633551175,82.7057176005598,223.47770270370665,2.084044939632975,24.5,0,2026-01-02 22:52:00
2814,1,2.699695035949255,82.98211497689044,219.3575144677642,2.0627055675355197,24.5,0,2026-01-02 22:53:00
2815,1,2.8255688809756063,83.03510902053623,223.6651140869584,2.15715755811842,24.5,0,2026-01-02 22:54:00
2816,1,2.8229967144414547,82.39440152320196,221.62830352423654,2.1467679912923554,24.5,0,2026-01-02 22:55:00
2817,1,2.7600526974167683,82.72867558483367,220.96413345467076,2.058695047654566,24.5,0,2026-01-02 22:56:00
2818,1,2.7448151842625195,82.98993688684051,220.73746629463503,2.0195596675062744,24.5,0,2026-01-02 22:57:00
2819,1,2.8108176870558994,82.128149127017,220.7875945964325,2.145649975387773,24.5,0,2026-01-02 22:58:00
2820,1,2.8391813172802873,83.75423692253216,216.14465484130878,2.056390787816139,24.5,0,2026-01-02 22:59:00
2821,1,2.939249426228283,83.98251116260204,219.4422332116985,2.2036065228545594,24.5,0,2026-01-02 23:00:00
2822,1,3.015498311478122,82.79537557394161,221.69031594236864,2.146602031589447,24.5,0,2026-01-02 23:01:00
2823,1,2.874953958657188,83.13045596574499,219.90220563305178,2.101248337035533,24.5,0,2026-01-02 23:02:00
2824,1,2.9371054104864243,83.61003261474605,217.18962030639284,2.1708601081935366,24.5,0,2026-01-02 23:03:00
2825,1,3.062508396683078,83.08790439874943,219.89519109884506,2.3638818996371427,24.5,0,2026-01-02 23:04:00
2826,1,3.1528238701683122,83.79979017669152,223.408211032511,2.4113087296292943,24.5,0,2026-01-02 23:05:00
2827,1,3.035056218396278,83.41885912883926,222.49378343106943,2.260193156585688,24.5,0,2026-01-02 23:06:00
2828,1,3.0031762779342777,82.46272743626555,219.87599198126793,2.300100229279474,24.5,0,2026-01-02 23:07:00
2829,1,3.0933362393874173,83.7563856220314,221.90289855411618,2.3757374396852877,24.5,0,2026-01-02 23:08:00
2830,1,2.941519079424081,82.60762727388305,219.2669859592639,2.2086812506603133,24.5,0,2026-01-02 23:09:00
2831,1,3.0208044566636016,84.07741919871152,216.59225682634656,2.207017026140161,24.5,0,2026-01-02 23:10:00
2832,1,3.156724451237244,83.3537341498442,218.1510680237409,2.368020869783557,24.5,0,2026-01-02 23:11:00
2833,1,3.23863498695782,83.69402879072493,223.1257775370164,2.4349929017634997,24.5,0,2026-01-02 23:12:00
2834,1,3.1133103920399408,84.48651860021313,219.4520138363414,2.283614589870821,24.5,0,2026-01-02 23:13:00
2835,1,3.1835001897494157,84.11328267019125,219.51323204124998,2.416223387003641,24.5,0,2026-01-02 23:14:00
2836,1,3.0966458105245818,83.01389613076748,219.40032360745025,2.346208086615552,24.5,0,2026-01-02 23:15:00
2837,1,3.336507874080115,83.41273894604956,223.80827317914603,2.5348688180925043,24.5,0,2026-01-02 23:16:00
2838,1,3.2681781907839325,83.5601880151591,223.25191783072412,2.4748598492150236,24.5,0,2026-01-02 23:17:00
2839,1,3.285310427085008,84.1711215233928,224.43756046689626,2.5100589226569543,24.5,0,2026-01-02 23:18:00
2840,1,3.226747117270668,84.18618406906458,219.6819095791999,2.420264110295001,24.5,0,2026-01-02 23:19:00
2841,1,3.2901325503224914,83.5789489612864,220.5912489774942,2.48679129591345,24.5,0,2026-01-02 23:20:00
2842,1,3.216932082436179,83.3611291182344,216.9667149011584,2.4014700079215205,24.5,0,2026-01-02 23:21:00
2843,1,3.4388398605958814,84.50503580497825,222.95386885223655,2.5589013057423067,24.5,0,2026-01-02 23:22:00
2844,1,3.2709032408589906,84.06948144658317,217.66444089746412,2.528400782049945,24.5,0,2026-01-02 23:23:00
2845,1,3.533364154555454,85.92352853475926,220.43355112752525,2.5565465373573963,24.5,1,2026-01-02 23:24:00
2846,1,3.4973191054093293,84.6783022313453,217.8053949447343,2.6751871643476526,24.5,0,2026-01-02 23:25:00
2847,1,3.2952517452438883,85.32595737898895,218.8222663465226,2.44804066900808,24.5,1,2026-01-02 23:26:00
2848,1,3.402951244732394,83.77955124291537,218.3254751379006,2.522333769432898,24.5,0,2026-01-02 23:27:00
2849,1,3.356132798892302,83.44560250139223,218.78424947864838,2.5374434007804783,24.5,0,2026-01-02 23:28:00
2850,1,3.409250206043163,83.83378218477407,218.92175459370205,2.4895806641628004,24.5,0,2026-01-02 23:29:00
2851,1,3.661702087453792,85.73629287289668,218.90346241014984,2.71285101123898,24.5,1,2026-01-02 23:30:00
2852,1,3.4906417633497058,85.66529399428386,221.6666678235606,2.5822928923242223,24.5,1,2026-01-02 23:31:00
2853,1,3.5142613252681048,84.32633942550895,217.79027441387495,2.631176195025652,24.5,0,2026-01-02 23:32:00
2854,1,3.5931829406537372,84.60560366981012,220.44108285402774,2.6611073894873445,24.5,0,2026-01-02 23:33:00
2855,1,3.4856707844440757,83.92185028807654,222.4359183046111,2.700281750076198,24.5,0,2026-01-02 23:34:00
2856,1,3.4633390629694465,83.61464205301219,218.97360727097322,2.693029254053398,24.5,0,2026-01-02 23:35:00
2857,1,3.4386031570260394,85.11134890395972,218.5641622185048,2.4832278511054584,24.5,1,2026-01-02 23:36:00
2858,1,3.5031400370251875,84.9265531098595,219.5389507496395,2.659783935368434,24.5,0,2026-01-02 23:37:00
2859,1,3.364119965961018,84.45420459872467,222.35945041672142,2.5707762560042213,24.5,0,2026-01-02 23:38:00
2860,1,3.694923737193608,84.33432399313946,220.3882152619067,2.8032849323348756,24.5,0,2026-01-02 23:39:00
2861,1,3.8387775487571822,86.50730565608711,218.9375714107848,2.851024388662911,24.5,1,2026-01-02 23:40:00
2862,1,3.6966433536935037,84.88660944619107,220.96775330237608,2.764667476900199,24.5,0,2026-01-02 23:41:00
2863,1,3.5024358527450477,85.24205027956073,217.79541570032714,2.5933091909778128,24.5,1,2026-01-02 23:42:00
2864,1,3.6541236130091335,84.24939489786051,221.3627190208859,2.7233698245271745,24.5,0,2026-01-02 23:43:00
2865,1,3.6790534741999132,85.08963309846061,220.81721461540354,2.702331732753001,24.5,1,2026-01-02 23:44:00
2866,1,3.6136843129234117,85.31153359156528,219.38438305772223,2.7077294153829636,24.5,1,2026-01-02 23:45:00
2867,1,3.7993199741136925,85.75246375165649,218.32282840310555,2.777434918438044,24.5,1,2026-01-02 23:46:00
2868,1,3.8068884440232034,85.68242179359476,218.22663815543308,2.8479649628135943,24.5,1,2026-01-02 23:47:00
2869,1,3.670736525392151,85.53603334757966,221.06963467269182,2.693052772587892,24.5,1,2026-01-02 23:48:00
2870,1,3.900167320619414,84.97936355397397,222.45796100497813,2.9377548634094315,24.5,0,2026-01-02 23:49:00
2871,1,3.92880335900925,85.9781040781282,218.7253845059424,2.9146420231837675,24.5,1,2026-01-02 23:50:00
2872,1,4.01958918481466,86.04414088959217,220.91677340710297,3.0309761859041684,24.5,1,2026-01-02 23:51:00
2873,1,4.035164247242624,86.34786518045081,215.82594596279586,3.0819115047034833,24.5,1,2026-01-02 23:52:00
2874,1,3.724621844166022,85.53864998575581,218.8307645386856,2.874006240399905,24.5,1,2026-01-02 23:53:00
2875,1,4.132688569777454,85.51574779064111,219.9378821342582,2.973990609397961,24.5,1,2026-01-02 23:54:00
2876,1,3.792489462795352,84.89185831404973,218.18063316603633,2.8031753204427416,24.5,0,2026-01-02 23:55:00
2877,1,3.7791375489746635,84.34422218365103,218.1269872504208,2.819431489734796,24.5,0,2026-01-02 23:56:00
2878,1,3.8921246924602126,86.38444762192381,218.66444088706223,2.9420575785435004,24.5,1,2026-01-02 23:57:00
2879,1,3.844991909895486,86.24526155218358,220.58438545665274,2.8008861544134365,24.5,1,2026-01-02 23:58:00
2880,1,3.9379454380005723,86.48690717901913,219.62534196318725,2.903710888193035,24.5,1,2026-01-02 23:59:00
2881,1,3.7039782583619263,85.85622921469025,215.52353753335007,2.7836184967410844,24.5,1,2026-01-03 00:00:00
2882,1,3.825019132339075,84.6430566772003,215.75859969472987,2.871810076178958,24.5,0,2026-01-03 00:01:00
2883,1,4.041569240936845,85.64557468544551,218.78626964428565,3.0484883274725285,24.5,1,2026-01-03 00:02:00
2884,1,3.9536533124200255,86.12841756116046,220.9153731721071,2.9855920331848442,24.5,1,2026-01-03 00:03:00
2885,1,3.867104788466694,86.17958955483354,214.50499031454953,2.915176834475988,24.5,1,2026-01-03 00:04:00
2886,1,3.990153189895319,86.06301745607658,219.00053964769674,2.999850916856345,24.5,1,2026-01-03 00:05:00
2887,1,4.067244223163909,86.58802175633596,218.94750428696517,3.0504213641415294,24.5,1,2026-01-03 00:06:00
2888,1,3.856568951802343,85.8386726455273,222.7766755564169,2.9227220855286893,24.5,1,2026-01-03 00:07:00
2889,1,4.028322881070639,86.38153804182286,219.22995637657428,2.9059003848468707,24.5,1,2026-01-03 00:08:00
2890,1,3.9769112080588074,85.78379946992864,220.76597796948187,3.056269599385019,24.5,1,2026-01-03 00:09:00
2891,1,4.018814627458201,86.87134189210872,220.28251428017492,2.8999171046729577,24.5,1,2026-01-03 00:10:00
2892,1,4.03061749773755,86.22951651624342,215.7388670403856,2.9647217271940605,24.5,1,2026-01-03 00:11:00
2893,1,3.9150379915457307,85.26518002323068,221.53641443326347,2.9204867768466563,24.5,1,2026-01-03 00:12:00
2894,1,3.919305915334501,85.66292692608225,220.43079301091257,2.9683580615458762,24.5,1,2026-01-03 00:13:00
2895,1,3.840923127380555,85.75676473772376,221.01653727934917,2.7259844286816586,24.5,1,2026-01-03 00:14:00
2896,1,4.109787057686975,86.86359840530145,227.85247541287265,3.0753356960034313,24.5,1,2026-01-03 00:15:00
2897,1,4.083708589598139,86.64107148121542,215.8317741210028,3.0965326308058283,24.5,1,2026-01-03 00:16:00
2898,1,4.082566008561336,86.28707262090713,223.44939329952223,3.105477900345785,24.5,1,2026-01-03 00:17:00
2899,1,3.889349514292354,85.4274020092154,219.42510496119928,2.87597417011716,24.5,1,2026-01-03 00:18:00
2900,1,3.999443087174396,86.83973507772009,220.57465780880602,2.977895067107753,24.5,1,2026-01-03 00:19:00
2901,1,3.8886059478063495,85.79700166305692,219.90897550939752,2.8788947529681757,24.5,1,2026-01-03 00:20:00
2902,1,3.9139759312996194,86.22006111224755,219.15152733320392,2.908759007178149,24.5,1,2026-01-03 00:21:00
2903,1,4.062997851067842,87.48956240844527,218.8603341435225,2.987993961714037,24.5,1,2026-01-03 00:22:00
2904,1,3.9391800476085765,86.61194839700669,220.65901747114603,2.902198176785881,24.5,1,2026-01-03 00:23:00
2905,1,4.102436503220183,85.80401722001848,216.96565260665665,3.0901949837995826,24.5,1,2026-01-03 00:24:00
2906,1,4.068181828552967,85.49869096112849,221.50115833504353,3.0491313615762965,24.5,1,2026-01-03 00:25:00
2907,1,4.041313311053135,86.56853238351935,219.16761119022948,3.0467330049066934,24.5,1,2026-01-03 00:26:00
2908,1,3.97832032586014,85.82125932883265,217.73986132191928,2.9854498261252047,24.5,1,2026-01-03 00:27:00
2909,1,4.108503835852161,87.16205468138897,219.09997428400837,3.1070022561879505,24.5,1,2026-01-03 00:28:00
2910,1,4.172549751789678,86.81332633927447,222.51429843372514,3.163268976912457,24.5,1,2026-01-03 00:29:00
2911,1,4.058777956689746,86.80975920418489,218.92932982596756,2.9469143252265124,24.5,1,2026-01-03 00:30:00
2912,1,4.1134072803363555,86.3438129538232,220.71690723641925,3.0318134813349213,24.5,1,2026-01-03 00:31:00
2913,1,3.9924860238794624,87.667900936169,218.53808744856906,2.9722802697490223,24.5,1,2026-01-03 00:32:00
2914,1,4.1210945594762585,88.48927898152515,221.51584369984724,3.078524881303417,24.5,1,2026-01-03 00:33:00
2915,1,4.025726735583443,86.44955713389037,221.3710154775804,2.974585844745618,24.5,1,2026-01-03 00:34:00
2916,1,4.099534612215557,86.90476508953685,223.69721766659282,3.1085357285552186,24.5,1,2026-01-03 00:35:00
2917,1,3.9935415160623062,86.70344159298342,219.64887210900156,3.0824417087856246,24.5,1,2026-01-03 00:36:00
2918,1,4.001395449202973,86.45930489020942,221.3373096095158,2.998320888575958,24.5,1,2026-01-03 00:37:00
2919,1,3.9526475977163997,86.07535625680772,220.1961350790779,2.9565203129853392,24.5,1,2026-01-03 00:38:00
2920,1,4.109020650146474,86.16006136366887,222.59174356372603,3.111267012025858,24.5,1,2026-01-03 00:39:00
2921,1,4.1140101651243555,86.30257722113862,218.56233522478254,2.9789213602292524,24.5,1,2026-01-03 00:40:00
2922,1,4.149067297639847,87.20272036992519,221.49001062575456,3.0995065347356583,24.5,1,2026-01-03 00:41:00
2923,1,3.8624425411748073,86.16501565160806,219.61060540776663,2.9327255405985144,24.5,1,2026-01-03 00:42:00
2924,1,4.117949724495155,85.44101652331972,219.87162364578302,3.0420751788951397,24.5,1,2026-01-03 00:43:00
2925,1,3.954034121484575,86.93469903704717,220.18350496889676,2.89023937997417,24.5,1,2026-01-03 00:44:00
2926,1,4.045657342686056,86.82912127908138,220.50448079285334,3.0103691231203835,24.5,1,2026-01-03 00:45:00
2927,1,3.872097710357263,87.35846507266153,219.76754191375608,2.886792050583052,24.5,1,2026-01-03 00:46:00
2928,1,3.981950476242773,86.98300999477965,220.42942636634106,2.9260819249981256,24.5,1,2026-01-03 00:47:00
2929,1,4.0402703666914235,85.90458701617682,223.15623611512436,3.1195420982734636,24.5,1,2026-01-03 00:48:00
2930,1,3.8262962466778636,85.09190196370038,221.97089937123044,2.8308523622826396,24.5,1,2026-01-03 00:49:00
2931,1,4.026510608496203,86.41346465065254,221.7383091849938,2.9461830961190807,24.5,1,2026-01-03 00:50:00
2932,1,4.043248229815001,86.61377356438916,219.08892094795226,3.0113700136345907,24.5,1,2026-01-03 00:51:00
2933,1,3.864791404022188,87.24607147694164,218.22151834354335,2.9280364021313168,24.5,1,2026-01-03 00:52:00
2934,1,4.076468732234363,86.97657712342617,221.9106011164755,3.04109443861508,24.5,1,2026-01-03 00:53:00
2935,1,3.9047892578051053,87.34621504440126,221.75209358505958,2.9361739463987178,24.5,1,2026-01-03 00:54:00
2936,1,4.021306488137897,86.07235475094662,222.94534135150195,2.9549085280617295,24.5,1,2026-01-03 00:55:00
2937,1,3.626392528273149,86.82551043674941,218.79203874806154,2.778130804669811,24.5,1,2026-01-03 00:56:00
2938,1,4.095545591484203,87.59848296406598,219.5409026892793,3.081315231885847,24.5,1,2026-01-03 00:57:00
2939,1,3.9391384963218035,85.76170238329632,216.72103167494913,2.988719604474216,24.5,1,2026-01-03 00:58:00
2940,1,3.7927547080078656,87.40097269087387,219.21505778787827,2.84519163253877,24.5,1,2026-01-03 00:59:00
2941,1,3.6558103410068306,86.3161285527835,221.9931410211589,2.765833706214103,24.5,1,2026-01-03 01:00:00
2942,1,3.822539346302303,86.93682604733974,219.06700924154362,2.8049112138047687,24.5,1,2026-01-03 01:01:00
2943,1,3.671598702414672,85.8251817257086,221.28095959040164,2.711238461572551,24.5,1,2026-01-03 01:02:00
2944,1,3.8213540795576777,87.4753331073054,219.6189937880044,2.9144351292903785,24.5,1,2026-01-03 01:03:00
2945,1,3.8220373045684397,85.9797351617963,220.64811405644312,2.9253224879049067,24.5,1,2026-01-03 01:04:00
2946,1,3.62160831761509,86.90704766214945,217.70461722036868,2.6403970479091026,24.5,1,2026-01-03 01:05:00
2947,1,3.85710542302455,87.29920223432572,220.17041889926782,2.8853725515200583,24.5,1,2026-01-03 01:06:00
2948,1,3.7040003380871562,86.1452730476784,214.01772805819854,2.7370255093524887,24.5,1,2026-01-03 01:07:00
2949,1,3.803348654687515,87.93931616585088,219.62620768367603,2.797428037372935,24.5,1,2026-01-03 01:08:00
2950,1,3.641956966934897,86.67975110917567,216.7390535125697,2.7260651556007587,24.5,1,2026-01-03 01:09:00
2951,1,3.575907434602912,86.63270676705815,222.41198903309362,2.719424185534324,24.5,1,2026-01-03 01:10:00
2952,1,3.7902037172503924,85.78668215205968,221.55481470552903,2.844227335557954,24.5,1,2026-01-03 01:11:00
2953,1,3.636660058294939,87.70735112183246,220.93334196393215,2.6910911962715462,24.5,1,2026-01-03 01:12:00
2954,1,3.540063689691281,85.46102013330012,223.04201245431875,2.6606417094356027,24.5,1,2026-01-03 01:13:00
2955,1,3.720410801292053,87.34150151673289,218.10216695835032,2.7508567874558043,24.5,1,2026-01-03 01:14:00
2956,1,3.8722659377610724,86.26117326559309,223.49472639583112,2.9021888689330666,24.5,1,2026-01-03 01:15:00
2957,1,3.6084781457685073,86.04005964604525,221.86438312852076,2.7548377551465006,24.5,1,2026-01-03 01:16:00
2958,1,3.775550366452542,87.30589510547414,219.5268894255621,2.705191501910217,24.5,1,2026-01-03 01:17:00
2959,1,3.5937906911605,87.01631060338688,222.2712402943659,2.713413606679029,24.5,1,2026-01-03 01:18:00
2960,1,3.456645816370514,85.52294728746999,217.78741297517672,2.4943140690820256,24.5,1,2026-01-03 01:19:00
2961,1,3.422853475495119,86.86990290609788,218.35097167694465,2.6072917685556707,24.5,1,2026-01-03 01:20:00
2962,1,3.6399779070229425,87.27564167994608,218.7828205535206,2.675247801577074,24.5,1,2026-01-03 01:21:00
2963,1,3.381133789044226,85.58159920277245,218.94204458387196,2.453458317197599,24.5,1,2026-01-03 01:22:00
2964,1,3.4985919240166243,87.38545741719136,217.8868847144795,2.6361916046919585,24.5,1,2026-01-03 01:23:00
2965,1,3.4206628328935085,85.27174895488889,222.44616613419066,2.5614370188675086,24.5,1,2026-01-03 01:24:00
2966,1,3.3664706337230403,85.76893362859225,219.48229119926035,2.452727532687318,24.5,1,2026-01-03 01:25:00
2967,1,3.5176985568633965,86.70716794267926,220.70500993671376,2.5522005931854235,24.5,1,2026-01-03 01:26:00
2968,1,3.3274575741914156,85.60313771108483,218.85929726717265,2.463815198016081,24.5,1,2026-01-03 01:27:00
2969,1,3.268213225858763,86.24591114363182,216.35879339890298,2.368707654913377,24.5,1,2026-01-03 01:28:00
2970,1,3.4681037203608227,86.51681984890955,220.54011471678285,2.5241377632736595,24.5,1,2026-01-03 01:29:00
2971,1,3.4266692141800137,86.32963841580421,216.17549004916046,2.5519470814625245,24.5,1,2026-01-03 01:30:00
2972,1,3.369325219062594,86.72734310606985,219.86273190782907,2.455013004836182,24.5,1,2026-01-03 01:31:00
2973,1,3.180306588446752,85.80734211587503,217.2633699223344,2.3839621582273147,24.5,1,2026-01-03 01:32:00
2974,1,3.2733842790974723,86.08826509394432,223.9745519984616,2.5060461974017745,24.5,1,2026-01-03 01:33:00
2975,1,3.282277181190356,86.73129535890251,221.82272544434943,2.430473280172233,24.5,1,2026-01-03 01:34:00
2976,1,3.262996143316591,86.54182697910242,220.21150758254296,2.429845327895662,24.5,1,2026-01-03 01:35:00
2977,1,3.143199961993071,86.25291520754907,222.52741335530933,2.435039846822551,24.5,1,2026-01-03 01:36:00
2978,1,3.2355765761576607,85.40949106937342,218.30736804506853,2.3431134114082686,24.5,1,2026-01-03 01:37:00
2979,1,3.1917972669928076,86.26176292920992,221.0869587573402,2.4293110497172483,24.5,1,2026-01-03 01:38:00
2980,1,2.979129558521569,85.03483334444216,220.39962086743742,2.2651758947120655,24.5,1,2026-01-03 01:39:00
2981,1,3.040492468299423,84.92564153638396,220.52804016266734,2.299677499670368,24.5,0,2026-01-03 01:40:00
2982,1,3.091375843763882,85.71155570830844,222.54470700021355,2.3590903612566985,24.5,1,2026-01-03 01:41:00
2983,1,3.0999751758320793,85.2733298708891,221.4649842055596,2.3146842973769313,24.5,1,2026-01-03 01:42:00
2984,1,3.2663648653472324,86.65773799082301,220.57744732565004,2.394753261864956,24.5,1,2026-01-03 01:43:00
2985,1,3.0242925772498217,86.31687601339993,216.6902251275434,2.2987673014410386,24.5,1,2026-01-03 01:44:00
2986,1,2.9153889343636847,84.44579102453591,218.07990740944106,2.2196574443607715,24.5,0,2026-01-03 01:45:00
2987,1,3.02485771151299,85.277674240792,219.75458213280857,2.2992748174013093,24.5,1,2026-01-03 01:46:00
2988,1,2.952557138544407,84.7592722977029,220.1867447485533,2.1923785795936688,24.5,0,2026-01-03 01:47:00
2989,1,2.9675395259479407,85.4680079528973,217.73959255065216,2.1652372980430785,24.5,1,2026-01-03 01:48:00
2990,1,3.069920825372242,86.04498057547002,224.82335335115684,2.2863244512313106,24.5,1,2026-01-03 01:49:00
2991,1,3.08955202093318,85.72743436483034,223.03278811050714,2.338197872940344,24.5,1,2026-01-03 01:50:00
2992,1,2.9185021139246814,85.24753532155113,221.20423664078496,2.215243880080264,24.5,1,2026-01-03 01:51:00
2993,1,3.0528899742287177,86.68953675477002,220.1440737225675,2.241962745423078,24.5,1,2026-01-03 01:52:00
2994,1,2.9512346607123163,84.35583887071708,219.5755820601977,2.203628020632063,24.5,0,2026-01-03 01:53:00
2995,1,2.7495390450782593,86.1334289135602,218.09616307995552,1.9726922197362213,24.5,1,2026-01-03 01:54:00
2996,1,3.0510813077259193,85.62398776580831,220.15496103703774,2.310674561592003,24.5,1,2026-01-03 01:55:00
2997,1,2.845286705870963,85.50308558588293,220.5155050802855,2.069518101680034,24.5,1,2026-01-03 01:56:00
2998,1,2.6708729320147646,84.9772538397065,217.51647884903676,2.018487779587981,24.5,0,2026-01-03 01:57:00
2999,1,2.9425087621910277,86.69335458525111,220.66835283448978,2.1228348930985113,24.5,1,2026-01-03 01:58:00
3000,1,2.952966145199139,85.09056307643591,219.6894819023505,2.23940069279244,24.5,1,2026-01-03 01:59:00
3001,1,2.6769419555999012,85.39081552688481,216.18438488424522,1.9992191359168956,24.5,1,2026-01-03 02:00:00
3002,1,2.6365634492881744,85.58313983752134,218.279229978441,1.913951046776695,24.5,1,2026-01-03 02:01:00
3003,1,2.661744582992348,84.34361701562969,219.1727889331567,2.0060423705931907,24.5,0,2026-01-03 02:02:00
3004,1,2.7896873295010316,84.91326219385397,223.7753753146804,2.036513216737916,24.5,0,2026-01-03 02:03:00
3005,1,2.7948819085779615,85.46676913275518,221.11310624906753,2.1071491602413666,24.5,1,2026-01-03 02:04:00
3006,1,2.6579167272044266,84.86035748633942,217.3290368618002,1.9543432963165643,24.5,0,2026-01-03 02:05:00
3007,1,2.6362577967872944,84.78772142483011,220.97207257883528,1.8657640127741304,24.5,0,2026-01-03 02:06:00
3008,1,2.7090014346489526,85.32522270312371,216.90539202212327,1.9563524878512735,24.5,1,2026-01-03 02:07:00
3009,1,2.571316896995633,85.54187332555611,222.16538210777415,1.881834379678597,24.5,1,2026-01-03 02:08:00
3010,1,2.652877170438889,85.1947610081961,219.05775069636425,2.031941222216201,24.5,1,2026-01-03 02:09:00
3011,1,2.5109034959765717,85.76354325346767,219.81272762252166,1.9033210484107241,24.5,1,2026-01-03 02:10:00
3012,1,2.5992014909879857,84.64193265521484,222.65159329508438,2.004611969479116,24.5,0,2026-01-03 02:11:00
3013,1,2.466568436132111,84.36120373415224,217.4256728628315,1.907769181353183,24.5,0,2026-01-03 02:12:00
3014,1,2.452906684604281,86.26081123870907,217.20576362977403,1.7880596548353407,24.5,1,2026-01-03 02:13:00
3015,1,2.4220714225415856,84.6274585959709,218.832801347308,1.7823800157331333,24.5,0,2026-01-03 02:14:00
3016,1,2.617046785022143,84.56211562317041,222.07675770203863,1.9152859926006,24.5,0,2026-01-03 02:15:00
3017,1,2.333149005788383,83.87031380152865,216.9613078490463,1.6921004731391511,24.5,0,2026-01-03 02:16:00
3018,1,2.2883741515938065,85.54205748077057,214.33568880377885,1.6003150222931701,24.5,1,2026-01-03 02:17:00
3019,1,2.6116576403544274,85.24785231527328,219.097682283182,1.9305467382744885,24.5,1,2026-01-03 02:18:00
3020,1,2.503480173736126,85.05567104361833,221.10348159982183,1.7868250085274344,24.5,1,2026-01-03 02:19:00
3021,1,2.1584684518407986,84.42418371794629,222.40052349947766,1.5941292942323635,24.5,0,2026-01-03 02:20:00
3022,1,2.2944185223448077,85.47636287213567,219.0736772758292,1.8019698642216948,24.5,1,2026-01-03 02:21:00
3023,1,2.154910961587412,84.49698784848347,219.177146785768,1.567421835854702,24.5,0,2026-01-03 02:22:00
3024,1,2.258940774611414,86.16939761258523,222.30780146851149,1.6793586401602916,24.5,1,2026-01-03 02:23:00
3025,1,1.9657002822945622,84.39221350278977,216.26051660060915,1.4980682515876493,24.5,0,2026-01-03 02:24:00
3026,1,2.281253807560383,85.5364577609013,219.22295844963398,1.6997892421061522,24.5,1,2026-01-03 02:25:00
3027,1,2.177589993319138,85.16924435860076,220.38084777985011,1.6236336858150053,24.5,1,2026-01-03 02:26:00
3028,1,2.291259605843838,84.89289564312384,220.89843744257007,1.6747099255864888,24.5,0,2026-01-03 02:27:00
3029,1,2.088482447720374,84.21447118353672,218.98038661361824,1.5312658910216363,24.5,0,2026-01-03 02:28:00
3030,1,2.258867005111296,85.09694510611784,220.06888202341167,1.6205634507420532,24.5,1,2026-01-03 02:29:00
3031,1,2.145536623438644,85.09438821839318,215.02334529317403,1.6269936617460292,24.5,1,2026-01-03 02:30:00
3032,1,2.3626921963265315,84.81891051046111,218.6835031753323,1.657833238870662,24.5,0,2026-01-03 02:31:00
3033,1,2.3655186829661217,85.2355466992346,220.90701742510893,1.795374979554114,24.5,1,2026-01-03 02:32:00
3034,1,2.260473850125882,85.744315165399,218.03541193149064,1.598898223775663,24.5,1,2026-01-03 02:33:00
3035,1,2.158189671908919,86.01487976446096,220.1179684431792,1.6415298179012352,24.5,1,2026-01-03 02:34:00
3036,1,2.3897358341649735,85.74131105188258,220.8937450016054,1.746483543599286,24.5,1,2026-01-03 02:35:00
3037,1,2.0051183475980165,85.63271897242008,219.31490159828448,1.4184968446081658,24.5,1,2026-01-03 02:36:00
3038,1,2.0193832605877775,84.1620765081184,220.34092754199315,1.5194358888295856,24.5,0,2026-01-03 02:37:00
3039,1,2.121191972237542,85.22022184837607,218.07453486943078,1.6118959835113065,24.5,1,2026-01-03 02:38:00
3040,1,2.362518302792101,86.0659064373794,219.5867774406079,1.7214801991949127,24.5,1,2026-01-03 02:39:00
3041,1,2.1208940323324548,84.23056650413324,221.22043233917844,1.6009552357806598,24.5,0,2026-01-03 02:40:00
3042,1,2.105302962928216,84.47839478666965,220.31394592193686,1.4390111093337505,24.5,0,2026-01-03 02:41:00
3043,1,1.9559838343300902,85.55904572238994,218.82693746087213,1.376925492352422,24.5,1,2026-01-03 02:42:00
3044,1,2.2045157144799363,84.40782867575395,220.44843280858157,1.6907584071418342,24.5,0,2026-01-03 02:43:00
3045,1,2.207297067991949,84.18941293372612,221.42921958127323,1.6168433224185315,24.5,0,2026-01-03 02:44:00
3046,1,2.1286810302323116,85.87855591016445,215.90011744284504,1.4767746241281117,24.5,1,2026-01-03 02:45:00
3047,1,2.0398825113816352,85.3974103436494,222.3181481299118,1.4693033494697072,24.5,1,2026-01-03 02:46:00
3048,1,1.998065437085052,84.92512584972845,219.32749052263785,1.4270926261178951,24.5,0,2026-01-03 02:47:00
3049,1,1.9461509593002404,84.52390176459991,220.85097986648046,1.4265422149866693,24.5,0,2026-01-03 02:48:00
3050,1,2.0947497888718303,84.56713406837929,222.39449384729045,1.5257059003129614,24.5,0,2026-01-03 02:49:00
3051,1,1.9246486346641951,84.77085231841295,217.25665260553907,1.4276500825488188,24.5,0,2026-01-03 02:50:00
3052,1,1.9216322258095688,85.53522839042063,218.5811179951449,1.4128650871269162,24.5,1,2026-01-03 02:51:00
3053,1,2.000486794075096,84.8870689494769,219.4229026082486,1.5422976472013055,24.5,0,2026-01-03 02:52:00
3054,1,1.9806694287090172,86.03763214964508,218.43249295775115,1.4807872292037867,24.5,1,2026-01-03 02:53:00
3055,1,2.017423819635102,84.19633119308628,223.46987315167362,1.5093791169171087,24.5,0,2026-01-03 02:54:00
3056,1,2.0680668371250728,84.93236371984044,218.28645581234642,1.5819162419618518,24.5,0,2026-01-03 02:55:00
3057,1,2.0317376147753534,84.65183839611319,218.88890644102628,1.4773045337097621,24.5,0,2026-01-03 02:56:00
3058,1,2.0059651898709556,84.16092071547799,220.40877806320594,1.4145152690043519,24.5,0,2026-01-03 02:57:00
3059,1,2.0253056345245652,84.82495612332012,217.59570094784783,1.5520547972286114,24.5,0,2026-01-03 02:58:00
3060,1,1.9200486274469029,84.94365877218371,219.20863857648746,1.4208316022438776,24.5,0,2026-01-03 02:59:00
3061,1,2.0424172709254784,85.23932060088775,220.63490652250036,1.5109763100505131,24.5,1,2026-01-03 03:00:00
3062,1,2.033920463239426,86.2490772254726,219.33427919123497,1.4659355503980471,24.5,1,2026-01-03 03:01:00
3063,1,1.870526630090089,84.90851448009029,219.8132262822001,1.346312556469905,24.5,0,2026-01-03 03:02:00
3064,1,2.1145401709452445,85.83422194979173,218.94133577510325,1.5989881394619314,24.5,1,2026-01-03 03:03:00
3065,1,1.9083398393557487,84.82372864291315,216.97105938163847,1.4539467150213126,24.5,0,2026-01-03 03:04:00
3066,1,2.0398529206167675,86.00141170556527,220.64318642267847,1.540560694223526,24.5,1,2026-01-03 03:05:00
3067,1,2.1777947536249145,86.66542522098533,223.5098661432945,1.6423850660215409,24.5,1,2026-01-03 03:06:00
3068,1,2.121185050023377,85.51501523178615,220.0368032615669,1.5893707390924932,24.5,1,2026-01-03 03:07:00
3069,1,2.0365862326101944,84.4410530521291,220.4505282344951,1.5050916954665157,24.5,0,2026-01-03 03:08:00
3070,1,2.007025403617788,84.64734801222265,221.38544551023372,1.4678481143185136,24.5,0,2026-01-03 03:09:00
3071,1,2.105066234610011,85.42793715407419,217.4613390069066,1.6091094329375013,24.5,1,2026-01-03 03:10:00
3072,1,2.137615785768627,85.4990476350332,223.4050293162592,1.5536950478136977,24.5,1,2026-01-03 03:11:00
3073,1,1.9812182084247048,85.40731741257048,220.4046575928456,1.475691858524696,24.5,1,2026-01-03 03:12:00
3074,1,1.992646382776971,85.25158793253907,223.26371379817823,1.425251157493687,24.5,1,2026-01-03 03:13:00
3075,1,1.8261853834600044,84.74746487850682,218.53393400895203,1.3099321565784097,24.5,0,2026-01-03 03:14:00
3076,1,2.1025255245313947,84.83091005658322,223.63612384511566,1.5341432683770264,24.5,0,2026-01-03 03:15:00
3077,1,2.063811587602796,85.43082119358809,221.55031098806955,1.477136642431557,24.5,1,2026-01-03 03:16:00
3078,1,2.1890501585207374,86.57253681122396,221.10608017170472,1.6491417870107334,24.5,1,2026-01-03 03:17:00
3079,1,2.109699197221433,85.9424716916493,220.4680489087063,1.4833586649145731,24.5,1,2026-01-03 03:18:00
3080,1,2.2050685764580726,85.8735335993149,219.5029427638511,1.6256622172389161,24.5,1,2026-01-03 03:19:00
3081,1,2.0329508449269276,85.79205420893337,222.40106331694776,1.500672121538387,24.5,1,2026-01-03 03:20:00
3082,1,2.206488914909255,85.347454518691,220.28071973969608,1.5308803735254197,24.5,1,2026-01-03 03:21:00
3083,1,2.0057481287361885,84.96114546586732,216.0658605928257,1.45170905132443,24.5,0,2026-01-03 03:22:00
3084,1,2.1600004889724507,85.10890415867115,217.765627076586,1.5997262693481058,24.5,1,2026-01-03 03:23:00
3085,1,1.960574080385917,85.0660376893827,219.6283084956145,1.4617160963154563,24.5,1,2026-01-03 03:24:00
3086,1,2.149773416479751,85.2584209871197,220.6199979663311,1.5688963003374063,24.5,1,2026-01-03 03:25:00
3087,1,1.9268784145168827,85.82498498197091,219.88682302220022,1.4490874723615308,24.5,1,2026-01-03 03:26:00
3088,1,2.1342247996251626,85.19141363167081,222.43794157958732,1.5619111364960447,24.5,1,2026-01-03 03:27:00
3089,1,2.1530590171477932,85.17026036437107,216.09779627192276,1.581733351247532,24.5,1,2026-01-03 03:28:00
3090,1,2.1072612034196783,86.6596650557911,220.2871758730103,1.5598480652235658,24.5,1,2026-01-03 03:29:00
3091,1,2.0270804615523628,85.15258430960836,216.3640415492257,1.5345934756044155,24.5,1,2026-01-03 03:30:00
3092,1,2.2792711875635923,85.93070883581122,221.51942459096833,1.6394438441224854,24.5,1,2026-01-03 03:31:00
3093,1,2.176573102081224,85.95601852823674,219.811082571116,1.5733374548131416,24.5,1,2026-01-03 03:32:00
3094,1,2.1588162352339806,84.96320632508238,220.83921994404824,1.5510411242491728,24.5,0,2026-01-03 03:33:00
3095,1,2.1985708446356544,86.53068542969973,218.27223407882047,1.5968930196051907,24.5,1,2026-01-03 03:34:00
3096,1,2.5194397285149677,86.72915246621594,222.5589298633155,1.920111281896903,24.5,1,2026-01-03 03:35:00
3097,1,2.3748868304314974,87.02445158018669,222.0834493281177,1.7711866638973486,24.5,1,2026-01-03 03:36:00
3098,1,2.378628770948788,85.72350805460579,221.16708860602378,1.6885670027058433,24.5,1,2026-01-03 03:37:00
3099,1,2.3026540742505555,86.08553967143439,219.7409655062731,1.6591900824212384,24.5,1,2026-01-03 03:38:00
3100,1,2.3033946860744194,86.03690628612678,221.15971457059027,1.7082251329278244,24.5,1,2026-01-03 03:39:00
3101,1,2.0323208398123733,85.70075524564548,218.5862148640253,1.445274144984938,24.5,1,2026-01-03 03:40:00
3102,1,2.2503847158990484,85.05530784119544,221.71111131804142,1.614105772639474,24.5,1,2026-01-03 03:41:00
3103,1,2.3011665113920574,86.07707428869006,223.29896178864783,1.7546940338931902,24.5,1,2026-01-03 03:42:00
3104,1,2.161259365273093,84.91921447501744,222.14122111995837,1.5540248422416858,24.5,0,2026-01-03 03:43:00
3105,1,2.2129044947420295,86.17753036282953,218.5407950603852,1.6701323174851606,24.5,1,2026-01-03 03:44:00
3106,1,2.166365532698631,84.56514452928793,220.72283463454622,1.6508861069817327,24.5,0,2026-01-03 03:45:00
3107,1,2.343171217255202,85.16490723215983,217.4137169124827,1.6808878468560813,24.5,1,2026-01-03 03:46:00
3108,1,2.486107885105252,86.98395189853811,221.14478062235136,1.777654180200675,24.5,1,2026-01-03 03:47:00
3109,1,2.5284140617126796,86.26837703494105,220.90120682572507,1.8391680205039043,24.5,1,2026-01-03 03:48:00
3110,1,2.4221512017557076,85.91192091571843,216.26036732093567,1.7204898921998173,24.5,1,2026-01-03 03:49:00
3111,1,2.3160530171454745,87.03854594731203,217.67643231217528,1.7030558768366593,24.5,1,2026-01-03 03:50:00
3112,1,2.253381889051175,86.32639201413654,219.43372220651247,1.6406364819851469,24.5,1,2026-01-03 03:51:00
3113,1,2.287337002558942,86.73608065837765,219.39828050571836,1.6936574021635427,24.5,1,2026-01-03 03:52:00
3114,1,2.333945837931485,86.25907579259892,217.5810461291624,1.77944871638868,24.5,1,2026-01-03 03:53:00
3115,1,2.4240316695889157,88.09147303722773,220.77795745870438,1.8162855823078654,24.5,1,2026-01-03 03:54:00
3116,1,2.5123469960153635,86.31607935252873,220.50294721788103,1.864373308062812,24.5,1,2026-01-03 03:55:00
3117,1,2.433390218680201,87.60427715395087,219.61146173604297,1.68360689158812,24.5,1,2026-01-03 03:56:00
3118,1,2.574565346540318,86.84145534400322,218.48841699968327,1.9072685210849447,24.5,1,2026-01-03 03:57:00
3119,1,2.576836612410535,85.82176376868199,222.09741425283312,1.9727054616689192,24.5,1,2026-01-03 03:58:00
3120,1,2.6342497279491486,87.20355163084334,223.3108142261766,1.7778888476391506,24.5,1,2026-01-03 03:59:00
3121,1,2.7158247208592297,87.37979871837051,219.0328770323069,2.0224026567235507,24.5,1,2026-01-03 04:00:00
3122,1,2.497472119189197,86.14754429790675,218.77566616569035,1.819952728568249,24.5,1,2026-01-03 04:01:00
3123,1,2.703909091708836,86.59660598082714,220.98241533082398,1.9363259562680788,24.5,1,2026-01-03 04:02:00
3124,1,2.6582031146281677,87.10070180922595,219.28394124050604,1.985228368259174,24.5,1,2026-01-03 04:03:00
3125,1,2.650114977991473,87.31387554734435,219.72120559867352,2.0245447276828052,24.5,1,2026-01-03 04:04:00
3126,1,2.8146826880709885,85.91806218361643,221.47930630344933,2.0980273815601684,24.5,1,2026-01-03 04:05:00
3127,1,2.765598866661794,88.0840299941345,216.18128782498542,2.004593431264827,24.5,1,2026-01-03 04:06:00
3128,1,2.680782510536002,86.84354820086155,222.63660464970533,1.9137366700414764,24.5,1,2026-01-03 04:07:00
3129,1,2.747640486935468,86.54748556384679,220.14536104865869,2.0168451300918435,24.5,1,2026-01-03 04:08:00
3130,1,2.80174896828698,88.05748427192543,219.17701371087563,2.092642040831934,24.5,1,2026-01-03 04:09:00
3131,1,2.7735811253889873,87.42166505311502,219.8215316915571,2.008828304131712,24.5,1,2026-01-03 04:10:00
3132,1,2.8814245030080623,88.39115992772712,219.92485871004104,2.0923115727092063,24.5,1,2026-01-03 04:11:00
3133,1,2.826298129795153,87.91765317331445,216.53759739311016,2.2074169680780082,24.5,1,2026-01-03 04:12:00
3134,1,3.089823422722623,88.01858671254178,222.98987645490647,2.3126879767491952,24.5,1,2026-01-03 04:13:00
3135,1,2.729075265738075,87.30976592853355,220.08265126454123,2.052344388594361,24.5,1,2026-01-03 04:14:00
3136,1,2.902201598531193,88.02719774963712,220.88600426089474,2.0481595177827976,24.5,1,2026-01-03 04:15:00
3137,1,2.8555904197436015,87.3869407757878,221.9030995411481,2.0515382964503925,24.5,1,2026-01-03 04:16:00
3138,1,2.9764211154683435,87.48083000634888,217.9576750848794,2.178718740170774,24.5,1,2026-01-03 04:17:00
3139,1,2.811740125071266,87.9689285759524,220.94694379807046,2.0043836327257165,24.5,1,2026-01-03 04:18:00
3140,1,3.011250503765384,87.96391016050025,219.46471781820242,2.280015645078133,24.5,1,2026-01-03 04:19:00
3141,1,2.962641185484364,87.93043553133543,221.693541550433,2.234781374934656,24.5,1,2026-01-03 04:20:00
3142,1,2.8926650704987855,88.59808993997328,215.74554515929702,2.0862583051000576,24.5,1,2026-01-03 04:21:00
3143,1,2.8952484245956187,87.78866807081546,219.80181139951748,2.2038070312308498,24.5,1,2026-01-03 04:22:00
3144,1,3.000879242421915,88.11729158965701,218.79435868843208,2.19132922178462,24.5,1,2026-01-03 04:23:00
3145,1,3.207010463531867,88.11336705634793,220.8645259012683,2.4713147275165985,24.5,1,2026-01-03 04:24:00
3146,1,3.115619024187879,88.56459461305221,220.9400883747364,2.282115563155126,24.5,1,2026-01-03 04:25:00
3147,1,3.1680982640009456,88.70149847922072,218.58474821035594,2.3417775053097816,24.5,1,2026-01-03 04:26:00
3148,1,3.29223935857389,89.29426592626243,218.57565227164793,2.4733557274025912,24.5,1,2026-01-03 04:27:00
3149,1,3.1888107787029547,88.18086678619743,219.77866926288533,2.391505774209019,24.5,1,2026-01-03 04:28:00
3150,1,3.10332238345314,88.14376113013195,218.20671554536958,2.2905332403601273,24.5,1,2026-01-03 04:29:00
3151,1,3.2775469672176807,89.15344428312946,221.68396739090426,2.384860295597561,24.5,1,2026-01-03 04:30:00
3152,1,3.159559990228142,88.68154626757007,219.2615855991051,2.331287793809633,24.5,1,2026-01-03 04:31:00
3153,1,3.1096689074928303,88.04867895055946,214.1860235613567,2.228138727785615,24.5,1,2026-01-03 04:32:00
3154,1,3.1004728817335794,89.22729959953605,219.25035588675638,2.2696185946319707,24.5,1,2026-01-03 04:33:00
3155,1,3.3463971267950816,87.9673972996242,217.92291235831206,2.385721345386305,24.5,1,2026-01-03 04:34:00
3156,1,3.216640787312621,89.24826042299662,216.7374483690781,2.2572511361519276,24.5,1,2026-01-03 04:35:00
3157,1,3.304419061222281,88.18564450848395,217.52514672355485,2.4126031220377984,24.5,1,2026-01-03 04:36:00
3158,1,3.2413142250910747,89.88586746658667,220.21881694366593,2.426933700879629,24.5,1,2026-01-03 04:37:00
3159,1,3.4474176316276517,88.17500846710415,222.65728165649645,2.5601653598438325,24.5,1,2026-01-03 04:38:00
3160,1,3.313549246079259,89.60627513277214,220.62636894772996,2.411920366182028,24.5,1,2026-01-03 04:39:00
3161,1,3.367196333711929,89.04245192480118,218.78699322356852,2.5422357925712324,24.5,1,2026-01-03 04:40:00
3162,1,3.5223901047570516,89.12755134524842,220.9118083903414,2.5393219331681522,24.5,1,2026-01-03 04:41:00
3163,1,3.5030156282304215,89.49320816400672,219.081819379562,2.457504284501522,24.5,1,2026-01-03 04:42:00
3164,1,3.4321284308164826,89.65010560670758,218.61079926167372,2.3923700468545794,24.5,1,2026-01-03 04:43:00
3165,1,3.2609765938593838,88.43032588231756,217.69127466353405,2.317435467348123,24.5,1,2026-01-03 04:44:00
3166,1,3.7350742140709396,89.48655621630783,216.49634238649656,2.762561184762188,24.5,1,2026-01-03 04:45:00
3167,1,3.6742282702969593,90.16691482299642,219.2201525868811,2.645383951929283,24.5,1,2026-01-03 04:46:00
3168,1,3.606707415221822,88.59824749560143,220.31610697984027,2.650712048340655,24.5,1,2026-01-03 04:47:00
3169,1,3.4667087877759446,89.02668904917321,219.80675265997021,2.607729831008378,24.5,1,2026-01-03 04:48:00
3170,1,3.5384328579371567,91.3789068266885,219.1680661441053,2.5224023550877885,24.5,1,2026-01-03 04:49:00
3171,1,3.495222273707441,88.93665017561231,218.10850787860645,2.569602864531307,24.5,1,2026-01-03 04:50:00
3172,1,3.7459798711169614,90.61609341451651,221.21649238336994,2.754987684255367,24.5,1,2026-01-03 04:51:00
3173,1,3.597174773184324,89.42362533847803,217.36573616010682,2.5763721852402015,24.5,1,2026-01-03 04:52:00
3174,1,3.576394785009495,89.91888714378395,221.55205582768696,2.6717275383657264,24.5,1,2026-01-03 04:53:00
3175,1,3.5665206910442797,90.11588272869099,217.99556596214654,2.5821825203998454,24.5,1,2026-01-03 04:54:00
3176,1,3.750599074925201,90.76567655732765,218.49512952529392,2.7111235104428517,24.5,1,2026-01-03 04:55:00
3177,1,3.789445188044328,90.11008110509157,217.06642961876864,2.8638946512466528,24.5,1,2026-01-03 04:56:00
3178,1,3.8313555766726317,91.45485180327977,218.99719570622872,2.8146797750727224,24.5,1,2026-01-03 04:57:00
3179,1,3.819654361976473,89.79877973256531,221.95062491695595,2.826011585858769,24.5,1,2026-01-03 04:58:00
3180,1,3.716218063693316,90.13557071132364,221.03125617688792,2.771945678658691,24.5,1,2026-01-03 04:59:00
3181,1,3.4414410205046724,89.58847080257382,221.95684422405608,2.4714783827106097,24.5,1,2026-01-03 05:00:00
3182,1,3.8015888876464707,89.51934668805025,221.04428509186786,2.828261139072463,24.5,1,2026-01-03 05:01:00
3183,1,3.7296985856465388,90.00412737813669,217.79266034293926,2.6881016915655023,24.5,1,2026-01-03 05:02:00
3184,1,3.7842715631724624,90.34326354202187,219.33842155134488,2.7253894619456887,24.5,1,2026-01-03 05:03:00
3185,1,3.7735552453597654,90.01161908310036,218.43960174176507,2.7309512800400384,24.5,1,2026-01-03 05:04:00
3186,1,3.718514657013655,91.50056737791766,222.66114980807808,2.673145928783673,24.5,1,2026-01-03 05:05:00
3187,1,3.8354365070017247,89.95011564388379,217.60642270714737,2.8301082165570044,24.5,1,2026-01-03 05:06:00
3188,1,3.9294735597387422,91.21582808343948,221.78739537877823,2.8704557849963246,24.5,1,2026-01-03 05:07:00
3189,1,3.9469519658465693,91.07136511609247,221.78590774021754,2.8449555034879364,24.5,1,2026-01-03 05:08:00
3190,1,4.019642333402946,90.6406705366038,223.65924040343216,2.955797173347315,24.5,1,2026-01-03 05:09:00
3191,1,3.9162126636867107,90.09935841076042,219.180626814741,2.832840109248399,24.5,1,2026-01-03 05:10:00
3192,1,3.864396393250288,89.9920564896034,221.42464431916034,2.7922508530821015,24.5,1,2026-01-03 05:11:00
3193,1,3.9654064546194676,90.24674188113288,224.56330367307768,2.884214775413814,24.5,1,2026-01-03 05:12:00
3194,1,3.889876786423284,89.55446724733213,218.7647166461326,2.849781233973762,24.5,1,2026-01-03 05:13:00
3195,1,3.869040644990477,90.06246003821244,216.92991950493527,2.830678727122115,24.5,1,2026-01-03 05:14:00
3196,1,3.955073102479532,89.98777621001317,216.23997993218447,2.8552464111277924,24.5,1,2026-01-03 05:15:00
3197,1,4.023437714314977,91.64779550064715,221.42542405772267,2.9651398622769545,24.5,1,2026-01-03 05:16:00
3198,1,4.080761191783173,91.5312924405029,216.23369958388284,2.95301020798921,24.5,1,2026-01-03 05:17:00
3199,1,4.159631109630895,91.69011826680824,219.25536189412415,2.988367063249045,24.5,1,2026-01-03 05:18:00
3200,1,3.9827811633327648,91.17823992140764,220.87462637407793,2.818980847922562,24.5,1,2026-01-03 05:19:00
3201,1,3.584821405699607,90.17290154070221,220.37035107365983,2.6522735358798757,24.5,1,2026-01-03 05:20:00
3202,1,4.115835657045826,91.99413201503354,220.85088972836834,2.98903074686023,24.5,1,2026-01-03 05:21:00
3203,1,3.935430407889046,90.42538758923997,220.4445797116017,2.867681134434817,24.5,1,2026-01-03 05:22:00
3204,1,3.9534953712832914,90.83244064402797,222.55773162662678,2.922255883834843,24.5,1,2026-01-03 05:23:00
3205,1,3.921212740354086,91.32534359243017,218.0953672385224,2.822375817807509,24.5,1,2026-01-03 05:24:00
3206,1,3.9324523538688694,90.10204622416659,218.64600972308293,2.7853991113151206,24.5,1,2026-01-03 05:25:00
3207,1,4.04121840058609,92.9910470795647,218.45468110945836,2.9362556972999236,24.5,1,2026-01-03 05:26:00
3208,1,3.8845771081188913,90.7416632586105,221.6603836237252,2.8342061476848466,24.5,1,2026-01-03 05:27:00
3209,1,3.9412871639923144,90.93105911623648,221.80079717679013,2.846530771736357,24.5,1,2026-01-03 05:28:00
3210,1,4.0743923591248015,91.9083902252212,220.90245063863702,3.0296414105433964,24.5,1,2026-01-03 05:29:00
3211,1,4.134341192649685,91.78263557492281,222.36698733377986,2.874838900288324,24.5,1,2026-01-03 05:30:00
3212,1,4.052223399745557,91.28288698000937,217.64391826524724,2.995285961266891,24.5,1,2026-01-03 05:31:00
3213,1,4.014939484265858,91.07427385029372,223.33444822310227,2.9515056878791155,24.5,1,2026-01-03 05:32:00
3214,1,3.993262365207837,90.07654338357385,223.0464772434245,2.9187749946437718,24.5,1,2026-01-03 05:33:00
3215,1,4.01580357100104,90.7597695394453,221.4712439944915,2.7451971744487245,24.5,1,2026-01-03 05:34:00
3216,1,4.132825256519315,91.57277303005901,223.56359781754213,3.0607433234487296,24.5,1,2026-01-03 05:35:00
3217,1,4.1317001147735075,91.79660414176675,216.68675358464446,2.9441118244396733,24.5,1,2026-01-03 05:36:00
3218,1,3.820511629966008,91.57428834930408,218.9511037274747,2.7441640054156196,24.5,1,2026-01-03 05:37:00
3219,1,3.9978382924795626,91.1517349181788,218.5293930786361,2.8892760457355697,24.5,1,2026-01-03 05:38:00
3220,1,3.9385375339757167,90.18557943040989,221.4429586475147,2.8749073645252716,24.5,1,2026-01-03 05:39:00
3221,1,3.8437406243314505,91.60358270368593,217.89971852079572,2.8175232766601606,24.5,1,2026-01-03 05:40:00
3222,1,4.174252328699476,92.3697439009611,221.51499029867497,3.0694126441188603,24.5,1,2026-01-03 05:41:00
3223,1,4.153523834300586,91.97647675336485,222.74107228799343,3.050241931669449,24.5,1,2026-01-03 05:42:00
3224,1,4.117679250633561,91.33341831060434,221.390405800168,2.995825973363335,24.5,1,2026-01-03 05:43:00
3225,1,4.14885653442268,92.16485666607818,220.567502047323,3.026262528359852,24.5,1,2026-01-03 05:44:00
3226,1,3.958786083689255,93.32693285017416,218.0242533181985,2.812953320962195,24.5,1,2026-01-03 05:45:00
3227,1,3.9664834053818456,91.35880851823941,218.30629806774928,2.835227820812486,24.5,1,2026-01-03 05:46:00
3228,1,4.308055679124814,91.03626855958844,222.49923781059334,3.164628502299196,24.5,1,2026-01-03 05:47:00
3229,1,4.03895934849292,90.99420659039146,221.55869800781068,2.966546320179529,24.5,1,2026-01-03 05:48:00
3230,1,4.105065027240229,91.9259411427561,219.9219609612449,3.0084469318595755,24.5,1,2026-01-03 05:49:00
3231,1,4.0136954816812205,90.4495727052049,219.1641809084682,2.880089750049013,24.5,1,2026-01-03 05:50:00
3232,1,3.766479551397252,91.14993454062613,215.94838425377725,2.772084655182077,24.5,1,2026-01-03 05:51:00
3233,1,3.7755946210737767,91.24320485754559,217.85829516263112,2.674822936032454,24.5,1,2026-01-03 05:52:00
3234,1,4.024822262784102,92.23441158888913,223.82283817427944,2.966860048511557,24.5,1,2026-01-03 05:53:00
3235,1,4.06828841477284,92.4309056454618,217.43908885799507,2.9311130060787467,24.5,1,2026-01-03 05:54:00
3236,1,4.090398369298411,92.11364137863389,220.37895964244217,3.044069693007574,24.5,1,2026-01-03 05:55:00
3237,1,4.127429224874101,90.32533902217926,222.0148879463904,2.9102863872124627,24.5,1,2026-01-03 05:56:00
3238,1,3.846678611928713,91.79749243300871,217.4901546639954,2.87111619930978,24.5,1,2026-01-03 05:57:00
3239,1,4.1545596551366915,92.19013623519834,220.36942094956217,2.9873140784561976,24.5,1,2026-01-03 05:58:00
3240,1,3.912228232176948,91.4048761488175,221.87583107502132,2.8108290205164415,24.5,1,2026-01-03 05:59:00
3241,1,3.991145850728794,90.44861057324161,220.0249986438145,2.8963391448621825,24.5,1,2026-01-03 06:00:00
3242,1,4.063353210340182,90.97519730528933,225.73680611133355,2.903673381187603,24.5,1,2026-01-03 06:01:00
3243,1,3.8754588192062482,90.70688551412186,216.66280148224362,2.79874955100763,24.5,1,2026-01-03 06:02:00
3244,1,4.118721762631712,90.49816445756265,222.11745705976776,2.9410916739366284,24.5,1,2026-01-03 06:03:00
3245,1,3.85744734926246,91.29365929591653,219.65439652520706,2.753730817042689,24.5,1,2026-01-03 06:04:00
3246,1,3.815403661986367,90.68408501547046,221.54384030967336,2.7824565198909235,24.5,1,2026-01-03 06:05:00
3247,1,3.9333025961677732,93.00744757726095,220.8826143033985,2.7979774359875846,24.5,1,2026-01-03 06:06:00
3248,1,3.8391542983437548,91.24190713084188,218.53368760578002,2.736316576691961,24.5,1,2026-01-03 06:07:00
3249,1,4.245454288526151,92.86904739685329,220.45799278491867,2.9994308423335125,24.5,1,2026-01-03 06:08:00
3250,1,3.8856725623684327,90.60466537320728,216.28419709720342,2.7825889441189586,24.5,1,2026-01-03 06:09:00
3251,1,3.852336606938647,91.00373549233356,221.2064950011428,2.8489986754360563,24.5,1,2026-01-03 06:10:00
3252,1,3.7644976879391923,91.24274639611325,220.59631693198105,2.677383888597339,24.5,1,2026-01-03 06:11:00
3253,1,3.6802784217495828,90.46640024815193,221.2773203372862,2.6219883982861307,24.5,1,2026-01-03 06:12:00
3254,1,3.769273203831702,90.91986346781147,222.1162366501743,2.732282192085516,24.5,1,2026-01-03 06:13:00
3255,1,3.849039487199908,91.2606896328901,220.73523968041943,2.7613843009877557,24.5,1,2026-01-03 06:14:00
3256,1,3.961516595928935,91.50321351982943,220.29617883959656,2.9722810298103224,24.5,1,2026-01-03 06:15:00
3257,1,3.8807727474774003,92.68450909497788,218.23786332667743,2.79415619102199,24.5,1,2026-01-03 06:16:00
3258,1,3.7836619895197217,91.60825958221429,218.57555847270189,2.7486472118001664,24.5,1,2026-01-03 06:17:00
3259,1,3.7790087005741957,91.54639018899937,222.37346924035467,2.7754421188384915,24.5,1,2026-01-03 06:18:00
3260,1,3.8339482873403807,91.68810395243703,222.87267081141195,2.813869405653867,24.5,1,2026-01-03 06:19:00
3261,1,3.6825133073973064,91.5610578751859,219.5237791273759,2.6697215871435693,24.5,1,2026-01-03 06:20:00
3262,1,3.9038961680551734,91.57725242361124,220.09200549450654,2.809514359800985,24.5,1,2026-01-03 06:21:00
3263,1,3.663939259996021,91.03858081566194,218.19077125001246,2.7453229139354347,24.5,1,2026-01-03 06:22:00
3264,1,3.7288948867717835,91.33670807006811,222.3455136905349,2.6857403192989566,24.5,1,2026-01-03 06:23:00
3265,1,3.4795419970561565,91.48929968460187,221.33083364738357,2.4884625384522066,24.5,1,2026-01-03 06:24:00
3266,1,3.7117563727431517,91.8590222025914,223.8824348729275,2.6455333072516876,24.5,1,2026-01-03 06:25:00
3267,1,3.706043166126126,91.22890952971808,218.2433538456405,2.5870964787221924,24.5,1,2026-01-03 06:26:00
3268,1,3.5148548548527407,91.43601269313139,219.24398420196357,2.576345948016911,24.5,1,2026-01-03 06:27:00
3269,1,3.550077568839505,90.90448180660375,220.46289184505113,2.4430118333642987,24.5,1,2026-01-03 06:28:00
3270,1,3.703794586245755,91.33230634880483,221.29297907545154,2.6707270095670665,24.5,1,2026-01-03 06:29:00
3271,1,3.4288665522953052,90.55561412441779,219.56866472490472,2.462256896154267,24.5,1,2026-01-03 06:30:00
3272,1,3.645813941097507,91.21881648930358,218.2540778190926,2.7406725420646936,24.5,1,2026-01-03 06:31:00
3273,1,3.5247711714515244,91.79537592458706,221.76281505784715,2.4495643479786526,24.5,1,2026-01-03 06:32:00
3274,1,3.5166569157175744,91.05510220584569,221.44227072509116,2.4899883402370717,24.5,1,2026-01-03 06:33:00
3275,1,3.3732762134793437,90.91372055412852,218.16745179887255,2.424637044056139,24.5,1,2026-01-03 06:34:00
3276,1,3.5792528889385604,90.24418996497378,222.710885602211,2.569774455549829,24.5,1,2026-01-03 06:35:00
3277,1,3.767923351443956,91.32255933089644,222.3403974183932,2.6878813401519372,24.5,1,2026-01-03 06:36:00
3278,1,3.544449954479607,91.00651124131288,220.26859299449558,2.550007379044431,24.5,1,2026-01-03 06:37:00
3279,1,3.3575504621453764,90.30319106011645,220.15919572475207,2.3561608326947603,24.5,1,2026-01-03 06:38:00
3280,1,3.5567234532107435,91.19186963302619,221.10811554223181,2.5802479169770938,24.5,1,2026-01-03 06:39:00
3281,1,3.346731592911737,90.60880636243303,218.2765938594875,2.2947874093091536,24.5,1,2026-01-03 06:40:00
3282,1,3.5263465342424665,91.23015968110911,220.06006295832816,2.538707157877395,24.5,1,2026-01-03 06:41:00
3283,1,3.3813798133361246,91.1188388870841,215.69523291078164,2.4053160229107315,24.5,1,2026-01-03 06:42:00
3284,1,3.0744956900587637,89.69959567006192,221.75291129100586,2.264903070253608,24.5,1,2026-01-03 06:43:00
3285,1,3.18130043371315,90.39846773644202,216.8770135551163,2.3785402473871,24.5,1,2026-01-03 06:44:00
3286,1,3.45139893664788,91.05040308723991,223.006839656858,2.4684647324244384,24.5,1,2026-01-03 06:45:00
3287,1,3.295178797600971,91.5323932932448,219.3397598120671,2.4418374377813756,24.5,1,2026-01-03 06:46:00
3288,1,3.1604098938914125,90.71694261517739,219.57666603613765,2.2592435085956053,24.5,1,2026-01-03 06:47:00
3289,1,3.1680684757591635,90.21977835216033,218.744532187831,2.2320280502718175,24.5,1,2026-01-03 06:48:00
3290,1,3.029683075815851,90.57763849960948,219.42392225215585,2.26780349000562,24.5,1,2026-01-03 06:49:00
3291,1,3.242993297381392,91.7020094609794,222.83706269029608,2.359836302054791,24.5,1,2026-01-03 06:50:00
3292,1,3.337178618427691,91.66285037314687,215.02438268692984,2.401559068798279,24.5,1,2026-01-03 06:51:00
3293,1,3.289858845020411,91.1356026289548,222.5539307721764,2.4014093602160123,24.5,1,2026-01-03 06:52:00
3294,1,3.3825938396925057,91.49484258976568,220.67604696220343,2.4472406185030766,24.5,1,2026-01-03 06:53:00
3295,1,3.1843982595282023,91.63707141973039,217.58595670428556,2.287252530931887,24.5,1,2026-01-03 06:54:00
3296,1,3.1828201475520963,91.42263136933042,217.8493752139015,2.2230275905000623,24.5,1,2026-01-03 06:55:00
3297,1,3.3399750154785517,91.28171253599002,223.3527860544164,2.388621137882811,24.5,1,2026-01-03 06:56:00
3298,1,3.081304768612963,91.2385169641107,218.10898624011455,2.24705056589919,24.5,1,2026-01-03 06:57:00
3299,1,2.9988827827593374,89.81045451844568,217.6932989788081,2.1502606717452224,24.5,1,2026-01-03 06:58:00
3300,1,3.166273864719906,89.77706389654531,222.27462908472947,2.321653358273603,24.5,1,2026-01-03 06:59:00
3301,1,3.16597305064041,90.83192492976274,220.67710575257183,2.2952759167046075,24.5,1,2026-01-03 07:00:00
3302,1,2.915260647697299,90.36714057674213,218.1241488469272,2.051733678337471,24.5,1,2026-01-03 07:01:00
3303,1,2.9013764977229526,89.92632984718767,220.43324995080923,2.019492693972846,24.5,1,2026-01-03 07:02:00
3304,1,2.934942607981474,90.89539032276409,217.94849463271945,2.101508067113327,24.5,1,2026-01-03 07:03:00
3305,1,3.0426663783201433,89.39587610920358,222.20164279684522,2.160358846827845,24.5,1,2026-01-03 07:04:00
3306,1,3.0178761696868297,90.16132139646122,222.12274192974627,2.1853543531837634,24.5,1,2026-01-03 07:05:00
3307,1,2.7573632375140638,89.72213271609317,221.0640123976439,1.945237946628276,24.5,1,2026-01-03 07:06:00
3308,1,3.071746089534527,89.67396954838465,220.72332212249404,2.176036245658362,24.5,1,2026-01-03 07:07:00
3309,1,2.82797905053672,91.01765749130497,223.52237624973475,2.0841289123721607,24.5,1,2026-01-03 07:08:00
3310,1,2.801617726528195,89.35628895334311,219.99937265477644,2.0197477049939394,24.5,1,2026-01-03 07:09:00
3311,1,2.6881388473305727,89.66722271407818,217.6362517491584,1.8954988619802131,24.5,1,2026-01-03 07:10:00
3312,1,3.0745902593880188,91.26132583983437,220.8989478256646,2.2088478997898813,24.5,1,2026-01-03 07:11:00
3313,1,2.8469118976972463,90.58922340018678,224.17209409907423,2.1132035104018105,24.5,1,2026-01-03 07:12:00
3314,1,2.639266687011381,89.29460278830466,217.9704810136283,1.909655736299309,24.5,1,2026-01-03 07:13:00
3315,1,2.8087722816670233,90.68872753155446,219.27707446661202,2.046115563274315,24.5,1,2026-01-03 07:14:00
3316,1,2.7997654354620423,90.41113522497065,220.8328920762029,1.9721891293285294,24.5,1,2026-01-03 07:15:00
3317,1,2.6719571411261587,91.42295801686592,219.89219030198853,1.9691833363636182,24.5,1,2026-01-03 07:16:00
3318,1,2.733735528157409,90.44868409702278,218.03539283924536,2.0779142129613275,24.5,1,2026-01-03 07:17:00
3319,1,2.597177723609878,89.76619815156882,222.24371571246095,1.8242414354541105,24.5,1,2026-01-03 07:18:00
3320,1,2.6404649429159646,89.38162152795783,224.6400814440345,1.8355948837503013,24.5,1,2026-01-03 07:19:00
3321,1,2.418168904820888,89.123938073888,220.3922629180478,1.7437826459215575,24.5,1,2026-01-03 07:20:00
3322,1,2.444714431257006,89.19102779660219,218.191863420528,1.7976514685271556,24.5,1,2026-01-03 07:21:00
3323,1,2.7248057431430643,91.11456244265632,216.90207894989305,1.9500531307256919,24.5,1,2026-01-03 07:22:00
3324,1,2.735318718700658,90.24890202738531,220.51595196244236,1.9093075061868696,24.5,1,2026-01-03 07:23:00
3325,1,2.5772753185559534,90.24197177039169,222.2077546866325,1.8429936434463632,24.5,1,2026-01-03 07:24:00
3326,1,2.707345260779534,91.11102014990553,220.95033549299077,1.9714195166569202,24.5,1,2026-01-03 07:25:00
3327,1,2.493762439108864,88.40341348451331,219.99519231816228,1.7678181211614454,24.5,1,2026-01-03 07:26:00
3328,1,2.454976076204829,90.55018641553993,218.8214566964214,1.7905444049726484,24.5,1,2026-01-03 07:27:00
3329,1,2.4569433739743327,89.85755121207077,217.81567273456383,1.8196515664345985,24.5,1,2026-01-03 07:28:00
3330,1,2.465043133223182,90.03096513816784,221.66950265264975,1.779057672270237,24.5,1,2026-01-03 07:29:00
3331,1,2.4409386833743247,89.23720475205337,221.82754324277118,1.7481947054404563,24.5,1,2026-01-03 07:30:00
3332,1,2.5063218666321685,89.53572551772528,216.90854042661854,1.8377443705248155,24.5,1,2026-01-03 07:31:00
3333,1,2.4605487253841565,90.06677172131468,223.17967795636136,1.7204902519243817,24.5,1,2026-01-03 07:32:00
3334,1,2.4794936095056284,91.30050321968253,221.148142441788,1.7289585360409734,24.5,1,2026-01-03 07:33:00
3335,1,2.5149656621637053,90.51983049312472,222.7991892902916,1.788602894940128,24.5,1,2026-01-03 07:34:00
3336,1,2.3736952400466276,90.53335488227347,217.31574450302978,1.6759495409737273,24.5,1,2026-01-03 07:35:00
3337,1,2.2226015725303947,89.37251793356148,217.26835168916912,1.5519718918721233,24.5,1,2026-01-03 07:36:00
3338,1,2.194133224890864,89.03698951167057,219.7020613804654,1.6631122240690954,24.5,1,2026-01-03 07:37:00
3339,1,2.3453087983023164,89.21542555095661,221.00556885379038,1.7883028030265244,24.5,1,2026-01-03 07:38:00
3340,1,2.325464840722237,89.31397039005167,223.5927216458539,1.6476391666383023,24.5,1,2026-01-03 07:39:00
3341,1,2.315181369018931,88.41460570900354,221.41215782763027,1.6623803233153904,24.5,1,2026-01-03 07:40:00
3342,1,2.271363333619592,89.17883392845532,219.51463744637593,1.6168635311485553,24.5,1,2026-01-03 07:41:00
3343,1,2.5026387876240275,89.7862978208456,217.9472615846682,1.847040562476813,24.5,1,2026-01-03 07:42:00
3344,1,2.140857942083077,89.2239431287758,222.4600011454383,1.5977918828804822,24.5,1,2026-01-03 07:43:00
3345,1,2.0199130975486677,89.2662922965404,218.07058914849858,1.3569247924640964,24.5,1,2026-01-03 07:44:00
3346,1,2.2939514898603584,89.85983545906033,223.25693710954465,1.6655720895331143,24.5,1,2026-01-03 07:45:00
3347,1,2.171135183922876,89.48294754617274,219.43123070078698,1.488375983161341,24.5,1,2026-01-03 07:46:00
3348,1,2.2674982281054716,89.27348181552217,223.1811641452357,1.7104281325460953,24.5,1,2026-01-03 07:47:00
3349,1,2.264842100887591,88.49050064912308,221.35786258011856,1.6424642738177453,24.5,1,2026-01-03 07:48:00
3350,1,2.3079393668763046,89.45664742392859,219.7260090211151,1.6099545571489744,24.5,1,2026-01-03 07:49:00
3351,1,2.0081554647571,88.65404449536037,218.96120725634773,1.4244440178608868,24.5,1,2026-01-03 07:50:00
3352,1,2.0970488198914765,89.70188929673017,219.31818424530783,1.4855000245070185,24.5,1,2026-01-03 07:51:00
3353,1,2.2018836382891354,90.16024284219583,220.85663338475047,1.6010318885831407,24.5,1,2026-01-03 07:52:00
3354,1,2.219878504394293,90.24217924623748,220.15431299243542,1.6395829538363085,24.5,1,2026-01-03 07:53:00
3355,1,2.3403833403556207,90.4145391719039,218.8123771838626,1.6160854432021787,24.5,1,2026-01-03 07:54:00
3356,1,2.2156041761686684,89.63015201153421,219.66873717936474,1.676051521595335,24.5,1,2026-01-03 07:55:00
3357,1,2.109471590546289,89.19276696379208,220.1571540594383,1.5883647565280887,24.5,1,2026-01-03 07:56:00
3358,1,1.9764509835441826,88.8898496396268,215.74253181117038,1.3690751508012444,24.5,1,2026-01-03 07:57:00
3359,1,2.0491858458662757,88.49847703817743,220.9163362295774,1.4683285516859552,24.5,1,2026-01-03 07:58:00
3360,1,2.0123277273176488,89.9927835721969,218.04055755056638,1.523740130400783,24.5,1,2026-01-03 07:59:00
3361,1,2.12714307386609,89.54355706754632,217.6933351935885,1.5817515192951743,24.5,1,2026-01-03 08:00:00
3362,1,2.0704859757779746,88.82281036577643,216.62531130577858,1.4626320127426344,24.5,1,2026-01-03 08:01:00
3363,1,1.9049424418452237,88.76122669016952,216.41221500426423,1.4017606389683157,24.5,1,2026-01-03 08:02:00
3364,1,1.995596768155059,88.91788667300523,217.28910499377542,1.5755317093013503,24.5,1,2026-01-03 08:03:00
3365,1,2.1340887688270938,89.73074272728839,218.58195808473903,1.5297172374905836,24.5,1,2026-01-03 08:04:00
3366,1,2.1267287262314705,90.24517139898143,223.90651827505314,1.4874173601965033,24.5,1,2026-01-03 08:05:00
3367,1,2.096811916684374,89.44500933338281,218.9482406482096,1.506152448334658,24.5,1,2026-01-03 08:06:00
3368,1,2.0871533114536787,88.27163424001759,220.35550021253607,1.5028118822720455,24.5,1,2026-01-03 08:07:00
3369,1,2.2137529573584867,89.76562716552668,220.80096277301266,1.5545070838405952,24.5,1,2026-01-03 08:08:00
3370,1,2.0639627690308875,89.51540713932789,220.2621303724317,1.4957098749262137,24.5,1,2026-01-03 08:09:00
3371,1,1.9940391164922464,89.35861302315286,219.84511307854802,1.3608420993892492,24.5,1,2026-01-03 08:10:00
3372,1,1.9180550675496226,89.02078853356524,217.60941247280152,1.3359028499929901,24.5,1,2026-01-03 08:11:00
3373,1,2.0818566196863215,89.77124190918644,222.90185509655842,1.5238708615660947,24.5,1,2026-01-03 08:12:00
3374,1,1.8098429861942376,89.1536363935258,223.61439328727576,1.2039318033679034,24.5,1,2026-01-03 08:13:00
3375,1,1.976729952408814,89.56236963324862,216.63468261175464,1.4557989976113719,24.5,1,2026-01-03 08:14:00
3376,1,1.9855018466398915,89.83337388481225,217.95194281822725,1.3161596951680166,24.5,1,2026-01-03 08:15:00
3377,1,1.8814148825949693,89.10979378370195,219.440379315246,1.255786833755768,24.5,1,2026-01-03 08:16:00
3378,1,1.9131447470062466,89.17741342542811,218.07092441017963,1.339906276631204,24.5,1,2026-01-03 08:17:00
3379,1,2.1157502160084705,90.66025378756214,221.01193110691173,1.5235880953657408,24.5,1,2026-01-03 08:18:00
3380,1,2.0344358764471386,90.06803409024093,218.54345559518677,1.5173583630327343,24.5,1,2026-01-03 08:19:00
3381,1,2.0759444336164634,90.2196334466721,224.3301121356132,1.48343492615191,24.5,1,2026-01-03 08:20:00
3382,1,2.08017810492383,90.51766878023793,222.3810971886872,1.4710971921374316,24.5,1,2026-01-03 08:21:00
3383,1,2.041948614057182,90.07325460590312,220.42514806126442,1.4849959595735365,24.5,1,2026-01-03 08:22:00
3384,1,2.1766845441807523,90.56399066610308,222.05397252663946,1.5083905686303578,24.5,1,2026-01-03 08:23:00
3385,1,2.0663701720264878,88.85548067079326,222.21180084871463,1.4801068554045966,24.5,1,2026-01-03 08:24:00
3386,1,1.8789969919825529,89.63006123057991,218.8721050238835,1.2794496093424665,24.5,1,2026-01-03 08:25:00
3387,1,2.188201550971488,90.03720633352812,218.36756551091608,1.5638084728018065,24.5,1,2026-01-03 08:26:00
3388,1,2.082285293579897,90.92387746232073,220.1562861259393,1.4775450536657477,24.5,1,2026-01-03 08:27:00
3389,1,2.0034021357601213,90.30510775817257,221.7232722489959,1.3874609704461376,24.5,1,2026-01-03 08:28:00
3390,1,1.927583862740388,89.26137738352706,220.27812079730683,1.3817590470111756,24.5,1,2026-01-03 08:29:00
3391,1,2.066921955474492,90.21791568151816,216.84600703561802,1.4805730995706696,24.5,1,2026-01-03 08:30:00
3392,1,2.0354119852346226,90.01773619349498,218.39435111209832,1.5088230044815347,24.5,1,2026-01-03 08:31:00
3393,1,2.2257453970736396,90.55426521335279,219.85205427281124,1.505205732210548,24.5,1,2026-01-03 08:32:00
3394,1,2.0376235835587138,89.31339050002448,219.84866879134833,1.4475331297617793,24.5,1,2026-01-03 08:33:00
3395,1,2.0315547687862057,90.07021202419368,223.9450843535796,1.4088551340719309,24.5,1,2026-01-03 08:34:00
3396,1,2.150580366133835,90.09250290576759,217.228024115202,1.5749729352512947,24.5,1,2026-01-03 08:35:00
3397,1,2.198303791952537,90.43406675859097,221.01117848367176,1.6030090029394277,24.5,1,2026-01-03 08:36:00
3398,1,2.147980093107055,89.70868990496943,222.97822621665657,1.5547212057631097,24.5,1,2026-01-03 08:37:00
3399,1,2.2236474630037573,89.92461258522682,224.5428994908456,1.5478511864600957,24.5,1,2026-01-03 08:38:00
3400,1,2.1069825176359904,90.86866703858448,219.19120515363207,1.544111132041301,24.5,1,2026-01-03 08:39:00
3401,1,2.16057385560229,89.61998912381917,220.9828589054404,1.4613258041173316,24.5,1,2026-01-03 08:40:00
3402,1,2.2659602780319545,89.88345388081763,221.1395207143973,1.52591646701852,24.5,1,2026-01-03 08:41:00
3403,1,2.2130443457958773,90.36489809667081,220.39096346310657,1.5110707339438303,24.5,1,2026-01-03 08:42:00
3404,1,2.136589589655309,89.80817257395394,219.8023095975214,1.5186311614326984,24.5,1,2026-01-03 08:43:00
3405,1,2.311784942965497,90.07969143122355,220.8719507790001,1.6785600827149463,24.5,1,2026-01-03 08:44:00
3406,1,1.8923916928644249,89.96607290685618,214.93550782956063,1.197473316540378,24.5,1,2026-01-03 08:45:00
3407,1,2.409674023128376,89.91981542211269,221.36413898012526,1.7802428267768995,24.5,1,2026-01-03 08:46:00
3408,1,2.028024458295141,89.50358399084843,220.25235580732394,1.449033145295808,24.5,1,2026-01-03 08:47:00
3409,1,2.1420651627001006,91.59436696904608,219.55505020644347,1.4450505558849307,24.5,1,2026-01-03 08:48:00
3410,1,2.258846218853055,90.79325779301797,224.0937243914391,1.611380700002059,24.5,1,2026-01-03 08:49:00
3411,1,2.20546338937978,90.0875938756351,218.6501319624189,1.622840660475515,24.5,1,2026-01-03 08:50:00
3412,1,2.3396481458769163,91.05674508023094,219.19384802186994,1.6934333525119456,24.5,1,2026-01-03 08:51:00
3413,1,2.1911330810041116,90.77369475752307,223.98310660440947,1.6126667756605828,24.5,1,2026-01-03 08:52:00
3414,1,2.281350246063391,91.33460981440489,218.33587739030028,1.5533755043983926,24.5,1,2026-01-03 08:53:00
3415,1,2.2161281298976037,90.5354194220953,218.8997694341269,1.5544671937211914,24.5,1,2026-01-03 08:54:00
3416,1,2.3262698815271765,91.41442297555155,219.7059491531383,1.6070534598948243,24.5,1,2026-01-03 08:55:00
3417,1,2.3246202832957197,89.57619667186886,221.6814689642591,1.7378295031806203,24.5,1,2026-01-03 08:56:00
3418,1,2.341680031270921,90.24031526509394,220.4156050147066,1.6958754457136804,24.5,1,2026-01-03 08:57:00
3419,1,2.259934598731513,90.88770463761216,217.41474930569547,1.7480120646229114,24.5,1,2026-01-03 08:58:00
3420,1,2.2945636884459217,91.03953607796885,218.93566287374563,1.6067217220772025,24.5,1,2026-01-03 08:59:00
3421,1,2.3882978549121625,90.4990923383658,218.78529113357558,1.6602893829635184,24.5,1,2026-01-03 09:00:00
3422,1,2.4816607407293363,91.37856526356174,219.84555790955392,1.7555256444333085,24.5,1,2026-01-03 09:01:00
3423,1,2.35209830229168,90.58618542594732,220.85168731725966,1.739392539056208,24.5,1,2026-01-03 09:02:00
3424,1,2.3404451372536954,90.78669167605362,220.83641151177594,1.6437263325056928,24.5,1,2026-01-03 09:03:00
3425,1,2.4574275952289226,91.91113949004173,216.4479764919032,1.751153048288538,24.5,1,2026-01-03 09:04:00
3426,1,2.4724820892476176,91.75988198194453,222.1278819751217,1.7602798063141618,24.5,1,2026-01-03 09:05:00
3427,1,2.5586407738942616,90.83678235522554,220.50513769199324,1.8184105298526965,24.5,1,2026-01-03 09:06:00
3428,1,2.4240716162280527,90.50175568486594,222.76906409518782,1.6881100649821106,24.5,1,2026-01-03 09:07:00
3429,1,2.332000282792446,90.76345634133664,220.88839665458136,1.6483429650449586,24.5,1,2026-01-03 09:08:00
3430,1,2.490757776521911,91.29260329236736,222.20264591547152,1.758708526420498,24.5,1,2026-01-03 09:09:00
3431,1,2.4703995530188525,90.91685388576937,220.93309062290027,1.7527116876597049,24.5,1,2026-01-03 09:10:00
3432,1,2.578434838030956,92.12349693922653,222.69245151240548,1.8767487615522251,24.5,1,2026-01-03 09:11:00
3433,1,2.5206008078707995,91.64631970819973,221.04450127203555,1.8763883439279132,24.5,1,2026-01-03 09:12:00
3434,1,2.6638468607044925,92.00786088055166,219.80416950711418,1.8477787587685293,24.5,1,2026-01-03 09:13:00
3435,1,2.63364252320056,90.84955623854978,224.54486944089376,1.84858626496029,24.5,1,2026-01-03 09:14:00
3436,1,2.6645267323805943,92.4490192275541,221.77807424455978,1.848654201424972,24.5,1,2026-01-03 09:15:00
3437,1,2.6763780571388063,90.10973839396912,221.14748884200884,1.9074760005037876,24.5,1,2026-01-03 09:16:00
3438,1,2.6538717891337993,92.36180780810113,217.44739116692332,1.8550535163924669,24.5,1,2026-01-03 09:17:00
3439,1,2.650351792555505,92.43050851872874,217.4233847650729,1.8912767167293494,24.5,1,2026-01-03 09:18:00
3440,1,2.7622526937245824,91.77006859545158,220.58543096428372,2.0136180205619283,24.5,1,2026-01-03 09:19:00
3441,1,2.645403536871055,92.58490918040266,220.2910423955365,1.7491115093621512,24.5,1,2026-01-03 09:20:00
3442,1,2.8672576271125845,92.27547191156727,218.77175486998337,2.05706761248621,24.5,1,2026-01-03 09:21:00
3443,1,2.7407277239402643,92.07698379802446,220.28196539922413,1.9195832575872043,24.5,1,2026-01-03 09:22:00
3444,1,2.6862033140428685,92.08184235211387,223.1772538560872,1.9267771368620463,24.5,1,2026-01-03 09:23:00
3445,1,2.8371816836106247,94.14379899959506,221.39080494910058,1.9657323145757801,24.5,1,2026-01-03 09:24:00
3446,1,2.705556626493166,92.88465440136692,217.71798298049453,1.9769016244488613,24.5,1,2026-01-03 09:25:00
3447,1,2.904254939255434,92.85613725448125,219.77698234571412,2.1033393960960964,24.5,1,2026-01-03 09:26:00
3448,1,3.060812633306211,92.2509465627257,218.3900670382949,2.196797828985079,24.5,1,2026-01-03 09:27:00
3449,1,2.790258694241322,92.34000344088066,219.22460016718287,2.0161745477174313,24.5,1,2026-01-03 09:28:00
3450,1,2.922362226919901,92.0443433289648,219.1727686687407,2.032602363941209,24.5,1,2026-01-03 09:29:00
3451,1,2.730273416950275,92.66259576306238,219.04470883479198,1.9026540166817973,24.5,1,2026-01-03 09:30:00
3452,1,2.951830998644281,92.75027048235873,217.4897292560532,2.127959559050997,24.5,1,2026-01-03 09:31:00
3453,1,2.8671669646032383,91.7782082756663,219.7446906369636,1.9917934673928621,24.5,1,2026-01-03 09:32:00
3454,1,2.9022292289657043,92.6086866345073,218.87878472630538,2.127083029857014,24.5,1,2026-01-03 09:33:00
3455,1,2.81215763171602,92.01002980010368,214.14110261999545,1.9746512267772025,24.5,1,2026-01-03 09:34:00
3456,1,3.1526362808495096,93.03208435370713,224.1059440490033,2.2567397991297296,24.5,1,2026-01-03 09:35:00
3457,1,3.174069066701845,92.53593768301012,222.17753930843335,2.351554432672078,24.5,1,2026-01-03 09:36:00
3458,1,3.053144717766574,92.92608768077551,219.24739855015,2.1254749836794637,24.5,1,2026-01-03 09:37:00
3459,1,2.994518070305984,93.2372895238564,220.0376380994812,2.122520789311313,24.5,1,2026-01-03 09:38:00
3460,1,3.2278038783595067,93.3009052937828,217.6566913053649,2.3366490906759374,24.5,1,2026-01-03 09:39:00
3461,1,3.09289137601938,92.68510389879573,223.39144575562173,2.2358231392415484,24.5,1,2026-01-03 09:40:00
3462,1,2.9736486376789504,92.81409727494109,223.79457738954622,2.0872923990779015,24.5,1,2026-01-03 09:41:00
3463,1,3.2130917628582214,93.68926068199413,220.31338745649305,2.2470114075192735,24.5,1,2026-01-03 09:42:00
3464,1,3.0989540993035716,92.34864401010515,222.04706128837068,2.180234259638065,24.5,1,2026-01-03 09:43:00
3465,1,3.307494417228727,93.64254439781031,220.35057355786785,2.4115506392739743,24.5,1,2026-01-03 09:44:00
3466,1,3.144857988968898,94.05711457068843,217.32654912224814,2.209958769487391,24.5,1,2026-01-03 09:45:00
3467,1,3.290701533206854,93.86199599486962,219.1763532620727,2.330721702247316,24.5,1,2026-01-03 09:46:00
3468,1,3.4076596771548666,93.76609045804744,220.2638559335439,2.387935367156661,24.5,1,2026-01-03 09:47:00
3469,1,3.146038636214218,93.64710891456193,219.09090456251312,2.259359071070651,24.5,1,2026-01-03 09:48:00
3470,1,3.2372940869900018,93.7170549048736,219.56269344512992,2.296141786813069,24.5,1,2026-01-03 09:49:00
3471,1,3.3100835027957842,94.04926769147895,219.81720088498176,2.289412966216224,24.5,1,2026-01-03 09:50:00
3472,1,3.492889771057291,92.75866443185578,219.8382430042691,2.420105028531968,24.5,1,2026-01-03 09:51:00
3473,1,3.294039533618529,92.65479460772971,220.10451698099496,2.2278488131484924,24.5,1,2026-01-03 09:52:00
3474,1,3.286062479095292,94.25531786947418,217.8787898672068,2.2803437213222177,24.5,1,2026-01-03 09:53:00
3475,1,3.423124780734337,93.01628749641657,218.5659677017441,2.458212524894874,24.5,1,2026-01-03 09:54:00
3476,1,3.3184039526258116,94.00152457008267,217.43083146860005,2.4104811822649412,24.5,1,2026-01-03 09:55:00
3477,1,3.480816064273943,93.74724235470467,221.9556310993724,2.493061546228428,24.5,1,2026-01-03 09:56:00
3478,1,3.23312065373805,93.071550601862,215.78870611631936,2.3113194439009703,24.5,1,2026-01-03 09:57:00
3479,1,3.7344357717494914,94.68350232022247,222.30718068663384,2.6310820281721603,24.5,1,2026-01-03 09:58:00
3480,1,3.3956442369032724,93.932855250487,222.7726987945257,2.4366460854936234,24.5,1,2026-01-03 09:59:00
3481,1,3.465660396971747,95.33420386283413,219.39563882603477,2.4614128227965426,24.5,1,2026-01-03 10:00:00
3482,1,3.43893742898902,93.80116477344605,214.79372582434542,2.518209491735434,24.5,1,2026-01-03 10:01:00
3483,1,3.724484080515009,95.4789632870296,219.27737887606543,2.6244058398100036,24.5,1,2026-01-03 10:02:00
3484,1,3.4245321464325933,94.22825513487089,219.87163167742236,2.4844833956545904,24.5,1,2026-01-03 10:03:00
3485,1,3.7438442708751887,94.33089450051355,217.97880356014218,2.686172738238314,24.5,1,2026-01-03 10:04:00
3486,1,3.65422347914452,95.01031800854652,218.96956321238352,2.61572545730098,24.5,1,2026-01-03 10:05:00
3487,1,3.7045923597514405,94.85032318566147,223.0603903977267,2.513664921429939,24.5,1,2026-01-03 10:06:00
3488,1,3.5497707126435505,94.29971153666304,221.32985432460347,2.5511946606625897,24.5,1,2026-01-03 10:07:00
3489,1,3.6710639677043755,94.79634100115388,218.1508717712438,2.5836858651098096,24.5,1,2026-01-03 10:08:00
3490,1,3.535117032260797,94.06616831931606,216.80480166080915,2.4717003217309084,24.5,1,2026-01-03 10:09:00
3491,1,3.793111022555518,94.37314655476867,219.34596536478045,2.601488805603009,24.5,1,2026-01-03 10:10:00
3492,1,3.5865359143455238,94.92246209684662,219.57308644129913,2.5293854596170156,24.5,1,2026-01-03 10:11:00
3493,1,3.7122829005550897,94.54921807758889,220.99239837472663,2.6197727641088444,24.5,1,2026-01-03 10:12:00
3494,1,3.648045196893908,94.59178277951962,218.92936657486467,2.5073840486934764,24.5,1,2026-01-03 10:13:00
3495,1,3.653793587811395,94.76540698935632,221.02299915072373,2.502666149424759,24.5,1,2026-01-03 10:14:00
3496,1,3.8936146479142106,95.14603303374749,223.87030808012045,2.7694870773101945,24.5,1,2026-01-03 10:15:00
3497,1,3.8479595884913285,94.13110395003581,221.63100204488853,2.756281409756351,24.5,1,2026-01-03 10:16:00
3498,1,3.8999821383501496,95.93759677042208,219.90382298533845,2.758609713480656,24.5,1,2026-01-03 10:17:00
3499,1,3.6067823014897207,94.68262554609387,219.6336990578934,2.5997066446948076,24.5,1,2026-01-03 10:18:00
3500,1,3.9012065428616096,95.09838292063047,219.28665373164026,2.745089464194475,24.5,1,2026-01-03 10:19:00
3501,1,4.116441801189363,95.80737874728901,222.3612818249043,2.898089945598382,24.5,1,2026-01-03 10:20:00
3502,1,3.764540445303364,95.13939999480111,218.7453731080974,2.6067101442148077,24.5,1,2026-01-03 10:21:00
3503,1,4.0376291262592865,95.96646266574685,220.09044541799997,2.766688060169003,24.5,1,2026-01-03 10:22:00
3504,1,3.8313506425759525,95.43610685483726,220.10239580376216,2.791830421386458,24.5,1,2026-01-03 10:23:00
3505,1,3.7119930212727312,95.36027991422158,218.99643161437695,2.6713161140497625,24.5,1,2026-01-03 10:24:00
3506,1,3.8003045474069728,95.99097159793934,217.2550689042318,2.6070650435265885,24.5,1,2026-01-03 10:25:00
3507,1,4.008083138360338,96.0180983060725,220.64594900723534,2.83054188482543,24.5,1,2026-01-03 10:26:00
3508,1,3.8140107837956148,95.05046150405893,219.87799205628923,2.6808049345928757,24.5,1,2026-01-03 10:27:00
3509,1,3.868040691910438,94.55600212422097,221.00048093887315,2.7098828447249095,24.5,1,2026-01-03 10:28:00
3510,1,3.962020668013142,96.50392731171965,218.93279938712166,2.7690262240954273,24.5,1,2026-01-03 10:29:00
3511,1,3.9748366107353146,95.27654898764841,222.4416425976261,2.817283855536599,24.5,1,2026-01-03 10:30:00
3512,1,3.9674547995865486,95.28495404882595,218.24645243757632,2.833653210931359,24.5,1,2026-01-03 10:31:00
3513,1,4.0349844683334615,94.4900319081363,223.42408056803578,2.860115015322857,24.5,1,2026-01-03 10:32:00
3514,1,3.942512365702299,95.81539742526269,216.50472698034346,2.7686062215973215,24.5,1,2026-01-03 10:33:00
3515,1,3.9375513105433706,95.55041809978286,220.86954012911377,2.7630022496180553,24.5,1,2026-01-03 10:34:00
3516,1,4.014329269235131,94.71524648358678,220.95086136505324,2.871450645914644,24.5,1,2026-01-03 10:35:00
3517,1,3.859067841149888,95.69414080043214,218.40888586411825,2.7382637683748947,24.5,1,2026-01-03 10:36:00
3518,1,4.13436141278992,95.59535723224342,220.84878787572202,2.912121086948272,24.5,1,2026-01-03 10:37:00
3519,1,3.9762841439290635,97.15210179586894,222.55903733952033,2.7952058771271284,24.5,1,2026-01-03 10:38:00
3520,1,4.032343691475268,95.57634470997944,215.56636232129188,2.8534142895679975,24.5,1,2026-01-03 10:39:00
3521,1,4.00150402754272,95.41101587773151,221.00548961498163,2.790760806151091,24.5,1,2026-01-03 10:40:00
3522,1,3.9414843503963515,95.26028116264496,215.01345835933984,2.8127673526799,24.5,1,2026-01-03 10:41:00
3523,1,3.9326536982766203,96.43760205018411,218.06867039295358,2.7114111483997294,24.5,1,2026-01-03 10:42:00
3524,1,3.977534016272179,95.36735051576105,223.25833272980188,2.775908712325021,24.5,1,2026-01-03 10:43:00
3525,1,3.8297049332260866,95.0338808797873,218.83643593321588,2.722833530643611,24.5,1,2026-01-03 10:44:00
3526,1,3.8819038310283487,96.05367290821923,217.65224007118206,2.672056967419791,24.5,1,2026-01-03 10:45:00
3527,1,3.9941365634146795,94.9695682868256,219.60412454203063,2.7286615297845835,24.5,1,2026-01-03 10:46:00
3528,1,4.134999844174963,96.30121206853615,224.1358126763271,2.9091821466279,24.5,1,2026-01-03 10:47:00
3529,1,4.073273455726912,97.17510220236372,216.33663550558794,2.7775385397063808,24.5,1,2026-01-03 10:48:00
3530,1,3.959023986884082,96.17462267406535,217.8973801767213,2.7168579494197878,24.5,1,2026-01-03 10:49:00
3531,1,4.008859600830347,96.14898376253385,222.99486336635925,2.854363032920116,24.5,1,2026-01-03 10:50:00
3532,1,3.965665644236601,96.19416052968086,223.71540468707548,2.7756683706266614,24.5,1,2026-01-03 10:51:00
3533,1,4.091668658195827,97.09973708829446,219.79313755141942,2.938412544464305,24.5,1,2026-01-03 10:52:00
3534,1,4.140471504760617,96.9969078841764,217.5218945949467,2.8478875626635123,24.5,1,2026-01-03 10:53:00
3535,1,4.255703817321163,96.52703384326021,224.1916870036183,2.9840670805241203,24.5,1,2026-01-03 10:54:00
3536,1,4.179459063561795,96.70912073780563,223.1888847834984,2.954904017051262,24.5,1,2026-01-03 10:55:00
3537,1,4.137410461931984,95.63498055438298,221.35789397552446,2.8465808966776582,24.5,1,2026-01-03 10:56:00
3538,1,4.187161080274233,96.85736774852502,218.37519530212515,2.991333433080279,24.5,1,2026-01-03 10:57:00
3539,1,4.077006652096869,95.52758473952602,219.90194131832394,2.8876552220234797,24.5,1,2026-01-03 10:58:00
3540,1,4.102914844400905,95.98515193157797,219.67927983791034,2.799556855862869,24.5,1,2026-01-03 10:59:00
3541,1,4.021006645864815,94.1732863584641,220.66170260923116,2.820356818491759,24.5,1,2026-01-03 11:00:00
3542,1,3.952525367325866,96.06547578005666,222.90200287626269,2.7931990459852547,24.5,1,2026-01-03 11:01:00
3543,1,3.9985055356280714,95.58318711029212,221.7588340822748,2.7763868745497313,24.5,1,2026-01-03 11:02:00
3544,1,3.992274678511672,96.77959837123394,217.84524784603047,2.727243917161695,24.5,1,2026-01-03 11:03:00
3545,1,4.085629136821569,96.3686907724858,222.7529929000391,2.880376945555924,24.5,1,2026-01-03 11:04:00
3546,1,4.231832489795493,97.18902298013104,220.6262642800263,3.0792947007128104,24.5,1,2026-01-03 11:05:00
3547,1,4.053768993570508,95.50151422251852,221.37413159171783,2.8241831437233107,24.5,1,2026-01-03 11:06:00
3548,1,4.189912711575313,96.99954732962183,222.93308171855722,3.017199070656399,24.5,1,2026-01-03 11:07:00
3549,1,3.9260942514060244,97.3218014065429,217.7768395009729,2.7158092131977267,24.5,1,2026-01-03 11:08:00
3550,1,3.971693474790185,96.54524878521661,219.92834884258707,2.795901769361754,24.5,1,2026-01-03 11:09:00
3551,1,3.8453033237925025,96.36051718427943,218.93709089728156,2.734800698268763,24.5,1,2026-01-03 11:10:00
3552,1,3.8610684430257454,96.10766181550714,216.8642811492691,2.7065872570322314,24.5,1,2026-01-03 11:11:00
3553,1,4.05125110374586,95.94646760558211,220.69341995520983,2.825174834143615,24.5,1,2026-01-03 11:12:00
3554,1,4.069591967646525,96.61485351472446,225.02311310316884,2.888940269926661,24.5,1,2026-01-03 11:13:00
3555,1,3.997809644277642,95.4415728665384,216.3198445109885,2.896609670375364,24.5,1,2026-01-03 11:14:00
3556,1,3.979612676396819,95.94150280795814,219.93543877790106,2.804033218557838,24.5,1,2026-01-03 11:15:00
3557,1,3.9412573559956288,95.02131813232762,221.28108587014955,2.736044376384954,24.5,1,2026-01-03 11:16:00
3558,1,4.1674764576415715,96.15972062024991,220.24615640331237,2.9105914685134304,24.5,1,2026-01-03 11:17:00
3559,1,3.922808689190396,96.51579465103275,219.77374389496853,2.8743550824573862,24.5,1,2026-01-03 11:18:00
3560,1,3.9968536922513986,96.68156604947065,217.40156727310836,2.806711916981937,24.5,1,2026-01-03 11:19:00
3561,1,3.884753332972057,96.09171345751191,220.46557348588033,2.691442661185668,24.5,1,2026-01-03 11:20:00
3562,1,3.951460618070925,96.38054828590161,218.48647204596816,2.7103598019141226,24.5,1,2026-01-03 11:21:00
3563,1,3.9110156755998076,95.18476433462172,215.62015659004288,2.6477164862708347,24.5,1,2026-01-03 11:22:00
3564,1,3.949248891652709,95.94245292989069,222.38918444102745,2.783690155046605,24.5,1,2026-01-03 11:23:00
3565,1,3.667967288872002,95.23752459195455,221.91677163968407,2.601015238668931,24.5,1,2026-01-03 11:24:00
3566,1,3.86672409510102,95.71772418369433,220.10332195370216,2.6873456209549995,24.5,1,2026-01-03 11:25:00
3567,1,3.9840354004114014,96.70697227553975,220.4581493764114,2.7882852727319465,24.5,1,2026-01-03 11:26:00
3568,1,3.9304756700294927,95.68130401171531,222.14863602543113,2.6927409468524193,24.5,1,2026-01-03 11:27:00
3569,1,3.8796181068667837,95.80881583396064,220.44867931355617,2.722039500451168,24.5,1,2026-01-03 11:28:00
3570,1,3.6694294280699107,94.47548300095714,221.80803510952262,2.5920973515885937,24.5,1,2026-01-03 11:29:00
3571,1,3.7177164597468213,95.7407155291181,219.4050355982523,2.574797519547727,24.5,1,2026-01-03 11:30:00
3572,1,3.8745964192109748,95.47934947335497,222.6239674771479,2.7955875274189657,24.5,1,2026-01-03 11:31:00
3573,1,3.826245993859048,96.16728502020455,220.64157145186536,2.6351109529357,24.5,1,2026-01-03 11:32:00
3574,1,3.889358346155208,95.69727821228753,220.38810388721174,2.735023457336317,24.5,1,2026-01-03 11:33:00
3575,1,3.687556541171891,96.04551277247258,217.45987782257595,2.6218345384866764,24.5,1,2026-01-03 11:34:00
3576,1,3.7816221061086277,95.99230454330691,220.57391170860342,2.6410878648285148,24.5,1,2026-01-03 11:35:00
3577,1,3.6893984342456636,96.9900923387073,218.3360901650111,2.570767137411236,24.5,1,2026-01-03 11:36:00
3578,1,3.579957503426257,96.06963849248905,218.72343454694303,2.4319595009910873,24.5,1,2026-01-03 11:37:00
3579,1,3.43142546342281,94.39833362579803,218.36924874336776,2.467164036566106,24.5,1,2026-01-03 11:38:00
3580,1,3.6773088590139564,95.26460831881957,217.86753013620154,2.5624700353513936,24.5,1,2026-01-03 11:39:00
3581,1,3.7422975721370273,95.98881808605685,224.24954280603393,2.6430077425900285,24.5,1,2026-01-03 11:40:00
3582,1,3.618333685327463,95.22243586838985,222.6626781239768,2.562862744875968,24.5,1,2026-01-03 11:41:00
3583,1,3.517727461301448,93.78172420726192,223.84073500428852,2.4272418482750253,24.5,1,2026-01-03 11:42:00
3584,1,3.627549022686472,96.80439318221991,217.55420996088887,2.525284757361853,24.5,1,2026-01-03 11:43:00
3585,1,3.56314070974394,96.22935602865961,220.1425074998218,2.5566236911308406,24.5,1,2026-01-03 11:44:00
3586,1,3.5843737196158436,96.25561869652697,217.4129847495918,2.4486267184435304,24.5,1,2026-01-03 11:45:00
3587,1,3.718353717847624,95.82090285239825,218.60861024560586,2.7042376984536594,24.5,1,2026-01-03 11:46:00
3588,1,3.2914645081079774,95.62122722462422,218.16374603316686,2.262120457350768,24.5,1,2026-01-03 11:47:00
3589,1,3.4862326553774174,95.21039619652959,222.47916801288312,2.3762065843188798,24.5,1,2026-01-03 11:48:00
3590,1,3.466572909044477,95.83361586467572,219.20754064379648,2.427823166467209,24.5,1,2026-01-03 11:49:00
3591,1,3.6646974929713685,95.47046894253114,222.13675866738802,2.6697481477706106,24.5,1,2026-01-03 11:50:00
3592,1,3.316474274813669,96.29327041599284,221.20824177917703,2.2203606711908384,24.5,1,2026-01-03 11:51:00
3593,1,3.717707107556218,95.1343941685814,224.60727750420958,2.588781285495837,24.5,1,2026-01-03 11:52:00
3594,1,3.3944218517820253,96.43416770551707,217.04111155372055,2.393679343332327,24.5,1,2026-01-03 11:53:00
3595,1,3.437392384496913,95.6497288233744,222.5184664795736,2.4013091321412317,24.5,1,2026-01-03 11:54:00
3596,1,3.4043801362068216,95.2899463184993,222.29288174080145,2.395439384135028,24.5,1,2026-01-03 11:55:00
3597,1,3.2966904613532364,95.61356733828958,218.05324232394594,2.2650414283437996,24.5,1,2026-01-03 11:56:00
3598,1,3.4888256912355664,96.22736583276021,222.01426667294632,2.4048153291382084,24.5,1,2026-01-03 11:57:00
3599,1,3.233524443352868,96.16094396752332,220.67228992605246,2.248983557354202,24.5,1,2026-01-03 11:58:00
3600,1,3.3404274277210195,95.78820129401976,219.5450474800932,2.27427579625077,24.5,1,2026-01-03 11:59:00
3601,1,3.229616623241182,94.89639274122531,218.352129026056,2.2509927402488277,24.5,1,2026-01-03 12:00:00
3602,1,3.175219974918005,95.36480913987225,218.56178109710163,2.195617025379923,24.5,1,2026-01-03 12:01:00
3603,1,3.58072552397873,97.06715222539054,224.09962419157185,2.4741855814552745,24.5,1,2026-01-03 12:02:00
3604,1,3.2761390646653994,96.32814979268773,220.00136563791497,2.3010243844090965,24.5,1,2026-01-03 12:03:00
3605,1,3.29917750408388,96.07933924850136,221.5642600030629,2.2098045463455214,24.5,1,2026-01-03 12:04:00
3606,1,3.28521454233772,96.09195031263131,218.41820123666488,2.279416185332327,24.5,1,2026-01-03 12:05:00
3607,1,3.0085187798308644,95.4978127125159,218.44029410755672,2.2135810118507724,24.5,1,2026-01-03 12:06:00
3608,1,3.363860540083306,96.38344487111083,222.1639696184999,2.290938133453136,24.5,1,2026-01-03 12:07:00
3609,1,2.8444009507758232,94.53719273248078,217.30084757689693,2.047159287931754,24.5,1,2026-01-03 12:08:00
3610,1,3.0242168909133547,94.32130718716957,219.16957246418946,2.110759257926432,24.5,1,2026-01-03 12:09:00
3611,1,3.047768476771005,95.21279730067614,220.06805482214446,2.0940827300546903,24.5,1,2026-01-03 12:10:00
3612,1,3.135103733221132,94.86404140291995,220.2227452036801,2.118850877872864,24.5,1,2026-01-03 12:11:00
3613,1,3.069957704678191,94.62399173182104,219.6418134299677,2.1462522481883264,24.5,1,2026-01-03 12:12:00
3614,1,3.026560571103624,94.72273198378389,220.79163956219185,2.18148627110689,24.5,1,2026-01-03 12:13:00
3615,1,3.030104850950349,96.65205520480734,221.38571151163563,2.0916142881584734,24.5,1,2026-01-03 12:14:00
3616,1,2.9124703907890197,95.02435942873927,221.46927509091867,2.0248679131507474,24.5,1,2026-01-03 12:15:00
3617,1,2.795117645682126,95.03104509304634,218.02839238266435,1.9974883074105283,24.5,1,2026-01-03 12:16:00
3618,1,3.017436366162539,94.50033978708277,219.4316898041424,2.118661668286092,24.5,1,2026-01-03 12:17:00
3619,1,3.0343836320246194,94.09611948646202,222.38952572375388,2.0345966310828087,24.5,1,2026-01-03 12:18:00
3620,1,3.096801468970868,94.86435476603549,221.78929437514773,2.1614082559512253,24.5,1,2026-01-03 12:19:00
3621,1,2.776368900108431,95.71915728801035,217.25428109703788,2.0087484573030316,24.5,1,2026-01-03 12:20:00
3622,1,2.9509168971339172,95.32884185617449,220.7029598007044,2.0526188882498912,24.5,1,2026-01-03 12:21:00
3623,1,2.7719935780180376,95.26772953213145,216.04354950125037,1.792629801219516,24.5,1,2026-01-03 12:22:00
3624,1,2.9533420161609545,95.62229460157549,220.09386980412074,2.075153906174021,24.5,1,2026-01-03 12:23:00
3625,1,2.9655434037356567,94.76655063717178,223.79553403349195,2.0541069840465935,24.5,1,2026-01-03 12:24:00
3626,1,2.7892644414286423,95.7680738756527,218.10421456546203,1.8496901140178221,24.5,1,2026-01-03 12:25:00
3627,1,2.7174122773947174,94.42173976278193,218.33135390901683,1.806990939158481,24.5,1,2026-01-03 12:26:00
3628,1,2.8700967923956435,95.88174217406859,221.52805956314572,2.0457547587486067,24.5,1,2026-01-03 12:27:00
3629,1,2.759885554741822,95.21728815627813,216.9143969695807,1.8835037987960979,24.5,1,2026-01-03 12:28:00
3630,1,2.6299429705507342,93.5891594017874,218.73448994022993,1.7841607765667886,24.5,1,2026-01-03 12:29:00
3631,1,2.574811365590351,94.06231196659955,221.1928822751635,1.7892219266773435,24.5,1,2026-01-03 12:30:00
3632,1,2.631846274508735,93.62547983196465,218.7314283046212,1.798283355184132,24.5,1,2026-01-03 12:31:00
3633,1,2.8047945857838137,95.73295804384837,219.52806002557804,1.9555893376162372,24.5,1,2026-01-03 12:32:00
3634,1,2.773432202953452,94.9244178772704,221.48837142063007,1.9184471513913164,24.5,1,2026-01-03 12:33:00
3635,1,2.517278127319322,93.128860441858,220.8430921670731,1.6902844819568488,24.5,1,2026-01-03 12:34:00
3636,1,2.48971449964775,94.65892640385525,220.5336367925908,1.7053860499386513,24.5,1,2026-01-03 12:35:00
3637,1,2.704307108338205,94.57870950540514,219.3217554414599,1.9020886935653052,24.5,1,2026-01-03 12:36:00
3638,1,2.4589763941927294,93.50805969339343,220.7401222305379,1.7113296396305897,24.5,1,2026-01-03 12:37:00
3639,1,2.5964488899885807,95.71387984818881,219.75253463980047,1.8005132331151232,24.5,1,2026-01-03 12:38:00
3640,1,2.478125904039285,94.52655534240833,220.91561121985157,1.819069293637628,24.5,1,2026-01-03 12:39:00
3641,1,2.66432712402549,94.71330482131826,219.00613594976403,1.8879693346692925,24.5,1,2026-01-03 12:40:00
3642,1,2.4135744942078503,94.1531850657088,219.63486205124093,1.7196260183413672,24.5,1,2026-01-03 12:41:00
3643,1,2.5709119458145127,93.84902695080204,218.02008441489596,1.7778483881290998,24.5,1,2026-01-03 12:42:00
3644,1,2.479689450781781,93.76440280582543,219.92998477998754,1.7336047677855868,24.5,1,2026-01-03 12:43:00
3645,1,2.4525269117441963,95.31384146574707,218.3779982727423,1.6820027969434161,24.5,1,2026-01-03 12:44:00
3646,1,2.206931943419643,93.79681999850811,217.771907099676,1.5716884660331873,24.5,1,2026-01-03 12:45:00
3647,1,2.1950505207429143,94.03110829867384,220.51732229571078,1.5188863654107385,24.5,1,2026-01-03 12:46:00
3648,1,2.379285401118748,93.17147039052188,220.4254795517153,1.6633064263066841,24.5,1,2026-01-03 12:47:00
3649,1,2.4235613267973988,93.68494448146204,221.56574746989713,1.6907952406499618,24.5,1,2026-01-03 12:48:00
3650,1,2.243445893526511,94.55202047794971,219.1377488608498,1.55664002869158,24.5,1,2026-01-03 12:49:00
3651,1,2.249243899914956,94.4053444601984,220.8161056936735,1.708326985686475,24.5,1,2026-01-03 12:50:00
3652,1,2.4051484147824693,95.54660068559667,221.10159514454733,1.6361480542822449,24.5,1,2026-01-03 12:51:00
3653,1,2.3884408858359305,95.28700375878633,220.8895476156632,1.6239305108853905,24.5,1,2026-01-03 12:52:00
3654,1,2.276508448364281,94.18962680902388,218.34869263439572,1.6145753456367242,24.5,1,2026-01-03 12:53:00
3655,1,2.3759368670993037,94.78293236870017,220.29872696454237,1.618949350849562,24.5,1,2026-01-03 12:54:00
3656,1,2.168475289345678,93.90642237427937,220.72828059210931,1.4900254793034715,24.5,1,2026-01-03 12:55:00
3657,1,2.2309682330043987,95.48162631058487,220.0143569338159,1.4934811682094706,24.5,1,2026-01-03 12:56:00
3658,1,2.374695527477401,95.32822225403261,215.82704468325784,1.6719300278121045,24.5,1,2026-01-03 12:57:00
3659,1,2.2513524859421707,94.41464219239641,220.32097924794695,1.5868444128152195,24.5,1,2026-01-03 12:58:00
3660,1,2.2866598981884803,94.43522319475741,224.4250620787945,1.5702040302453242,24.5,1,2026-01-03 12:59:00
3661,1,2.4420874121174596,95.60901850868568,219.27992146248604,1.7293352955265453,24.5,1,2026-01-03 13:00:00
3662,1,2.0497565622400553,94.34064010326168,218.54384580428936,1.3284635229404294,24.5,1,2026-01-03 13:01:00
3663,1,2.281960028637033,95.35972439413304,220.7466971194228,1.5468865245471415,24.5,1,2026-01-03 13:02:00
3664,1,2.357665851494492,93.2750355663678,220.62475642093315,1.6260584722255664,24.5,1,2026-01-03 13:03:00
3665,1,2.162204998606057,94.46403260004627,222.38547033083282,1.4402814203321845,24.5,1,2026-01-03 13:04:00
3666,1,2.222808404641824,94.10945569963314,217.48426368818224,1.4533176340315423,24.5,1,2026-01-03 13:05:00
3667,1,2.0657785918535327,95.09942784760305,221.46276050515,1.4163691257541864,24.5,1,2026-01-03 13:06:00
3668,1,2.0834828388688833,95.02841135577816,221.18084412250292,1.4785911124697468,24.5,1,2026-01-03 13:07:00
3669,1,2.168709263995302,94.3312338683476,219.7157069261189,1.5669086455555303,24.5,1,2026-01-03 13:08:00
3670,1,2.2112204540455154,95.31296565923985,220.6773746358434,1.5047436668677214,24.5,1,2026-01-03 13:09:00
3671,1,2.2493388684328077,95.52398561592537,222.0589149631967,1.595024454904567,24.5,1,2026-01-03 13:10:00
3672,1,2.2836526307771385,94.58728319000188,221.7446307600569,1.61380546469075,24.5,1,2026-01-03 13:11:00
3673,1,2.0704396965260443,95.6979027793448,217.71396137585253,1.4950641445210038,24.5,1,2026-01-03 13:12:00
3674,1,2.228835058734438,94.44840852774684,221.64031637351096,1.5261856963390112,24.5,1,2026-01-03 13:13:00
3675,1,2.0486185158199617,94.03232294890643,219.87062278993497,1.3288100344797273,24.5,1,2026-01-03 13:14:00
3676,1,2.1704932902593193,94.93119609908156,220.14574819603104,1.506496297209944,24.5,1,2026-01-03 13:15:00
3677,1,2.093837629861764,94.06299287335081,220.1463939820034,1.399071100594906,24.5,1,2026-01-03 13:16:00
3678,1,2.1077357534525145,94.37738673497446,219.6995140224035,1.423062579662425,24.5,1,2026-01-03 13:17:00
3679,1,2.125613096166959,95.17145440844389,222.38341499421412,1.456406652371597,24.5,1,2026-01-03 13:18:00
3680,1,1.8909833372221037,93.93649891711742,219.83256408030158,1.2919665611609816,24.5,1,2026-01-03 13:19:00
3681,1,1.9165911484596492,93.00966559942967,217.76090774323367,1.3335836274662491,24.5,1,2026-01-03 13:20:00
3682,1,2.0487147732417696,94.49877198066197,219.21294028806054,1.452966722781164,24.5,1,2026-01-03 13:21:00
3683,1,1.8740100509917352,93.50979433471251,220.35738943362094,1.2783883948129275,24.5,1,2026-01-03 13:22:00
3684,1,2.1459852958477694,94.95837141445361,222.4584295685941,1.5046126550801575,24.5,1,2026-01-03 13:23:00
3685,1,2.134820091576166,94.87372051066183,221.20618936989766,1.4776955656125155,24.5,1,2026-01-03 13:24:00
3686,1,2.0493455392718367,95.23949009128323,218.2989294425059,1.4644529623805052,24.5,1,2026-01-03 13:25:00
3687,1,1.9596711529171922,94.62182212087227,224.97037983335778,1.3460789336823533,24.5,1,2026-01-03 13:26:00
3688,1,2.172752592499567,95.24281303372751,220.52955062195596,1.4988007758032769,24.5,1,2026-01-03 13:27:00
3689,1,2.258349581349895,94.33052879839596,222.55078147599804,1.543072591114121,24.5,1,2026-01-03 13:28:00
3690,1,2.037208491280896,94.84905619583805,219.69657113284555,1.4006061550736717,24.5,1,2026-01-03 13:29:00
3691,1,2.0861129705028554,95.63393006219114,221.0667184894109,1.4032171104583553,24.5,1,2026-01-03 13:30:00
3692,1,2.0600461040590923,93.99221295119061,221.67893700903682,1.3800959290377404,24.5,1,2026-01-03 13:31:00
3693,1,2.1007634189212108,95.56607488204648,222.4363894235085,1.491019003257378,24.5,1,2026-01-03 13:32:00
3694,1,2.0317818932993874,94.04253907706949,222.11473661075644,1.35024416088278,24.5,1,2026-01-03 13:33:00
3695,1,2.037932077569148,93.8946676510165,221.74439400014595,1.392558600220135,24.5,1,2026-01-03 13:34:00
3696,1,2.1122546711140657,94.78912826309946,219.36982653761177,1.5105036415155952,24.5,1,2026-01-03 13:35:00
3697,1,2.2539338715513026,95.34723465762858,218.85650791608788,1.5398573366844652,24.5,1,2026-01-03 13:36:00
3698,1,1.8944292839587864,94.73469504967757,220.6652150206484,1.350376989172892,24.5,1,2026-01-03 13:37:00
3699,1,2.039530130839317,93.88972982924619,221.86625614468213,1.3795029765769657,24.5,1,2026-01-03 13:38:00
3700,1,1.9124134591534165,94.53286524996928,219.5545585984468,1.268543553860823,24.5,1,2026-01-03 13:39:00
3701,1,2.2214497466184104,94.43677971588862,222.13034393142877,1.4546903110299478,24.5,1,2026-01-03 13:40:00
3702,1,2.0094173402157502,93.54106881269574,222.90523349097236,1.4534709545141429,24.5,1,2026-01-03 13:41:00
3703,1,1.8848933809801542,93.72913527918632,218.16735816185317,1.2448566426762953,24.5,1,2026-01-03 13:42:00
3704,1,2.0997329102518476,94.27594384156345,218.32615859240744,1.4872818937639714,24.5,1,2026-01-03 13:43:00
3705,1,2.229783132994933,95.28527385001856,219.71924988218933,1.4895744565907088,24.5,1,2026-01-03 13:44:00
3706,1,2.1344699770238753,95.47288476427036,220.6152253363784,1.5394838951599343,24.5,1,2026-01-03 13:45:00
3707,1,2.0777744814297345,93.83202549162789,218.9508659724659,1.544668446059683,24.5,1,2026-01-03 13:46:00
3708,1,2.140433197845872,94.99491360306557,222.7044053577343,1.3931096218598076,24.5,1,2026-01-03 13:47:00
3709,1,2.2312024349191826,94.3065380860932,220.8481337230369,1.485697857238388,24.5,1,2026-01-03 13:48:00
3710,1,1.9984981556352333,94.96063648665015,220.0788940964815,1.4178460497526066,24.5,1,2026-01-03 13:49:00
3711,1,2.0549310986450786,94.39120432101494,217.12818095226294,1.4436449011090735,24.5,1,2026-01-03 13:50:00
3712,1,2.0305888122084386,94.09580873543538,217.368368367145,1.439901487854478,24.5,1,2026-01-03 13:51:00
3713,1,1.9958121817839933,95.09404102691016,220.56201850056362,1.3482349149302746,24.5,1,2026-01-03 13:52:00
3714,1,2.04358078347059,94.46139081663779,215.73480874769032,1.5091142620602755,24.5,1,2026-01-03 13:53:00
3715,1,2.2585867841729956,94.94331562081852,222.02527481928814,1.563803315252359,24.5,1,2026-01-03 13:54:00
3716,1,2.1891031677304875,93.72552652633314,219.68369231125536,1.4489741495989366,24.5,1,2026-01-03 13:55:00
3717,1,2.2746538903320803,95.67455453925557,226.48618593918945,1.5560122269564418,24.5,1,2026-01-03 13:56:00
3718,1,2.214385177072283,95.53386880245823,224.61583250123223,1.466775489030189,24.5,1,2026-01-03 13:57:00
3719,1,2.213461442531182,95.1549321409206,219.63710186150496,1.6057113063267907,24.5,1,2026-01-03 13:58:00
3720,1,2.091565244586327,94.00597933485875,219.78732599493736,1.408957001878666,24.5,1,2026-01-03 13:59:00
3721,1,2.1735776037598242,95.78269970720798,221.99116302800405,1.5229891168446992,24.5,1,2026-01-03 14:00:00
3722,1,2.2502808594861508,94.7946295877363,223.40634521983608,1.5275518837989317,24.5,1,2026-01-03 14:01:00
3723,1,2.202796943297992,94.97714805181278,216.72394188512797,1.4874343816782016,24.5,1,2026-01-03 14:02:00
3724,1,2.215640241502995,96.68324564823692,216.42724906929064,1.431390151747686,24.5,1,2026-01-03 14:03:00
3725,1,2.2053997845991904,94.82110259974411,218.75593038889124,1.5496024290537174,24.5,1,2026-01-03 14:04:00
3726,1,2.2178841726300136,95.68039829722274,221.16547516634773,1.5931026636110037,24.5,1,2026-01-03 14:05:00
3727,1,2.588364452390743,96.31959784757238,220.99374718101518,1.737431378486092,24.5,1,2026-01-03 14:06:00
3728,1,2.3849752006356315,95.8070959019335,222.1395429099677,1.5656808548910448,24.5,1,2026-01-03 14:07:00
3729,1,2.3000707636705373,95.68491717601663,217.6006049432694,1.6244613975929287,24.5,1,2026-01-03 14:08:00
3730,1,2.2258324213448706,95.6543257616927,215.36771227406226,1.450694628266573,24.5,1,2026-01-03 14:09:00
3731,1,2.283298030041034,95.59068580908878,221.7160283906043,1.633404616307767,24.5,1,2026-01-03 14:10:00
3732,1,2.2949136751701764,95.50365785643082,218.34360745406954,1.5350494694959431,24.5,1,2026-01-03 14:11:00
3733,1,2.3262652138901,96.57006999783789,215.96302427122274,1.5465329664823766,24.5,1,2026-01-03 14:12:00
3734,1,2.167503780728075,94.4853663614957,220.29012749191875,1.504659878717151,24.5,1,2026-01-03 14:13:00
3735,1,2.2271775166620085,95.99290056438745,221.58635137643736,1.481259369643074,24.5,1,2026-01-03 14:14:00
3736,1,2.3183997556427953,96.10531275774707,219.75588573575746,1.560447652368588,24.5,1,2026-01-03 14:15:00
3737,1,2.4119416778687066,96.24564572105965,219.08430322763502,1.6777231605266074,24.5,1,2026-01-03 14:16:00
3738,1,2.38926592964961,96.45390780456887,219.68127553570818,1.522797380875536,24.5,1,2026-01-03 14:17:00
3739,1,2.5739660703443477,96.11852515575981,219.25883447519843,1.8533043917890855,24.5,1,2026-01-03 14:18:00
3740,1,2.271258291226748,94.50795911498543,217.30390577611968,1.5649115369270732,24.5,1,2026-01-03 14:19:00
3741,1,2.374501945636384,95.78000425368839,218.57063864601915,1.5689542150706464,24.5,1,2026-01-03 14:20:00
3742,1,2.649232841786515,95.73122731202317,221.04255981002763,1.7715665087536865,24.5,1,2026-01-03 14:21:00
3743,1,2.5205823146285087,95.65774759960986,220.643357082753,1.7833379699342735,24.5,1,2026-01-03 14:22:00
3744,1,2.6107657944274565,95.5512934692116,220.33611961193364,1.8256604723545256,24.5,1,2026-01-03 14:23:00
3745,1,2.7174952105385364,96.29316680252732,218.00970303629325,1.9381653156814393,24.5,1,2026-01-03 14:24:00
3746,1,2.478091001472339,95.72253305801782,219.63699367572866,1.6698800305598596,24.5,1,2026-01-03 14:25:00
3747,1,2.5095534120117122,94.82318950151596,215.6458699071143,1.7403084001498768,24.5,1,2026-01-03 14:26:00
3748,1,2.5649212740349854,96.68593629267747,220.35695332777078,1.7847002203799502,24.5,1,2026-01-03 14:27:00
3749,1,2.4400605530226405,97.31261117185777,222.85771541562713,1.7121262717401668,24.5,1,2026-01-03 14:28:00
3750,1,2.5588192728678876,96.72438719917677,217.0517357359158,1.8151889824762129,24.5,1,2026-01-03 14:29:00
3751,1,2.7181722852457044,96.52889479273674,218.8281446533645,1.8323074742639118,24.5,1,2026-01-03 14:30:00
3752,1,2.7251350887414647,96.60172950045643,220.65821355742025,1.8670603301125628,24.5,1,2026-01-03 14:31:00
3753,1,2.775083473020139,96.45000264926911,222.50568526885496,1.8763962125971585,24.5,1,2026-01-03 14:32:00
3754,1,2.6513569388975196,96.6102992767274,219.1035507673997,1.8190720119180057,24.5,1,2026-01-03 14:33:00
3755,1,2.636272854485678,96.53081584592856,218.6154993414682,1.8460791000625265,24.5,1,2026-01-03 14:34:00
3756,1,2.8157809495307538,96.48657654834966,216.06215371516782,1.8515868968609916,24.5,1,2026-01-03 14:35:00
3757,1,2.710273853041302,97.70097344931737,220.2068762586162,1.917093430185221,24.5,1,2026-01-03 14:36:00
3758,1,2.859449457984909,96.0107967957023,224.08415208028748,1.9069346426140603,24.5,1,2026-01-03 14:37:00
3759,1,2.8208155262401537,97.36171215958954,220.55471692392936,1.9217973998560067,24.5,1,2026-01-03 14:38:00
3760,1,2.9642315473997702,97.18363326775471,219.95544204163258,2.0976489273767713,24.5,1,2026-01-03 14:39:00
3761,1,2.943609468366532,98.34092533567457,220.64416462153397,2.0374896144450387,24.5,1,2026-01-03 14:40:00
3762,1,2.7252359400477846,97.00590368196156,219.9778159921028,1.8879427459607225,24.5,1,2026-01-03 14:41:00
3763,1,2.7359921171531414,96.66141738294047,218.37397125547974,1.8191315984120382,24.5,1,2026-01-03 14:42:00
3764,1,2.977265707268852,97.13658972248082,221.6465598313554,1.991380116611922,24.5,1,2026-01-03 14:43:00
3765,1,2.916097844070471,97.23517952798062,220.4515230462235,2.04846168327322,24.5,1,2026-01-03 14:44:00
3766,1,2.891156864507937,96.50215958541135,220.0352265038673,1.9546255816570428,24.5,1,2026-01-03 14:45:00
3767,1,3.0325696301553253,97.07671598942473,218.0492679454435,2.056174862598517,24.5,1,2026-01-03 14:46:00
3768,1,3.0315855899790094,96.35514390416098,222.60701586386952,2.128234765679511,24.5,1,2026-01-03 14:47:00
3769,1,3.02077991974718,96.90027658025804,221.32940549066623,2.019920267131768,24.5,1,2026-01-03 14:48:00
3770,1,3.0809127013186415,97.71086426218237,218.8941583252654,2.1269206360701776,24.5,1,2026-01-03 14:49:00
3771,1,3.0271576062069263,97.65863585640366,222.00364970736388,2.078521426622314,24.5,1,2026-01-03 14:50:00
3772,1,3.2022193642425107,96.73465516570194,219.0048583232296,2.1960998133903655,24.5,1,2026-01-03 14:51:00
3773,1,2.977198103317775,97.42359177982213,218.43599301497792,2.015777871877121,24.5,1,2026-01-03 14:52:00
3774,1,3.143100646142359,98.18790584053012,218.48059376503943,2.126263822018272,24.5,1,2026-01-03 14:53:00
3775,1,3.211220585471915,97.96238965097143,216.45786289382383,2.1478287332714046,24.5,1,2026-01-03 14:54:00
3776,1,3.0122954386334766,97.17246911045939,220.9430847608364,2.089282279283781,24.5,1,2026-01-03 14:55:00
3777,1,3.072180104235618,97.56698739224738,216.3377102433233,2.0725862804242237,24.5,1,2026-01-03 14:56:00
3778,1,3.257795953188257,97.84158712149744,217.54311233746847,2.2814481859398175,24.5,1,2026-01-03 14:57:00
3779,1,3.2535458242942665,97.84155373375349,215.84882398184294,2.2186470123993525,24.5,1,2026-01-03 14:58:00
3780,1,3.1990857829478765,98.11654880553816,219.82786061441823,2.1394078503275824,24.5,1,2026-01-03 14:59:00
3781,1,3.160141726625838,99.33849856246803,219.69935907945626,2.15353480340351,24.5,1,2026-01-03 15:00:00
3782,1,3.345377783278094,97.89989277038482,219.34660757362727,2.271582809367361,24.5,1,2026-01-03 15:01:00
3783,1,3.365869059939311,98.25467954412403,217.91484461065886,2.356390078601003,24.5,1,2026-01-03 15:02:00
3784,1,3.1461497662955726,97.9986420812831,217.6555324931267,2.13674111573509,24.5,1,2026-01-03 15:03:00
3785,1,3.209053245293384,97.66292930510394,220.92873972709316,2.1842512423028713,24.5,1,2026-01-03 15:04:00
3786,1,3.3427645404326514,99.07342625246115,218.89889613658303,2.3599965590863943,24.5,1,2026-01-03 15:05:00
3787,1,3.4295736418347955,97.12584530964251,220.63271664307229,2.374052223584032,24.5,1,2026-01-03 15:06:00
3788,1,3.3179983936762754,98.09687306732815,218.22950262775154,2.355138042617673,24.5,1,2026-01-03 15:07:00
3789,1,3.4686279568367007,99.15471925203346,220.36212548554215,2.437861234329167,24.5,1,2026-01-03 15:08:00
3790,1,3.3807606681715723,98.26165506002766,222.60655607463212,2.2701581935135198,24.5,1,2026-01-03 15:09:00
3791,1,3.2348860998658293,97.71666554583517,221.17233160078555,2.263924629858287,24.5,1,2026-01-03 15:10:00
3792,1,3.3946204701518337,98.8634373210602,219.17517236356704,2.3998053484768307,24.5,1,2026-01-03 15:11:00
3793,1,3.4832008853156577,99.2915442008313,220.51439794071186,2.4605737064025037,24.5,1,2026-01-03 15:12:00
3794,1,3.4514027798115263,98.85729142753603,219.5186696509396,2.411338743162159,24.5,1,2026-01-03 15:13:00
3795,1,3.3879063111907017,98.12425518648244,220.01576036938945,2.366625066144245,24.5,1,2026-01-03 15:14:00
3796,1,3.329127960512865,98.79755948326708,219.348777895703,2.262667702040273,24.5,1,2026-01-03 15:15:00
3797,1,3.4831646539091254,98.59279440367433,219.6713295882292,2.3410857758645416,24.5,1,2026-01-03 15:16:00
3798,1,3.655724524598588,99.61296076253318,220.42418670614836,2.483148174328465,24.5,1,2026-01-03 15:17:00
3799,1,3.6687768849092173,100.17657551897685,218.0132826008361,2.4261973176962606,24.5,1,2026-01-03 15:18:00
3800,1,3.6780155331854885,97.7582144066328,217.96824234602005,2.582644189265494,24.5,1,2026-01-03 15:19:00
3801,1,3.481817606395329,99.03567385068403,217.22291489233757,2.366916046959016,24.5,1,2026-01-03 15:20:00
3802,1,3.4576701294521706,97.90777826646634,216.7994577909926,2.4288972588775883,24.5,1,2026-01-03 15:21:00
3803,1,3.6512050054147127,100.7916386186947,217.56543461555904,2.4348438877600027,24.5,1,2026-01-03 15:22:00
3804,1,3.7275613804622414,99.12018359822778,220.31892501360826,2.6025019987046245,24.5,1,2026-01-03 15:23:00
3805,1,3.684086847496263,99.84820435506674,218.21442496901622,2.4936532298767733,24.5,1,2026-01-03 15:24:00
3806,1,3.5017735397017606,98.94214776928128,221.0272289284622,2.3293122525848147,24.5,1,2026-01-03 15:25:00
3807,1,3.618060408423996,98.75621048243116,220.06942749750513,2.5541236862708216,24.5,1,2026-01-03 15:26:00
3808,1,3.6501890755677993,98.89702761178893,216.0629915731239,2.549842283596872,24.5,1,2026-01-03 15:27:00
3809,1,3.806326820417831,100.5492669303889,221.30995116844338,2.611508077062275,24.5,1,2026-01-03 15:28:00
3810,1,3.8548529339178885,100.27110653776988,221.6215972911834,2.6355105546432593,24.5,1,2026-01-03 15:29:00
3811,1,3.7436811094329236,100.78218621346122,218.01227465033028,2.5795756606932256,24.5,1,2026-01-03 15:30:00
3812,1,3.825176389837794,99.72914179155597,220.84038308579,2.6227460478017224,24.5,1,2026-01-03 15:31:00
3813,1,3.7697826997507593,99.8613800004666,218.2870035251816,2.53530335650014,24.5,1,2026-01-03 15:32:00
3814,1,3.876932307563806,99.6898095362244,220.19534075349668,2.62723734743841,24.5,1,2026-01-03 15:33:00
3815,1,3.8045503006309,99.6440626939296,217.47100318609006,2.696181070988623,24.5,1,2026-01-03 15:34:00
3816,1,3.773957065017227,99.18187506777868,216.41378709493085,2.7106030405461783,24.5,1,2026-01-03 15:35:00
3817,1,3.8018006199169143,99.83008533677776,219.23436562077407,2.6738816332790494,24.5,1,2026-01-03 15:36:00
3818,1,3.8581898084128334,99.41491927697399,219.75254210745032,2.657896732720558,24.5,1,2026-01-03 15:37:00
3819,1,3.900938067636103,100.27248168279314,219.2046406127708,2.64601600982491,24.5,1,2026-01-03 15:38:00
3820,1,3.8625037964343005,100.10347222237448,217.63193888355488,2.596494066513144,24.5,1,2026-01-03 15:39:00
3821,1,3.9128015088301575,100.23363331632859,219.20020187573772,2.6338535534296588,24.5,1,2026-01-03 15:40:00
3822,1,4.04503483138028,101.29469501472772,220.53858950516147,2.732776821703078,24.5,1,2026-01-03 15:41:00
3823,1,3.934889729318259,100.08700615919845,219.91021393975493,2.7925639223919383,24.5,1,2026-01-03 15:42:00
3824,1,3.8604167253746255,100.41568148935433,220.36500206119842,2.724239137153483,24.5,1,2026-01-03 15:43:00
3825,1,3.994325768537514,101.53321431990445,218.65976959909153,2.7623312724428044,24.5,1,2026-01-03 15:44:00
3826,1,3.840938942256462,100.66975393944197,222.3434358294323,2.5720807856425827,24.5,1,2026-01-03 15:45:00
3827,1,3.79720400162721,100.66736500390878,217.64765332689043,2.634671266079409,24.5,1,2026-01-03 15:46:00
3828,1,4.007960426872483,100.106904205879,220.97512059417343,2.721568194162433,24.5,1,2026-01-03 15:47:00
3829,1,4.059938644592962,100.49608719558557,222.36378218591992,2.6610217453346565,24.5,1,2026-01-03 15:48:00
3830,1,3.863201366462336,99.24558637086429,220.96181618549778,2.64859896728611,24.5,1,2026-01-03 15:49:00
3831,1,3.9338761881978943,100.53814769697732,219.59495154587034,2.6400718772656244,24.5,1,2026-01-03 15:50:00
3832,1,3.9067953962148043,100.38787593438353,218.94340590667403,2.6230344675243464,24.5,1,2026-01-03 15:51:00
3833,1,3.9816169399462593,100.2894147048605,222.07217530209252,2.7016545007253745,24.5,1,2026-01-03 15:52:00
3834,1,4.042575080974168,101.20530056030557,217.15405014947666,2.730536927962403,24.5,1,2026-01-03 15:53:00
3835,1,4.041563324841843,99.84368348887254,218.0597514792407,2.7527751516176915,24.5,1,2026-01-03 15:54:00
3836,1,3.9951734671601895,101.43015692850014,219.20488446901655,2.718482637330053,24.5,1,2026-01-03 15:55:00
3837,1,4.006105697680249,100.91017524551845,222.47530751502399,2.6359857287710673,24.5,1,2026-01-03 15:56:00
3838,1,3.8984041408932324,100.19046836306114,220.7595352720818,2.732136192827869,24.5,1,2026-01-03 15:57:00
3839,1,4.1330012039822055,100.72126870117746,218.0639084829795,2.766511252163567,24.5,1,2026-01-03 15:58:00
3840,1,4.078359521413956,100.9561671948323,219.3793845892302,2.7305567258895533,24.5,1,2026-01-03 15:59:00
3841,1,3.939937016761335,101.34267709868153,218.77135371180742,2.6671872606346603,24.5,1,2026-01-03 16:00:00
3842,1,4.083089759016722,100.79771863184284,218.58042201553292,2.775425914322442,24.5,1,2026-01-03 16:01:00
3843,1,4.068367130348064,100.68575073175275,221.95777911711355,2.8434875375021305,24.5,1,2026-01-03 16:02:00
3844,1,3.9628935872032245,100.58657558953827,217.256513741473,2.7119128834598745,24.5,1,2026-01-03 16:03:00
3845,1,4.147824901761769,101.80833744241552,223.21756171146876,2.8524073096623033,24.5,1,2026-01-03 16:04:00
3846,1,4.00044658035159,100.30060861688655,221.65645938036926,2.7371946236122424,24.5,1,2026-01-03 16:05:00
3847,1,4.051782847453002,100.60114165640377,222.1817233412074,2.769714331316163,24.5,1,2026-01-03 16:06:00
3848,1,4.04277964449591,101.60651150334618,219.07412097594948,2.7672238536843086,24.5,1,2026-01-03 16:07:00
3849,1,3.991965505758015,100.70823490150867,219.70011856184178,2.620242082395314,24.5,1,2026-01-03 16:08:00
3850,1,4.062029039854805,101.55093179917642,217.1336963709506,2.7517907350536923,24.5,1,2026-01-03 16:09:00
3851,1,4.216456491603294,100.57608558375534,218.9506751858664,2.927203557768983,24.5,1,2026-01-03 16:10:00
3852,1,3.9881682645074314,100.48836646425544,220.9873096952863,2.9105968218203806,24.5,1,2026-01-03 16:11:00
3853,1,3.9226207194565528,101.33259932013996,222.5921261235628,2.608400540943141,24.5,1,2026-01-03 16:12:00
3854,1,3.802576137174071,99.98057648698257,217.78568636639508,2.6078432265914686,24.5,1,2026-01-03 16:13:00
3855,1,4.013167505605747,100.6768230265905,219.26898812602946,2.701117966970203,24.5,1,2026-01-03 16:14:00
3856,1,3.9667557548517536,100.82924697614708,219.69740155953497,2.8002148188548577,24.5,1,2026-01-03 16:15:00
3857,1,4.006037246759637,100.26532770087681,217.20842159561502,2.656586399387154,24.5,1,2026-01-03 16:16:00
3858,1,4.068416864843542,100.60407045755139,221.1826984835168,2.797666646842433,24.5,1,2026-01-03 16:17:00
3859,1,3.841901076363207,100.58057600843176,218.55201933651477,2.541772933774562,24.5,1,2026-01-03 16:18:00
3860,1,3.835069563966315,100.50568458883397,219.60921929764595,2.591299629875562,24.5,1,2026-01-03 16:19:00
3861,1,4.034427906856034,101.67428288552782,219.09610125617624,2.740769512525393,24.5,1,2026-01-03 16:20:00
3862,1,4.0010804510410685,101.80429909147102,218.42132298856066,2.7730291775229032,24.5,1,2026-01-03 16:21:00
3863,1,3.9677242368574714,100.25820355765298,219.98591002903888,2.642744274476423,24.5,1,2026-01-03 16:22:00
3864,1,3.8302334777815634,100.59625876636103,219.56878084286396,2.6360679903187827,24.5,1,2026-01-03 16:23:00
3865,1,4.033481823022443,101.36289555585162,219.25628423544268,2.7416844278218413,24.5,1,2026-01-03 16:24:00
3866,1,4.094493209243105,102.03063705122477,218.54307675663932,2.795564160511865,24.5,1,2026-01-03 16:25:00
3867,1,4.026097497682285,101.35476311926517,220.6390493415659,2.783097447256029,24.5,1,2026-01-03 16:26:00
3868,1,3.951920740825857,100.87399830190358,223.30723453698457,2.6203915833345532,24.5,1,2026-01-03 16:27:00
3869,1,3.981195612222996,101.27790802443178,220.27977446567826,2.744665009052045,24.5,1,2026-01-03 16:28:00
3870,1,3.860121854091245,100.99949798543487,221.99223642982227,2.593191284335545,24.5,1,2026-01-03 16:29:00
3871,1,4.011181350461349,100.52207713795427,217.21955614969306,2.7787512079829444,24.5,1,2026-01-03 16:30:00
3872,1,3.960775690008619,100.9970889613037,220.31552287858753,2.706186422511833,24.5,1,2026-01-03 16:31:00
3873,1,3.7213811748157357,101.38411328906618,217.80526336205787,2.516175016745577,24.5,1,2026-01-03 16:32:00
3874,1,3.845688246848675,100.67419352214108,217.0461501449362,2.581287989560752,24.5,1,2026-01-03 16:33:00
3875,1,3.9389638432871084,101.0248596500982,218.52125718508194,2.7150102667890486,24.5,1,2026-01-03 16:34:00
3876,1,3.91694142630501,100.63750308640394,222.38379866882715,2.721677978645638,24.5,1,2026-01-03 16:35:00
3877,1,3.9037413896277315,99.40052893045682,221.9000316573393,2.6227633170248232,24.5,1,2026-01-03 16:36:00
3878,1,3.771872900929206,100.6052171420458,220.4860094441088,2.503002585625998,24.5,1,2026-01-03 16:37:00
3879,1,3.8788830639276064,101.12517346297342,216.93459888022014,2.6667190498567175,24.5,1,2026-01-03 16:38:00
3880,1,3.7925108355489816,100.38598256878463,219.60743869722413,2.5007169171787447,24.5,1,2026-01-03 16:39:00
3881,1,3.644876449766231,99.69082828760143,220.60340001780347,2.4074535513149087,24.5,1,2026-01-03 16:40:00
3882,1,3.809534487919604,100.20336533306529,220.3510724591572,2.5310417743184384,24.5,1,2026-01-03 16:41:00
3883,1,3.8620650579144598,101.45116797553841,216.3124128330385,2.5987761195030323,24.5,1,2026-01-03 16:42:00
3884,1,3.746144101959869,101.8923726676261,218.21936430396025,2.473851489188233,24.5,1,2026-01-03 16:43:00
3885,1,3.9763817840322435,101.95250244813323,219.87184447170256,2.5996076535367534,24.5,1,2026-01-03 16:44:00
3886,1,3.851552972454048,100.04322702885104,221.07258181903438,2.5548627235561003,24.5,1,2026-01-03 16:45:00
3887,1,3.73400771172885,101.33256905973731,215.6077443578001,2.563801181540212,24.5,1,2026-01-03 16:46:00
3888,1,3.743315708971204,100.31587916427017,219.67575204904028,2.4741573420221443,24.5,1,2026-01-03 16:47:00
3889,1,3.7455405999988076,100.36328020249817,220.28609753975792,2.521975487468054,24.5,1,2026-01-03 16:48:00
3890,1,3.7350225512175523,100.38270653404447,221.69922397703243,2.6289408532888356,24.5,1,2026-01-03 16:49:00
3891,1,3.7108798737247537,101.06149083736224,221.38571516847486,2.5125317558270286,24.5,1,2026-01-03 16:50:00
3892,1,3.7767781297691974,101.36521862632151,221.1651426376176,2.5765225658712927,24.5,1,2026-01-03 16:51:00
3893,1,3.5669703181463976,100.42216952179824,218.40011898659614,2.3696725805588645,24.5,1,2026-01-03 16:52:00
3894,1,3.50150618873113,100.38847919807112,216.1839957257534,2.4805526630102763,24.5,1,2026-01-03 16:53:00
3895,1,3.530001415971868,100.68986273868417,219.2138944858772,2.3643814385386546,24.5,1,2026-01-03 16:54:00
3896,1,3.8822648535273516,101.36902386960922,222.00326365041713,2.6184234591536106,24.5,1,2026-01-03 16:55:00
3897,1,3.724113063827032,101.41357535161652,222.78690905504885,2.588298061453198,24.5,1,2026-01-03 16:56:00
3898,1,3.661579693381153,99.87425702007701,221.42109820459558,2.4707548315653423,24.5,1,2026-01-03 16:57:00
3899,1,3.497020409227919,100.36625407503632,220.85868164560347,2.370549731160365,24.5,1,2026-01-03 16:58:00
3900,1,3.6490356802181925,100.03091499834652,220.75927929677192,2.4567673493640503,24.5,1,2026-01-03 16:59:00
3901,1,3.526430276993708,100.47407727524636,218.88776250647845,2.3738522425741957,24.5,1,2026-01-03 17:00:00
3902,1,3.556145647231453,100.4155701067629,219.73987941289275,2.4259971984686306,24.5,1,2026-01-03 17:01:00
3903,1,3.4741075400907206,100.26515497144983,223.33813905165266,2.379345165585915,24.5,1,2026-01-03 17:02:00
3904,1,3.489218365965422,100.02044056269797,218.11488398841624,2.329528246254461,24.5,1,2026-01-03 17:03:00
3905,1,3.4927480600904053,99.4704264769316,223.2295575814197,2.3255393356909067,24.5,1,2026-01-03 17:04:00
3906,1,3.379480147696626,99.01676183448882,219.35594369101588,2.256499697616952,24.5,1,2026-01-03 17:05:00
3907,1,3.5652226918112966,100.47329867067383,222.65086421819015,2.342347951185787,24.5,1,2026-01-03 17:06:00
3908,1,3.232428313299217,99.81735612168357,217.18636998100493,2.107484857514862,24.5,1,2026-01-03 17:07:00
3909,1,3.48682810965486,100.068892462729,221.1718084023293,2.3737514296915285,24.5,1,2026-01-03 17:08:00
3910,1,3.4384120950058996,101.2696309849802,218.52645972810475,2.3728360785059164,24.5,1,2026-01-03 17:09:00
3911,1,3.2420378289280727,99.6250362327224,217.16946561615163,2.236402317272909,24.5,1,2026-01-03 17:10:00
3912,1,3.2776463860015417,100.9798191940421,220.4370680848219,2.0976137279354066,24.5,1,2026-01-03 17:11:00
3913,1,3.3427158847285714,101.20039059897799,222.01894357719195,2.2482412932331366,24.5,1,2026-01-03 17:12:00
3914,1,3.318348859081176,99.13322523445318,218.310117122813,2.1886874827136054,24.5,1,2026-01-03 17:13:00
3915,1,3.2358119962309457,100.24866399729129,217.00196807908318,2.1949506142741426,24.5,1,2026-01-03 17:14:00
3916,1,3.317478786342295,100.04694305001445,219.8163104713301,2.2218639852510433,24.5,1,2026-01-03 17:15:00
3917,1,3.4323501004241037,98.78161433533064,219.82512934244565,2.3497765655203158,24.5,1,2026-01-03 17:16:00
3918,1,3.201369052473366,99.18365055066427,221.096639255109,2.1628696353668917,24.5,1,2026-01-03 17:17:00
3919,1,3.0696917056378235,100.2496234249719,221.89918914272897,1.9798181014940441,24.5,1,2026-01-03 17:18:00
3920,1,3.278858005826134,101.4799780472599,219.881169637455,2.1674051148518974,24.5,1,2026-01-03 17:19:00
3921,1,3.4038494190291315,100.95699229874354,223.71100662958852,2.3002843114818035,24.5,1,2026-01-03 17:20:00
3922,1,3.203228873281401,100.32679288768507,220.4484694890706,2.1687240164243087,24.5,1,2026-01-03 17:21:00
3923,1,3.0172340227410537,99.79895218044108,219.3071469879862,1.9680658908469397,24.5,1,2026-01-03 17:22:00
3924,1,3.058672786492452,100.98928251567516,216.77686528179436,1.9893148655743282,24.5,1,2026-01-03 17:23:00
3925,1,2.976179893958087,101.0448001757388,219.47468095936767,2.0130250191736554,24.5,1,2026-01-03 17:24:00
3926,1,3.131734048508144,99.73107713141142,219.32722610917773,2.0448844167864064,24.5,1,2026-01-03 17:25:00
3927,1,2.9447878703907,98.45938006893961,221.92060959256295,1.9051802823653767,24.5,1,2026-01-03 17:26:00
3928,1,3.0180771688962293,98.58569444416335,220.9249672481337,2.015643104149355,24.5,1,2026-01-03 17:27:00
3929,1,2.88269465488179,100.4718964502784,217.64126175673476,1.9218686772643043,24.5,1,2026-01-03 17:28:00
3930,1,3.0128903930686617,99.85178411884694,220.34450877282208,1.9900709937126078,24.5,1,2026-01-03 17:29:00
3931,1,2.9559934548337337,99.86638214038177,221.34306234345812,1.9601937118529742,24.5,1,2026-01-03 17:30:00
3932,1,3.0141255364435353,98.76576629392387,223.05606271877568,2.0351097201281556,24.5,1,2026-01-03 17:31:00
3933,1,2.960742247821742,99.33252444795829,221.77500793482812,1.962178309031236,24.5,1,2026-01-03 17:32:00
3934,1,2.8342863176955113,99.38059061660216,221.52169330862296,1.9161857130812605,24.5,1,2026-01-03 17:33:00
3935,1,2.959654071440179,99.98062849149967,220.12017198923033,1.9780291735009627,24.5,1,2026-01-03 17:34:00
3936,1,2.8797815861209926,99.4570926096011,220.7766240108469,1.9513461404429202,24.5,1,2026-01-03 17:35:00
3937,1,2.7858899532793946,98.86147795266793,222.4990098014123,1.9233380892955236,24.5,1,2026-01-03 17:36:00
3938,1,3.0244520702844,99.63474646223736,217.3344452050407,2.0821258710160713,24.5,1,2026-01-03 17:37:00
3939,1,2.854089433381362,100.45346229896403,219.3011213455661,1.9894622816801735,24.5,1,2026-01-03 17:38:00
3940,1,2.7602312465347336,99.72545662388731,218.45486250248752,1.9034666287280753,24.5,1,2026-01-03 17:39:00
3941,1,2.9289344759332585,100.23581891954304,220.75830623745225,1.987066720885163,24.5,1,2026-01-03 17:40:00
3942,1,2.975450106259671,99.39097453217241,222.4604443513016,1.9846346257626328,24.5,1,2026-01-03 17:41:00
3943,1,2.707273978385974,97.73724470625763,218.80605142655784,1.8059080468110291,24.5,1,2026-01-03 17:42:00
3944,1,2.692823891447354,99.27113512889846,215.21939126506112,1.7714831553108097,24.5,1,2026-01-03 17:43:00
3945,1,2.588612742980523,98.77513663758845,219.17555850995106,1.745169850848592,24.5,1,2026-01-03 17:44:00
3946,1,2.686554858236183,99.65007658225868,221.82694746403482,1.8456529217400632,24.5,1,2026-01-03 17:45:00
3947,1,2.6532153918574837,101.37943967357675,221.07525980589975,1.7518499794903546,24.5,1,2026-01-03 17:46:00
3948,1,2.6707979901084054,99.87989002122103,220.85637249562114,1.7979422618322247,24.5,1,2026-01-03 17:47:00
3949,1,2.65008934395849,101.11227190269892,219.44001339625103,1.7518012799821496,24.5,1,2026-01-03 17:48:00
3950,1,2.6304897637889746,99.83601625736388,217.44193852756044,1.7827533835280507,24.5,1,2026-01-03 17:49:00
3951,1,2.6228367904264633,99.03137145130135,221.03058864324893,1.7394836227203763,24.5,1,2026-01-03 17:50:00
3952,1,2.427436169182828,99.30771697461418,218.33143637993075,1.5981762418114365,24.5,1,2026-01-03 17:51:00
3953,1,2.504444057385679,100.20151632342885,224.3681934667609,1.652858231077031,24.5,1,2026-01-03 17:52:00
3954,1,2.4905499746672866,100.28937700719065,221.14101441670903,1.7024969687309683,24.5,1,2026-01-03 17:53:00
3955,1,2.4738444363827616,98.87976244083687,218.8387033948921,1.6610756481932092,24.5,1,2026-01-03 17:54:00
3956,1,2.5901438558224545,99.62438148341172,218.77722950522275,1.722634881923136,24.5,1,2026-01-03 17:55:00
3957,1,2.3615578120070246,98.1534969698427,219.8141115867728,1.6030503103039535,24.5,1,2026-01-03 17:56:00
3958,1,2.422971000963843,99.64873007473908,219.5209961559565,1.6104391729374543,24.5,1,2026-01-03 17:57:00
3959,1,2.570117938043477,100.33024546335233,222.2336675510599,1.7863784522491022,24.5,1,2026-01-03 17:58:00
3960,1,2.4052107386953785,99.15421868876805,220.3728323394881,1.570191504984947,24.5,1,2026-01-03 17:59:00
3961,1,2.4455979198762163,98.86512883373871,218.53673652218293,1.6365552000063734,24.5,1,2026-01-03 18:00:00
3962,1,2.426390277418785,99.34529851694762,223.78088137031156,1.562575353051111,24.5,1,2026-01-03 18:01:00
3963,1,2.410976274496574,99.44311577531666,220.09861666304045,1.6049349687024677,24.5,1,2026-01-03 18:02:00
3964,1,2.361834918352149,99.12894631498412,221.53767935193778,1.5050721521717,24.5,1,2026-01-03 18:03:00
3965,1,2.4076039564279124,99.3517951139891,218.7835469851105,1.657001406145153,24.5,1,2026-01-03 18:04:00
3966,1,2.189521020159048,98.68359069412217,220.72623125548904,1.511150898823837,24.5,1,2026-01-03 18:05:00
3967,1,2.293851270912596,99.6080906074576,220.6222199822864,1.5820597849603395,24.5,1,2026-01-03 18:06:00
3968,1,2.299722702422019,99.57108293017349,216.2207014158077,1.5480893704987808,24.5,1,2026-01-03 18:07:00
3969,1,2.3930165290127503,98.57433493268267,224.03055022092127,1.5652347295886717,24.5,1,2026-01-03 18:08:00
3970,1,2.461935136764551,98.73770477504708,222.5812889218451,1.6153912622982238,24.5,1,2026-01-03 18:09:00
3971,1,2.221320419406677,98.80324566252082,219.20560936770804,1.5699779025607397,24.5,1,2026-01-03 18:10:00
3972,1,2.381511586932589,99.76128685635307,217.7954605190883,1.6727950184015514,24.5,1,2026-01-03 18:11:00
3973,1,2.183341302645843,98.97014756008058,220.6951232276071,1.4737688476127362,24.5,1,2026-01-03 18:12:00
3974,1,2.3670617469565185,98.88341329283126,220.1733953988288,1.5651970863107203,24.5,1,2026-01-03 18:13:00
3975,1,2.308810410639582,99.31507176856762,220.71133789712647,1.6201021763904888,24.5,1,2026-01-03 18:14:00
3976,1,2.1181120591099347,98.60522819773763,220.38315479238818,1.388641787949684,24.5,1,2026-01-03 18:15:00
3977,1,2.2367523187356166,99.56850040480948,221.01248197861185,1.5143851150269279,24.5,1,2026-01-03 18:16:00
3978,1,2.2078176180099014,99.16144748858412,222.8946113987836,1.5509500622052683,24.5,1,2026-01-03 18:17:00
3979,1,2.2484311085203226,98.90154174806028,221.1362064102573,1.4686709397890798,24.5,1,2026-01-03 18:18:00
3980,1,2.120131870810938,99.0542625750622,217.90068900218012,1.465615658869004,24.5,1,2026-01-03 18:19:00
3981,1,2.148277062990613,99.68268908257612,222.72512570542492,1.4689441679002557,24.5,1,2026-01-03 18:20:00
3982,1,2.3159576368327093,98.88295215802995,223.28122912697657,1.5534094289200073,24.5,1,2026-01-03 18:21:00
3983,1,2.1848873228847525,99.16926870487782,226.30411346902417,1.4175406977233973,24.5,1,2026-01-03 18:22:00
3984,1,2.186093087601702,99.0676473714695,217.7530119335208,1.4316532992241364,24.5,1,2026-01-03 18:23:00
3985,1,2.098202393655935,99.15369956070039,220.48576402630056,1.4231918273886928,24.5,1,2026-01-03 18:24:00
3986,1,2.233691950061008,98.88184081467038,215.83580259362202,1.4283692690785468,24.5,1,2026-01-03 18:25:00
3987,1,2.04179653028491,98.87118241890036,221.1062983127584,1.3771117990389015,24.5,1,2026-01-03 18:26:00
3988,1,2.02043821909513,99.48265402127035,218.90359940366645,1.3831545764647208,24.5,1,2026-01-03 18:27:00
3989,1,2.2790144404546124,98.684374338384,223.8468915896499,1.5787643765212747,24.5,1,2026-01-03 18:28:00
3990,1,2.019455896622047,98.05668038849288,218.45077005996285,1.2852537850920174,24.5,1,2026-01-03 18:29:00
3991,1,2.200143688408286,98.49104853865249,216.62163392406546,1.5420883214214969,24.5,1,2026-01-03 18:30:00
3992,1,2.1474492214118213,98.42483359315881,219.05747251859495,1.5255425492634587,24.5,1,2026-01-03 18:31:00
3993,1,2.0084495382693555,99.27904943528522,216.04902445756574,1.3678890394603984,24.5,1,2026-01-03 18:32:00
3994,1,1.8848919996497329,97.75130416658352,221.50219890901462,1.2124632091556284,24.5,1,2026-01-03 18:33:00
3995,1,2.0103723423582625,98.78034605614793,215.86983390748736,1.3319962150042406,24.5,1,2026-01-03 18:34:00
3996,1,2.0571791759444356,99.36049356315381,220.05691516236632,1.3772782342864553,24.5,1,2026-01-03 18:35:00
3997,1,2.1196422355586977,99.45966229639775,215.8443763602876,1.4349303055099387,24.5,1,2026-01-03 18:36:00
3998,1,2.1930398159257103,99.07039218811659,219.35940439092673,1.4715787057249534,24.5,1,2026-01-03 18:37:00
3999,1,1.9955094873468338,98.97019812997321,223.28675631160905,1.3519558213242837,24.5,1,2026-01-03 18:38:00
4000,1,2.120629533569979,99.22655898039679,220.72129578287158,1.4171053058566043,24.5,1,2026-01-03 18:39:00
4001,1,2.0910985024132067,99.03075855002702,218.27301279007014,1.4149605991282894,24.5,1,2026-01-03 18:40:00
4002,1,2.1361749786035644,99.11138674825904,219.93759302212183,1.4087515540080227,24.5,1,2026-01-03 18:41:00
4003,1,2.077329551737987,100.4759785204949,220.03603374408888,1.3752878376225837,24.5,1,2026-01-03 18:42:00
4004,1,1.8365724776119932,99.14464809939322,220.9452606916868,1.2019208172060751,24.5,1,2026-01-03 18:43:00
4005,1,1.9837847627935,100.51824312617148,217.26628327343835,1.4251018683358068,24.5,1,2026-01-03 18:44:00
4006,1,1.9173728801133962,98.54579323289829,221.18513454769467,1.3578060504650935,24.5,1,2026-01-03 18:45:00
4007,1,1.954283074259177,98.99858700866588,214.59121673679445,1.3369740684845495,24.5,1,2026-01-03 18:46:00
4008,1,2.111453102375243,98.50258894127785,218.7402308952724,1.4806243927907947,24.5,1,2026-01-03 18:47:00
4009,1,2.0469884093873985,98.69772869889694,219.0234523150969,1.4109631608389142,24.5,1,2026-01-03 18:48:00
4010,1,2.1549581888054004,100.51057873313229,221.26665365214248,1.4522757546472829,24.5,1,2026-01-03 18:49:00
4011,1,2.0630501481363375,98.91311498690219,220.04526170535374,1.3062430905728342,24.5,1,2026-01-03 18:50:00
4012,1,1.8743972089648624,100.06885725435612,217.18887389228743,1.2419564966416001,24.5,1,2026-01-03 18:51:00
4013,1,1.7614342138081225,97.94653098204765,218.03001374836597,1.1625567488735578,24.5,1,2026-01-03 18:52:00
4014,1,2.054033919321424,98.61495543568965,220.3973600190948,1.3184175975017254,24.5,1,2026-01-03 18:53:00
4015,1,2.0153844601818487,98.99109950553017,219.84186531627088,1.2747544800684307,24.5,1,2026-01-03 18:54:00
4016,1,1.9329972582420736,99.02712138245006,218.84175178072852,1.3184206452073344,24.5,1,2026-01-03 18:55:00
4017,1,1.8658085133550666,99.49741003041042,219.03833242097605,1.2649145625549552,24.5,1,2026-01-03 18:56:00
4018,1,1.9886591031458294,99.43090183469867,221.3923359943186,1.2724039730107828,24.5,1,2026-01-03 18:57:00
4019,1,2.026044626488516,99.04318491665427,218.96461485426158,1.3183620237869083,24.5,1,2026-01-03 18:58:00
4020,1,2.1261814198060596,99.41031781502768,219.82381751194185,1.480577789907805,24.5,1,2026-01-03 18:59:00
4021,1,2.126303056116804,99.22945068640543,224.3398731761611,1.378570978368855,24.5,1,2026-01-03 19:00:00
4022,1,2.2058620002749127,99.18278062752084,217.15263472623215,1.4840715904881676,24.5,1,2026-01-03 19:01:00
4023,1,1.940375837667005,98.69762003426288,216.29631453685067,1.2883255709683956,24.5,1,2026-01-03 19:02:00
4024,1,2.189794307698961,100.25877687617991,221.56717932959722,1.4898089892726374,24.5,1,2026-01-03 19:03:00
4025,1,2.084109631343213,98.40746335129295,218.64271387741178,1.3508662524809512,24.5,1,2026-01-03 19:04:00
4026,1,2.1637788752019698,100.63406541333792,219.36352494451475,1.4513069970265655,24.5,1,2026-01-03 19:05:00
4027,1,2.048798013427555,99.26217076143826,218.43768724373777,1.3782204344651074,24.5,1,2026-01-03 19:06:00
4028,1,2.2190689722186017,99.33738894723058,219.48039971846498,1.4949846596147134,24.5,1,2026-01-03 19:07:00
4029,1,2.1856622004419406,100.1214736817501,223.19707622419267,1.4649503566023918,24.5,1,2026-01-03 19:08:00
4030,1,2.0797483273121755,100.40654977526138,221.60425691723623,1.4072904357672742,24.5,1,2026-01-03 19:09:00
4031,1,2.158357164350701,100.35293259971945,221.72444702377396,1.5520447241998043,24.5,1,2026-01-03 19:10:00
4032,1,2.1008363848176606,99.97211319043883,217.1675458884147,1.5319388690937357,24.5,1,2026-01-03 19:11:00
4033,1,2.18888183992927,100.50372050010765,217.69769252689426,1.4306028685866627,24.5,1,2026-01-03 19:12:00
4034,1,2.0005267070645703,98.52345691381186,214.32184268102915,1.220663021630455,24.5,1,2026-01-03 19:13:00
4035,1,2.1646458553419,99.50656847141693,218.3812383578345,1.4758552330226293,24.5,1,2026-01-03 19:14:00
4036,1,2.25418461085537,99.39479664069393,221.9134063727713,1.5150584113948813,24.5,1,2026-01-03 19:15:00
4037,1,2.219886722297167,100.64139021873497,221.03389303149675,1.5357393692952002,24.5,1,2026-01-03 19:16:00
4038,1,2.3494806584911703,99.97752482568526,219.55697347409574,1.5833319003421729,24.5,1,2026-01-03 19:17:00
4039,1,2.307851259824405,100.63913963572779,219.9553994325639,1.5440617188449395,24.5,1,2026-01-03 19:18:00
4040,1,2.227592117451066,100.33661405397466,218.6222289148492,1.5438328429096926,24.5,1,2026-01-03 19:19:00
4041,1,2.281272022278841,99.58268194728534,220.40951776480358,1.5865168841104413,24.5,1,2026-01-03 19:20:00
4042,1,2.314055407706444,99.80443600355657,221.53175655896123,1.475482997482377,24.5,1,2026-01-03 19:21:00
4043,1,2.2881700203783617,100.99578487296898,216.76822642517905,1.4865474471115538,24.5,1,2026-01-03 19:22:00
4044,1,2.116100531624642,99.3503661140871,220.5992953756747,1.4070986549345639,24.5,1,2026-01-03 19:23:00
4045,1,2.2978428189535127,100.23794123973437,221.86486974190933,1.5384495970856336,24.5,1,2026-01-03 19:24:00
4046,1,2.164842728547116,99.50002662814822,219.16979942207325,1.4333228693960216,24.5,1,2026-01-03 19:25:00
4047,1,2.4828563770897976,100.37740077727095,221.40140122424117,1.6783805226536337,24.5,1,2026-01-03 19:26:00
4048,1,2.4064497595390315,100.31447745113363,225.6293088889451,1.6553330116644749,24.5,1,2026-01-03 19:27:00
4049,1,2.3458379636015634,99.89072529117229,219.7913144140262,1.6510679644889725,24.5,1,2026-01-03 19:28:00
4050,1,2.4825624721414266,100.04750188410708,220.78661410001064,1.6849228410538404,24.5,1,2026-01-03 19:29:00
4051,1,2.424912498287437,100.74645297300754,218.52388583267722,1.5747437207959551,24.5,1,2026-01-03 19:30:00
4052,1,2.303972195394818,99.80397197825953,220.3625023252041,1.5291735540116478,24.5,1,2026-01-03 19:31:00
4053,1,2.433459347007569,100.0827744025346,220.9205432499646,1.6189687628260068,24.5,1,2026-01-03 19:32:00
4054,1,2.4171875729685413,100.0001720536835,220.38968468054028,1.63745648078886,24.5,1,2026-01-03 19:33:00
4055,1,2.2656597252463486,100.28273898466219,217.96060936058228,1.5299465635830627,24.5,1,2026-01-03 19:34:00
4056,1,2.41487351745497,101.15476180856287,220.4127235426509,1.7123793388351567,24.5,1,2026-01-03 19:35:00
4057,1,2.511605748536126,101.64245022326773,222.92439187743528,1.6511023273269207,24.5,1,2026-01-03 19:36:00
4058,1,2.513046696820894,100.36577098866329,220.89727152902904,1.6942085079218405,24.5,1,2026-01-03 19:37:00
4059,1,2.4027492385684432,101.8675353999425,221.92397437814367,1.719032044588908,24.5,1,2026-01-03 19:38:00
4060,1,2.660374483079869,100.55118705961998,219.52597605997474,1.7435514947088546,24.5,1,2026-01-03 19:39:00
4061,1,2.57451467519087,101.60365152884702,221.49980047884742,1.7226827390727733,24.5,1,2026-01-03 19:40:00
4062,1,2.5958212292444953,100.59907234718757,220.55853567643305,1.682205099246809,24.5,1,2026-01-03 19:41:00
4063,1,2.621346332689477,100.63314670393302,218.09817854062553,1.7503847677818116,24.5,1,2026-01-03 19:42:00
4064,1,2.5496531150393857,100.5224378869305,220.63704200959774,1.6593393550532531,24.5,1,2026-01-03 19:43:00
4065,1,2.662556460004158,101.23837112657331,218.01660667311938,1.8257189923500465,24.5,1,2026-01-03 19:44:00
4066,1,2.60707025370074,101.50511120726748,218.7342394502304,1.7436150185782266,24.5,1,2026-01-03 19:45:00
4067,1,2.5918832745172278,101.50541860351959,220.37865661458474,1.6791924274805778,24.5,1,2026-01-03 19:46:00
4068,1,2.7626451678749784,100.88366829803914,220.59448854676026,1.8815188551224096,24.5,1,2026-01-03 19:47:00
4069,1,2.8362642715456197,101.0927317706493,217.62153506984575,1.8973037627859743,24.5,1,2026-01-03 19:48:00
4070,1,2.8358386044824115,101.0362507074411,222.10797154236576,1.935489205955446,24.5,1,2026-01-03 19:49:00
4071,1,2.8631749729961378,101.61236388258943,221.14401255660096,1.8484726551942066,24.5,1,2026-01-03 19:50:00
4072,1,2.7043316009276137,101.31789664958632,218.59054312877822,1.8183838361571436,24.5,1,2026-01-03 19:51:00
4073,1,2.595585495810349,100.71222877941334,216.92483040710164,1.766057977720569,24.5,1,2026-01-03 19:52:00
4074,1,2.9606569645865375,102.11558084284628,219.71019084183715,1.9489840988832097,24.5,1,2026-01-03 19:53:00
4075,1,3.0291360589852334,103.47834418206517,219.1081125722777,1.9525703135048809,24.5,1,2026-01-03 19:54:00
4076,1,3.0126469065016033,101.76990082872823,220.22628091410604,2.0022681111458422,24.5,1,2026-01-03 19:55:00
4077,1,2.830007941442754,101.4913176301382,219.27376667768885,1.9440541814230425,24.5,1,2026-01-03 19:56:00
4078,1,2.7258511336654885,101.9779937076363,215.98508627850998,1.8694738188392248,24.5,1,2026-01-03 19:57:00
4079,1,2.795683705804449,101.37935178790102,219.2233061233977,1.8380210457972581,24.5,1,2026-01-03 19:58:00
4080,1,2.755479139286034,102.04716163286406,219.38876177786338,1.7683643995469704,24.5,1,2026-01-03 19:59:00
4081,1,2.959790734980818,101.58476044997299,221.2673220495481,1.9466393384789986,24.5,1,2026-01-03 20:00:00
4082,1,3.116480260891637,103.51266654736422,218.6036006507779,2.048762438229918,24.5,1,2026-01-03 20:01:00
4083,1,3.0252431256108485,102.32573813654813,223.35734934674514,2.0336428166745266,24.5,1,2026-01-03 20:02:00
4084,1,2.9920143471985385,101.89063609478107,216.1767188986965,1.9837794724958455,24.5,1,2026-01-03 20:03:00
4085,1,3.2116150856153878,102.17908638744244,222.62233499560526,2.097138896604957,24.5,1,2026-01-03 20:04:00
4086,1,3.007772395690824,101.92308095753431,219.5513620582438,2.0543184662162437,24.5,1,2026-01-03 20:05:00
4087,1,3.3066795757062852,103.59791894842839,221.71916974468712,2.204574442722042,24.5,1,2026-01-03 20:06:00
4088,1,3.299251900077139,102.05928325596929,220.15960296811747,2.214168396510041,24.5,1,2026-01-03 20:07:00
4089,1,3.1343211522366197,102.05003298628414,222.27911107205094,1.9963413548690718,24.5,1,2026-01-03 20:08:00
4090,1,3.0663299172123133,102.07935954059323,219.22527607089438,1.915997072310553,24.5,1,2026-01-03 20:09:00
4091,1,3.194071005279694,102.7166612855664,217.80275914964437,2.0499895387828104,24.5,1,2026-01-03 20:10:00
4092,1,3.181193171788415,102.40912473361328,222.84100857454212,2.0890734078811892,24.5,1,2026-01-03 20:11:00
4093,1,3.075602590696506,101.56980636228882,219.77303870823573,2.071575782393275,24.5,1,2026-01-03 20:12:00
4094,1,3.352174507129013,102.76664045448481,220.44311694724843,2.1091169218232126,24.5,1,2026-01-03 20:13:00
4095,1,3.396462302336638,102.98813552108638,222.4695038280896,2.3350585033893116,24.5,1,2026-01-03 20:14:00
4096,1,3.2405059806125083,102.5129523675308,217.93608951581112,2.1601664561076714,24.5,1,2026-01-03 20:15:00
4097,1,3.164406319240289,103.07215990707648,221.1909817952785,2.168913986589508,24.5,1,2026-01-03 20:16:00
4098,1,3.15335760665008,103.2721771272462,218.8202104870742,2.0490559724503252,24.5,1,2026-01-03 20:17:00
4099,1,3.3211575701798166,102.9944163458186,219.73566128871127,2.229720910395709,24.5,1,2026-01-03 20:18:00
4100,1,3.285274263986011,103.11169844724687,220.14455793076857,2.184750921769703,24.5,1,2026-01-03 20:19:00
4101,1,3.2732103810445405,101.7616053800283,216.99955627710614,2.2131512037817345,24.5,1,2026-01-03 20:20:00
4102,1,3.4509588141613334,103.1310478207365,218.44232591435912,2.278311100331063,24.5,1,2026-01-03 20:21:00
4103,1,3.5079276932158843,103.98143930183257,222.70214578482629,2.351232290652648,24.5,1,2026-01-03 20:22:00
4104,1,3.578110897303729,103.30578982494627,221.77238237716958,2.4290116805390203,24.5,1,2026-01-03 20:23:00
4105,1,3.3266311276417615,102.69575872426542,219.87472084534554,2.1742778540381638,24.5,1,2026-01-03 20:24:00
4106,1,3.4201628263298147,104.68592206687879,220.4862469170258,2.2807695145443128,24.5,1,2026-01-03 20:25:00
4107,1,3.5330930410697152,104.68257116045778,219.41151498872708,2.2489385477198685,24.5,1,2026-01-03 20:26:00
4108,1,3.5728687746182444,103.86053088511217,222.71316677165598,2.4046011930462363,24.5,1,2026-01-03 20:27:00
4109,1,3.65047113644747,104.53088033869489,219.59929484441167,2.518431876162503,24.5,1,2026-01-03 20:28:00
4110,1,3.5699936234060083,102.33992320068683,220.4636841842697,2.3048740135751893,24.5,1,2026-01-03 20:29:00
4111,1,3.7634383464894006,103.53840474362369,222.29206028828412,2.490541378586126,24.5,1,2026-01-03 20:30:00
4112,1,3.584221877064013,103.51688278822192,218.4452570303082,2.420078712151195,24.5,1,2026-01-03 20:31:00
4113,1,3.73198950349794,103.81082921867731,223.11757836899378,2.475336340791517,24.5,1,2026-01-03 20:32:00
4114,1,3.5071823211526247,103.43002024385459,216.93907718051324,2.3327735630505164,24.5,1,2026-01-03 20:33:00
4115,1,3.661134254432273,102.30979970930296,223.2592842622256,2.4067634739388226,24.5,1,2026-01-03 20:34:00
4116,1,3.702447676268794,104.29857932167828,219.25464883209605,2.432039781218315,24.5,1,2026-01-03 20:35:00
4117,1,3.7940613226046658,104.58091751381708,219.51460250434943,2.5095695717384605,24.5,1,2026-01-03 20:36:00
4118,1,3.6650721142286233,105.08599296472492,216.21997965763413,2.4302781549595873,24.5,1,2026-01-03 20:37:00
4119,1,3.647668296226161,103.53577369763542,219.0904105652446,2.3573504366721267,24.5,1,2026-01-03 20:38:00
4120,1,3.790074706040516,103.82464789239758,217.92038693794623,2.50720842496474,24.5,1,2026-01-03 20:39:00
4121,1,3.4611704748623526,102.07026303423545,218.78470730925306,2.3708439259916547,24.5,1,2026-01-03 20:40:00
4122,1,3.5689349711545253,103.70090648849668,219.72537806842223,2.3425992139590406,24.5,1,2026-01-03 20:41:00
4123,1,3.834232884607106,104.88279285836278,221.91558322894582,2.4771349200517325,24.5,1,2026-01-03 20:42:00
4124,1,3.755206000999151,103.88531505193173,220.41520670280124,2.478847255321408,24.5,1,2026-01-03 20:43:00
4125,1,3.832939249605647,105.69991706944064,220.61535330680223,2.5019028166199724,24.5,1,2026-01-03 20:44:00
4126,1,3.7438034953953934,104.194292321319,217.80896122230888,2.4114553524330176,24.5,1,2026-01-03 20:45:00
4127,1,3.8156084409512294,104.57978837040093,218.23849182079454,2.532612674178663,24.5,1,2026-01-03 20:46:00
4128,1,3.7804109090376894,103.43810264924754,223.5974500367026,2.4665917294095014,24.5,1,2026-01-03 20:47:00
4129,1,3.8469271476050015,104.74611016916397,218.5295979304735,2.514640014244482,24.5,1,2026-01-03 20:48:00
4130,1,3.9876232762125934,103.51119160485135,223.3124165041146,2.646395148200297,24.5,1,2026-01-03 20:49:00
4131,1,3.955045313457947,105.19982336182876,219.51387760223827,2.5402455810220514,24.5,1,2026-01-03 20:50:00
4132,1,4.056263067957709,105.41582034802461,220.004575872287,2.596529424573438,24.5,1,2026-01-03 20:51:00
4133,1,3.926747383362246,105.48115988245402,222.14073032045985,2.6312046633214363,24.5,1,2026-01-03 20:52:00
4134,1,3.94852159029727,104.0972243967461,222.54378484387732,2.51526247040686,24.5,1,2026-01-03 20:53:00
4135,1,3.728892095383607,104.48312051302769,219.77837487944183,2.417446661937434,24.5,1,2026-01-03 20:54:00
4136,1,3.8302407104574225,104.9597471698596,219.22351389295693,2.4430669893238,24.5,1,2026-01-03 20:55:00
4137,1,3.8865137028794012,104.99013278912071,219.88815910295557,2.5457102326172767,24.5,1,2026-01-03 20:56:00
4138,1,4.036782512902138,104.48921594365642,220.67591505646425,2.6905206336750735,24.5,1,2026-01-03 20:57:00
4139,1,3.897360590442165,103.27519630769345,221.78260737373952,2.5822912384833256,24.5,1,2026-01-03 20:58:00
4140,1,4.017998279266347,105.23357890552286,220.0084597179883,2.7757599576011436,24.5,1,2026-01-03 20:59:00
4141,1,3.9683171741643086,104.80714720011987,221.2377725960463,2.677407207936916,24.5,1,2026-01-03 21:00:00
4142,1,3.995649876622135,104.55565243420057,223.27671946454188,2.5943063772331914,24.5,1,2026-01-03 21:01:00
4143,1,4.00224814740131,105.47062507640717,220.76261922452957,2.585108037332924,24.5,1,2026-01-03 21:02:00
4144,1,3.942711130740247,104.88795375116585,220.62330571200957,2.7406884815567683,24.5,1,2026-01-03 21:03:00
4145,1,3.880947812326635,104.14573072132981,216.96217834981985,2.6174128771670864,24.5,1,2026-01-03 21:04:00
4146,1,3.7221541453576337,103.55239990485258,214.73853972634188,2.488586044979992,24.5,1,2026-01-03 21:05:00
4147,1,3.98158464033908,104.35368204942773,220.77675145846032,2.6339952003146636,24.5,1,2026-01-03 21:06:00
4148,1,3.9471001405025534,106.44813075297681,219.81035153743827,2.620887339189354,24.5,1,2026-01-03 21:07:00
4149,1,3.934386105535179,105.46569172578464,218.97043465017052,2.524449620245966,24.5,1,2026-01-03 21:08:00
4150,1,4.061898860186258,105.35790266773837,220.48706040837268,2.6903556289954587,24.5,1,2026-01-03 21:09:00
4151,1,4.080396510222941,105.20945875644699,219.8791925416062,2.6980117468211997,24.5,1,2026-01-03 21:10:00
4152,1,4.085802044397178,105.10932566557922,222.2555605012678,2.6525429382699097,24.5,1,2026-01-03 21:11:00
4153,1,4.12926562735459,106.13453826008259,220.17222173651797,2.699248811240422,24.5,1,2026-01-03 21:12:00
4154,1,4.059855498683006,105.07892564637461,218.50615342985967,2.755840794086108,24.5,1,2026-01-03 21:13:00
4155,1,4.039206692825841,105.56755954706617,221.98033247791858,2.659925448350395,24.5,1,2026-01-03 21:14:00
4156,1,3.981584459112203,105.00025020242143,219.56573785010758,2.731444892803022,24.5,1,2026-01-03 21:15:00
4157,1,4.090312304960702,106.54920562238235,221.0530733673446,2.612343891101463,24.5,1,2026-01-03 21:16:00
4158,1,4.081908252473758,105.90254969619922,219.0451785876144,2.66745577826115,24.5,1,2026-01-03 21:17:00
4159,1,4.160439047419602,106.388407150863,218.70034622900513,2.667744595379309,24.5,1,2026-01-03 21:18:00
4160,1,4.169097383721617,105.26737740066903,220.1683364603714,2.6900752079554353,24.5,1,2026-01-03 21:19:00
4161,1,3.992289737453644,105.92386228971466,220.02565728708737,2.5922244885725054,24.5,1,2026-01-03 21:20:00
4162,1,4.05476251147606,105.20601519573563,220.95965407073368,2.6903448403497734,24.5,1,2026-01-03 21:21:00
4163,1,4.10577979962612,105.63007548735312,219.46270849338052,2.721301591101393,24.5,1,2026-01-03 21:22:00
4164,1,4.086668775505408,106.63956740125681,216.32728043245922,2.6611216000983062,24.5,1,2026-01-03 21:23:00
4165,1,4.126334434406979,105.02135636519209,219.13445223282324,2.6095828311013762,24.5,1,2026-01-03 21:24:00
4166,1,4.069537440616059,105.58188917560744,221.58763693428764,2.7571362419620447,24.5,1,2026-01-03 21:25:00
4167,1,3.9081740902353244,105.497404266096,219.40524784151378,2.562310681913496,24.5,1,2026-01-03 21:26:00
4168,1,3.9341781956105186,105.60951239713026,219.5072331949709,2.5376691535838223,24.5,1,2026-01-03 21:27:00
4169,1,4.106210027805056,105.2924475610812,221.97275301181188,2.7203661188485415,24.5,1,2026-01-03 21:28:00
4170,1,4.048009376433108,106.8388943105075,218.57605354548215,2.678211907350911,24.5,1,2026-01-03 21:29:00
4171,1,3.8707200797280414,104.53150145846634,216.9143935635142,2.5347516845385556,24.5,1,2026-01-03 21:30:00
4172,1,4.032400324829057,106.42115609772416,219.67873776094902,2.6645969921034642,24.5,1,2026-01-03 21:31:00
4173,1,4.076066807906529,106.40012091704047,219.03165209750253,2.6279246165410397,24.5,1,2026-01-03 21:32:00
4174,1,3.8753827205973352,106.46226445600078,218.0675073604935,2.591187855253361,24.5,1,2026-01-03 21:33:00
4175,1,4.127091973594299,104.82639676181223,219.6492430882026,2.668908875972802,24.5,1,2026-01-03 21:34:00
4176,1,3.99666156276982,104.96710621771145,220.98301129449356,2.6022884844273833,24.5,1,2026-01-03 21:35:00
4177,1,4.138849988749396,106.71540201896649,219.98142287686437,2.758392755535453,24.5,1,2026-01-03 21:36:00
4178,1,3.9634233295893972,104.33983034010922,220.61396214537248,2.670349091607886,24.5,1,2026-01-03 21:37:00
4179,1,3.960782152015456,104.40680757377066,223.62681539703084,2.6874396703373407,24.5,1,2026-01-03 21:38:00
4180,1,3.9354467918115694,105.1938972521144,219.31424227688487,2.64399853953488,24.5,1,2026-01-03 21:39:00
4181,1,3.98784469683053,105.67641990332301,220.55669726928934,2.6092427120273882,24.5,1,2026-01-03 21:40:00
4182,1,3.922762106552068,106.45888417402338,218.98157327480172,2.5052885016674225,24.5,1,2026-01-03 21:41:00
4183,1,3.920595183679367,105.42713066117733,218.30728056022605,2.6509083784225558,24.5,1,2026-01-03 21:42:00
4184,1,3.977547851731331,105.28284484729687,218.83018469316445,2.686416584425516,24.5,1,2026-01-03 21:43:00
4185,1,3.922332124263646,105.73236383296623,219.0424828569566,2.5476837907153276,24.5,1,2026-01-03 21:44:00
4186,1,3.9544111965731523,105.8463437115667,220.71895159509424,2.6481930272666134,24.5,1,2026-01-03 21:45:00
4187,1,3.8467322064892615,105.4980283706319,224.6981515734015,2.5144152277753307,24.5,1,2026-01-03 21:46:00
4188,1,3.943768742852025,105.54328506428989,218.56791312744832,2.669675358223819,24.5,1,2026-01-03 21:47:00
4189,1,3.896463451431297,104.37674561533952,219.16674938876906,2.53748972092346,24.5,1,2026-01-03 21:48:00
4190,1,4.070911106363695,105.33432867135593,219.8737539737775,2.776655636514222,24.5,1,2026-01-03 21:49:00
4191,1,3.8185256966421584,106.22159989909733,220.7915976974195,2.5507663977994235,24.5,1,2026-01-03 21:50:00
4192,1,3.715086330336425,105.30176027378997,220.52710162390957,2.5330607769088926,24.5,1,2026-01-03 21:51:00
4193,1,3.986702280244015,105.47443165063333,222.56819158789622,2.598356589792687,24.5,1,2026-01-03 21:52:00
4194,1,3.8157618582077215,106.2770252923077,215.14721585892957,2.5291412826562865,24.5,1,2026-01-03 21:53:00
4195,1,3.671545926732025,104.64889300678902,215.22614025960866,2.365361475906785,24.5,1,2026-01-03 21:54:00
4196,1,3.6715486638928176,105.0786743115295,219.0082436559797,2.4557853272973458,24.5,1,2026-01-03 21:55:00
4197,1,4.025960175878049,105.90051285251194,222.19460037508742,2.6912547162844658,24.5,1,2026-01-03 21:56:00
4198,1,3.9046496971849143,105.51829138948058,216.86870393678882,2.6861586386977807,24.5,1,2026-01-03 21:57:00
4199,1,3.456032910628322,105.0525614076794,213.9847353206125,2.2953316234706533,24.5,1,2026-01-03 21:58:00
4200,1,3.7646780595123768,105.2740255355537,221.14235881243843,2.5100218260983547,24.5,1,2026-01-03 21:59:00
4201,1,3.9551463857390914,104.95961322243184,220.48731444740542,2.5751748358276965,24.5,1,2026-01-03 22:00:00
4202,1,3.6790716919919535,105.46756246490237,217.81958318640113,2.444149603577374,24.5,1,2026-01-03 22:01:00
4203,1,3.6670731376605294,104.54568679668739,218.02892079855815,2.3899623431316304,24.5,1,2026-01-03 22:02:00
4204,1,3.6740935719289474,105.47000528968586,218.06051256073064,2.4191204282532706,24.5,1,2026-01-03 22:03:00
4205,1,3.610809475899564,106.01330508484027,220.2210706349479,2.380247867594298,24.5,1,2026-01-03 22:04:00
4206,1,3.512938288962232,104.88870763968846,218.747369447634,2.2893958933087744,24.5,1,2026-01-03 22:05:00
4207,1,3.8138397116616227,104.89064071982064,220.98812783795103,2.507515436873071,24.5,1,2026-01-03 22:06:00
4208,1,3.3976698509520933,104.92246830402611,214.2907466741912,2.2121012589619586,24.5,1,2026-01-03 22:07:00
4209,1,3.6551991289551964,104.90124235379612,218.2862962697444,2.3807298659672385,24.5,1,2026-01-03 22:08:00
4210,1,3.6943081681850485,105.86822201149613,217.7478920781779,2.478983048583083,24.5,1,2026-01-03 22:09:00
4211,1,3.4715043344978476,104.93791252192067,219.487318643255,2.28743176425474,24.5,1,2026-01-03 22:10:00
4212,1,3.4991868827045223,106.14023885469025,218.92390448301973,2.3139552747185737,24.5,1,2026-01-03 22:11:00
4213,1,3.742864328146227,106.22149405458039,221.59568755979154,2.3834225507765185,24.5,1,2026-01-03 22:12:00
4214,1,3.568701194284193,105.27718396503423,216.2813264566799,2.362930422765273,24.5,1,2026-01-03 22:13:00
4215,1,3.4978853787937405,105.54932471993084,220.0909829526615,2.32158030442114,24.5,1,2026-01-03 22:14:00
4216,1,3.6817375095102025,105.22847351975285,221.1166728464234,2.395531100097965,24.5,1,2026-01-03 22:15:00
4217,1,3.7074821464005683,105.4657964115174,223.7132948731239,2.5363463710645964,24.5,1,2026-01-03 22:16:00
4218,1,3.5177664415009517,105.02082909446987,219.03646805781304,2.192949954691153,24.5,1,2026-01-03 22:17:00
4219,1,3.4069187241218915,105.44311300271694,220.64891720870503,2.273697784841127,24.5,1,2026-01-03 22:18:00
4220,1,3.37174191335415,105.91940979973934,216.39227441487526,2.2468272925332937,24.5,1,2026-01-03 22:19:00
4221,1,3.4047260516578914,105.65746503834063,215.21608759137396,2.259673913481684,24.5,1,2026-01-03 22:20:00
4222,1,3.440018863977638,105.61480556244395,221.6895487515634,2.264322538079411,24.5,1,2026-01-03 22:21:00
4223,1,3.50903587570162,105.81902413318905,219.98887941270385,2.328068082444566,24.5,1,2026-01-03 22:22:00
4224,1,3.275247950358413,105.07996248518924,222.35702537959685,2.1904561316473132,24.5,1,2026-01-03 22:23:00
4225,1,3.1848643977101116,104.05020640305013,217.2531942220605,2.051294414692286,24.5,1,2026-01-03 22:24:00
4226,1,3.3914815744603475,106.06658595156172,221.0398042790575,2.2377580164445563,24.5,1,2026-01-03 22:25:00
4227,1,3.3440872459865836,105.97111052103604,223.7376356810877,2.182350691321771,24.5,1,2026-01-03 22:26:00
4228,1,3.2675526751536608,104.69774081180756,220.83941121671452,2.0864577675635387,24.5,1,2026-01-03 22:27:00
4229,1,3.1280178639026945,104.3639302088549,220.5531630111821,2.085366025883366,24.5,1,2026-01-03 22:28:00
4230,1,3.281737852424686,105.2875904904247,220.0171121616487,2.121793315747436,24.5,1,2026-01-03 22:29:00
4231,1,3.207996728808357,105.21225254980665,216.8582370857482,2.0265971783959507,24.5,1,2026-01-03 22:30:00
4232,1,3.346904761509494,104.87774864556539,222.71114587142068,2.165311025672384,24.5,1,2026-01-03 22:31:00
4233,1,3.209217883767348,104.1077296610087,218.77828472038988,2.061924703781689,24.5,1,2026-01-03 22:32:00
4234,1,3.201424007105618,104.97646148317075,221.00896651276602,2.147979352070664,24.5,1,2026-01-03 22:33:00
4235,1,3.252455787840567,105.36129157095793,216.8739313868575,2.1374218734928023,24.5,1,2026-01-03 22:34:00
4236,1,2.994882077966479,104.94338267714578,217.64108067098445,2.030021698815381,24.5,1,2026-01-03 22:35:00
4237,1,3.2360101415299116,105.06249273440402,222.87017479844448,2.0852417655226505,24.5,1,2026-01-03 22:36:00
4238,1,2.941464677397416,104.22391423050651,219.3053954220843,1.9692508023269102,24.5,1,2026-01-03 22:37:00
4239,1,3.054704560297717,105.12464880255683,222.9065509520851,2.141452616482505,24.5,1,2026-01-03 22:38:00
4240,1,2.954680526107072,104.46795446293562,219.84353868188296,1.9516084940702147,24.5,1,2026-01-03 22:39:00
4241,1,3.0858570435226373,104.52343393588974,216.31620445408427,2.0625409885540353,24.5,1,2026-01-03 22:40:00
4242,1,3.0570101644617873,104.49952920888751,221.78413519946344,2.035056294029874,24.5,1,2026-01-03 22:41:00
4243,1,3.0012505127727875,103.54572286261235,218.82021536448877,1.8925934660553803,24.5,1,2026-01-03 22:42:00
4244,1,2.9048994714971106,104.24032848271919,221.39737762703407,1.9297562284269432,24.5,1,2026-01-03 22:43:00
4245,1,2.9486955688184366,104.89918822221038,220.05042173508016,1.944247892380967,24.5,1,2026-01-03 22:44:00
4246,1,2.840477798638115,104.57233216927092,216.91376354411426,1.8449599323578803,24.5,1,2026-01-03 22:45:00
4247,1,2.981243282309104,105.48539686636794,220.32858953074114,1.9056247360413523,24.5,1,2026-01-03 22:46:00
4248,1,2.873823828574013,104.11553360156543,224.3924462843056,1.9140820792356106,24.5,1,2026-01-03 22:47:00
4249,1,3.045956275926392,105.00520634752337,220.98597291702893,1.94313230371252,24.5,1,2026-01-03 22:48:00
4250,1,2.706784735155124,104.56281964464566,219.8849644939891,1.8764733251850456,24.5,1,2026-01-03 22:49:00
4251,1,2.8033312963868413,105.64225899858396,222.1506868039138,1.8384417534610078,24.5,1,2026-01-03 22:50:00
4252,1,3.0134175144004005,104.79584614388311,220.42133693040623,1.9087189702247318,24.5,1,2026-01-03 22:51:00
4253,1,2.779365248428284,103.63586125350672,220.41906846052558,1.7910018306805322,24.5,1,2026-01-03 22:52:00
4254,1,2.638880516898021,104.57120962648268,217.8167496556818,1.7107961431238667,24.5,1,2026-01-03 22:53:00
4255,1,2.8068957581014207,105.46489345286805,220.4676960515792,1.9549485906828943,24.5,1,2026-01-03 22:54:00
4256,1,2.7366592925269044,103.98945300776087,222.07088683283388,1.7440213613354907,24.5,1,2026-01-03 22:55:00
4257,1,2.6350654416568493,104.59217227837492,218.32787569579995,1.7158819787606594,24.5,1,2026-01-03 22:56:00
4258,1,2.6434361622505795,104.7496309145408,222.8489916424939,1.7000979575314203,24.5,1,2026-01-03 22:57:00
4259,1,2.979050082236942,105.37260249268927,219.81658795170975,1.9710183891584336,24.5,1,2026-01-03 22:58:00
4260,1,2.6354432192704818,104.21109789605259,218.22446097692293,1.695328998261488,24.5,1,2026-01-03 22:59:00
4261,1,2.4909722586154928,103.35953971445021,221.99526415384048,1.5699418565640426,24.5,1,2026-01-03 23:00:00
4262,1,2.788582259094667,104.3916704384837,219.42641152852346,1.8113217980142724,24.5,1,2026-01-03 23:01:00
4263,1,2.7065218335243237,104.51733875408875,221.5190297749722,1.7523504482376977,24.5,1,2026-01-03 23:02:00
4264,1,2.5234223286018524,104.49019661771982,219.41648273548293,1.6179817896491744,24.5,1,2026-01-03 23:03:00
4265,1,2.4936598178258795,104.09123025541808,219.8803477129402,1.601058131050036,24.5,1,2026-01-03 23:04:00
4266,1,2.6513747598723443,103.96352047196591,220.98712040866857,1.7900253629815324,24.5,1,2026-01-03 23:05:00
4267,1,2.535187873935087,104.32026574863333,220.58179411518,1.638792454500788,24.5,1,2026-01-03 23:06:00
4268,1,2.2984202619320624,104.1473094438184,216.00893643909652,1.4433790236137811,24.5,1,2026-01-03 23:07:00
4269,1,2.6716578485224183,104.58209574528453,217.75751251981123,1.7204022387340427,24.5,1,2026-01-03 23:08:00
4270,1,2.47785627843371,103.3892083426731,221.85881996958162,1.6195893714850913,24.5,1,2026-01-03 23:09:00
4271,1,2.6321293987286984,104.1492493140514,219.7357268221969,1.6505550155904467,24.5,1,2026-01-03 23:10:00
4272,1,2.5841068073934146,104.76505432279001,218.95253739445715,1.767165809767734,24.5,1,2026-01-03 23:11:00
4273,1,2.3201514175864326,102.89280826403336,217.28285196948505,1.5568904769274978,24.5,1,2026-01-03 23:12:00
4274,1,2.5137175392104663,102.85616086666965,217.8405273574483,1.7111257531868256,24.5,1,2026-01-03 23:13:00
4275,1,2.3087725115288165,104.66307556865686,215.9564027200761,1.5253938849620705,24.5,1,2026-01-03 23:14:00
4276,1,2.2110785392423016,103.80559664347334,219.79743856259694,1.337242141684388,24.5,1,2026-01-03 23:15:00
4277,1,2.330659691664141,104.13528036365803,218.8031248388379,1.596525058654574,24.5,1,2026-01-03 23:16:00
4278,1,2.3900424916743748,103.27418721714305,218.06682421802938,1.515145987145819,24.5,1,2026-01-03 23:17:00
4279,1,2.307607980560654,104.17583299757484,219.8637531496641,1.4653167405390115,24.5,1,2026-01-03 23:18:00
4280,1,2.3175863482870387,103.91525425826316,220.72794126170547,1.518596564270031,24.5,1,2026-01-03 23:19:00
4281,1,2.4886451158394025,103.07583197679833,224.1863958644199,1.6910387862207426,24.5,1,2026-01-03 23:20:00
4282,1,2.2910051562217912,104.66034565493574,216.97623316087356,1.5458183460207844,24.5,1,2026-01-03 23:21:00
4283,1,2.23613700364153,103.69836082822196,222.31876208660105,1.5025622012602275,24.5,1,2026-01-03 23:22:00
4284,1,2.376335174040586,103.66248312374712,221.94620312203014,1.5328664321606473,24.5,1,2026-01-03 23:23:00
4285,1,2.274826677902205,103.56097973603558,218.4418145212466,1.465784634447417,24.5,1,2026-01-03 23:24:00
4286,1,2.0064651197830083,102.02390008271405,220.40647190917207,1.3244802968872036,24.5,1,2026-01-03 23:25:00
4287,1,2.2789933833671414,104.16875748265282,219.08473350132476,1.4780793424562244,24.5,1,2026-01-03 23:26:00
4288,1,2.2761840307302488,103.95292090504957,220.37137716083748,1.5270704422733121,24.5,1,2026-01-03 23:27:00
4289,1,2.253075160116834,103.59600788721158,223.0182620268091,1.5089115967225242,24.5,1,2026-01-03 23:28:00
4290,1,2.3116210990755914,104.64549848873298,221.21121246526263,1.534952628255621,24.5,1,2026-01-03 23:29:00
4291,1,2.139031007962001,102.72756257844001,221.0172167464669,1.2665532155721002,24.5,1,2026-01-03 23:30:00
4292,1,2.211445300198271,103.39454567251693,219.1393813600907,1.4462599899919728,24.5,1,2026-01-03 23:31:00
4293,1,1.9894761465618125,102.85553672127824,217.03188667015132,1.2897653851441835,24.5,1,2026-01-03 23:32:00
4294,1,2.2018054177198945,103.5873793888795,219.5830635789192,1.4416986862341992,24.5,1,2026-01-03 23:33:00
4295,1,2.3781178286857068,104.09932568774317,222.41321630972783,1.5101995148353378,24.5,1,2026-01-03 23:34:00
4296,1,2.0158344534511947,103.72295869477567,216.94566428682072,1.2457351731715136,24.5,1,2026-01-03 23:35:00
4297,1,2.0388427067319634,103.30017187800215,217.8898212636466,1.34997326784458,24.5,1,2026-01-03 23:36:00
4298,1,2.056930769314152,102.98900622159263,220.25253547246814,1.3206385826386466,24.5,1,2026-01-03 23:37:00
4299,1,2.111816899583226,104.69285194821968,218.03069043030547,1.4027655279515328,24.5,1,2026-01-03 23:38:00
4300,1,1.9874104962398382,104.88817625218306,218.41495310576957,1.2594121731929897,24.5,1,2026-01-03 23:39:00
4301,1,2.135833617224534,103.82330458485929,219.15280283654366,1.4601747248449921,24.5,1,2026-01-03 23:40:00
4302,1,2.152522757163564,103.36840533131678,217.2687651916197,1.450148855700277,24.5,1,2026-01-03 23:41:00
4303,1,2.1217977617990718,104.64601467314529,218.05175630756727,1.394814074496059,24.5,1,2026-01-03 23:42:00
4304,1,1.9130497194575506,102.43365301818271,221.4068558335746,1.2334185396183104,24.5,1,2026-01-03 23:43:00
4305,1,2.1482889386558663,103.65583333925319,217.38526043553807,1.4395430557655908,24.5,1,2026-01-03 23:44:00
4306,1,2.1308161266398087,103.43050139613969,216.80425573101033,1.4050497759249299,24.5,1,2026-01-03 23:45:00
4307,1,2.133418866633866,103.1348091265668,218.7399500409322,1.3989051497263645,24.5,1,2026-01-03 23:46:00
4308,1,2.1080850146393217,103.57562230567103,221.4639110050197,1.4225121509157599,24.5,1,2026-01-03 23:47:00
4309,1,2.070103572268554,103.19994757118432,219.60615638400623,1.4168711423435243,24.5,1,2026-01-03 23:48:00
4310,1,2.1424320205824054,103.89460628299375,219.07083784376877,1.3297972148959056,24.5,1,2026-01-03 23:49:00
4311,1,2.2385066735889723,104.0884492516859,220.08871759503123,1.402194303293047,24.5,1,2026-01-03 23:50:00
4312,1,1.911965638653679,103.13172265318951,216.5085851342807,1.2033706265218833,24.5,1,2026-01-03 23:51:00
4313,1,2.15469853960479,103.69692429341568,220.98941130755006,1.3248487941072697,24.5,1,2026-01-03 23:52:00
4314,1,2.031376003454194,103.55712240686383,220.7668700628073,1.316574397760066,24.5,1,2026-01-03 23:53:00
4315,1,2.009915906127243,104.18290903595715,219.18138305180855,1.335645224041327,24.5,1,2026-01-03 23:54:00
4316,1,1.89007935829031,103.33742783256224,222.01184902359284,1.2266000093622613,24.5,1,2026-01-03 23:55:00
4317,1,1.9774550579264067,104.18330683223807,217.7450078020939,1.2575898991611658,24.5,1,2026-01-03 23:56:00
4318,1,1.944274609394028,103.90992832253934,222.25581798650714,1.3189429243246333,24.5,1,2026-01-03 23:57:00
4319,1,1.9804134476523154,104.0212897265329,220.3089873311905,1.2929879664013408,24.5,1,2026-01-03 23:58:00
4320,1,1.9071070380603812,104.39826068651023,219.32689482024367,1.255384737187264,24.5,1,2026-01-03 23:59:00
4321,1,1.9782324638163846,103.03862225969655,219.96025272926337,1.3419988050175466,24.5,1,2026-01-04 00:00:00
4322,1,1.981315070362326,103.45055457171435,219.78547046837812,1.2799976025033004,24.5,1,2026-01-04 00:01:00
4323,1,2.0574453353722233,104.9094645114075,222.44056579283543,1.4384563915237263,24.5,1,2026-01-04 00:02:00
4324,1,1.8445710422147126,103.37204123502801,217.84664174505798,1.174762866411816,24.5,1,2026-01-04 00:03:00
4325,1,1.868428869677613,101.88924834559606,218.4749615217068,1.312413848500023,24.5,1,2026-01-04 00:04:00
4326,1,2.0857942080634198,103.83687012155187,222.07260578414497,1.3047035092723047,24.5,1,2026-01-04 00:05:00
4327,1,1.940783103222543,103.8273819183589,218.80893012963227,1.2850930758650345,24.5,1,2026-01-04 00:06:00
4328,1,2.161087363031493,102.57097507285901,221.80106615466318,1.369889816403935,24.5,1,2026-01-04 00:07:00
4329,1,2.092579717726858,104.79297491402836,223.39887196601742,1.413414296770378,24.5,1,2026-01-04 00:08:00
4330,1,2.095216109069499,103.66269608770222,219.19640994611675,1.335098653976513,24.5,1,2026-01-04 00:09:00
4331,1,2.2017548508408704,104.47164516480493,221.36272465315062,1.442514768427551,24.5,1,2026-01-04 00:10:00
4332,1,1.997268139595439,103.81841846403438,217.69261543732028,1.2626925786361909,24.5,1,2026-01-04 00:11:00
4333,1,2.0100763168905256,103.15240167718193,221.5094665961356,1.350256638185839,24.5,1,2026-01-04 00:12:00
4334,1,2.1517559523300065,103.59748167250147,220.39884797197354,1.3623377352790664,24.5,1,2026-01-04 00:13:00
4335,1,2.125830562473547,103.63220700932622,220.94607656432044,1.4623490757266615,24.5,1,2026-01-04 00:14:00
4336,1,2.0400715169850225,104.73196647699565,218.70885585592922,1.2726485414930355,24.5,1,2026-01-04 00:15:00
4337,1,2.1846858950031516,104.3352362318504,216.67783316886565,1.3487696770023012,24.5,1,2026-01-04 00:16:00
4338,1,2.0720008770641876,103.8180953250092,221.006504129499,1.3904551683761306,24.5,1,2026-01-04 00:17:00
4339,1,2.0551307997940857,103.6484013319713,215.8731936950411,1.302228585317849,24.5,1,2026-01-04 00:18:00
4340,1,2.0946247586774644,104.95424200052388,219.36529901551492,1.3569069062087677,24.5,1,2026-01-04 00:19:00
4341,1,2.0289805302996893,104.95434575976562,221.88236373283993,1.2984892940305484,24.5,1,2026-01-04 00:20:00
4342,1,2.126085226837195,105.02027850813577,220.38379547174608,1.3117485165364222,24.5,1,2026-01-04 00:21:00
4343,1,2.304542555824945,104.9006292554528,223.89668528957964,1.488993083587393,24.5,1,2026-01-04 00:22:00
4344,1,2.1973176236747913,104.6213278801623,222.05021830516355,1.4864877756748878,24.5,1,2026-01-04 00:23:00
4345,1,2.1316727635982757,103.6684221636456,218.69220322334886,1.4307414140978618,24.5,1,2026-01-04 00:24:00
4346,1,2.1350717646642368,104.24597048163459,220.05462675970287,1.3942373041052356,24.5,1,2026-01-04 00:25:00
4347,1,2.193441251175284,104.11641559282306,219.90525859491112,1.4759184442515392,24.5,1,2026-01-04 00:26:00
4348,1,2.2147975542825153,103.55063901832938,216.83564647330775,1.381014404960355,24.5,1,2026-01-04 00:27:00
4349,1,2.224402655372219,105.28818500460258,218.1192021670313,1.4237925119780455,24.5,1,2026-01-04 00:28:00
4350,1,2.1483628792651,104.08503360864906,218.87847818604027,1.4104886937382528,24.5,1,2026-01-04 00:29:00
4351,1,2.195775441411876,105.38888579002156,215.92755899428812,1.414727118722727,24.5,1,2026-01-04 00:30:00
4352,1,2.265565315129648,105.269517325668,220.0949869365033,1.45393257821102,24.5,1,2026-01-04 00:31:00
4353,1,2.121300675917259,104.8158387214796,219.5018563106939,1.3127362080178144,24.5,1,2026-01-04 00:32:00
4354,1,2.223085268303058,105.12402756025922,216.65421219737686,1.3344258640234343,24.5,1,2026-01-04 00:33:00
4355,1,2.0418096437485236,103.96123489705154,220.80842573055466,1.361956029762575,24.5,1,2026-01-04 00:34:00
4356,1,2.3299354025579326,106.0145527366545,221.4317454893819,1.5194920873604665,24.5,1,2026-01-04 00:35:00
4357,1,2.3509948616763516,105.00254031910973,220.4540689577298,1.565903069665841,24.5,1,2026-01-04 00:36:00
4358,1,2.361589989895348,105.21712337304506,219.35186364958207,1.5056423342587064,24.5,1,2026-01-04 00:37:00
4359,1,2.279013422713029,104.46044605179875,221.1828843035037,1.4383063420999904,24.5,1,2026-01-04 00:38:00
4360,1,2.3668048955347847,104.4750339387641,221.3604407209534,1.5308984470676734,24.5,1,2026-01-04 00:39:00
4361,1,2.4864822245266716,105.58667982014008,220.61480713943936,1.6505134640329704,24.5,1,2026-01-04 00:40:00
4362,1,2.4745771558511382,105.4729149674505,218.3507754991305,1.588372839873812,24.5,1,2026-01-04 00:41:00
4363,1,2.3682020515674296,104.62489059607783,220.55320153102235,1.5711044506959573,24.5,1,2026-01-04 00:42:00
4364,1,2.420626203332452,104.31435831328359,222.39096130165095,1.51443491514348,24.5,1,2026-01-04 00:43:00
4365,1,2.494871394049233,104.65551082045168,218.80674188277655,1.6045105484771127,24.5,1,2026-01-04 00:44:00
4366,1,2.303080828054792,105.65904016676176,224.19587867826488,1.4849627601551458,24.5,1,2026-01-04 00:45:00
4367,1,2.383774579351034,104.85568417331025,218.94873813202923,1.601785837695065,24.5,1,2026-01-04 00:46:00
4368,1,2.58013420144155,105.39923252874641,220.06481402668027,1.677574436141188,24.5,1,2026-01-04 00:47:00
4369,1,2.543793658662259,106.44838758202616,218.65502880798732,1.7308505832867702,24.5,1,2026-01-04 00:48:00
4370,1,2.519990612699691,104.83184021797582,220.44654167184052,1.5606204955633856,24.5,1,2026-01-04 00:49:00
4371,1,2.3050204431801213,104.74249037790948,216.51555661472946,1.495473300332379,24.5,1,2026-01-04 00:50:00
4372,1,2.494218001060135,105.05761560995911,218.90791640236657,1.620002363052444,24.5,1,2026-01-04 00:51:00
4373,1,2.4449109078652587,106.43113420553478,217.81575759930286,1.6100314217694953,24.5,1,2026-01-04 00:52:00
4374,1,2.5834219699478793,106.89033319554484,220.27067669578457,1.6276482210953291,24.5,1,2026-01-04 00:53:00
4375,1,2.505098779721496,105.96736978044338,221.98889475101782,1.701797402074941,24.5,1,2026-01-04 00:54:00
4376,1,2.4933171495866153,105.99376587229241,221.2920123742291,1.6104547406215781,24.5,1,2026-01-04 00:55:00
4377,1,2.340214748263309,105.01863063034531,215.2566812782822,1.4564517400284351,24.5,1,2026-01-04 00:56:00
4378,1,2.7936692695584115,107.24385574938651,224.08413930585576,1.802566488079314,24.5,1,2026-01-04 00:57:00
4379,1,2.6041453825096004,105.96337195315677,220.59055988124175,1.6652002195424234,24.5,1,2026-01-04 00:58:00
4380,1,2.6533544439917884,106.47792910700389,218.447001719014,1.8516110272443012,24.5,1,2026-01-04 00:59:00
4381,1,2.6787453247982147,105.92309683027813,220.31425583798188,1.7811606037769763,24.5,1,2026-01-04 01:00:00
4382,1,2.590249286141006,105.66506394981374,220.35237964500539,1.6738705690525613,24.5,1,2026-01-04 01:01:00
4383,1,2.5701552571564705,106.83816377711345,218.66630256609687,1.6526599348081903,24.5,1,2026-01-04 01:02:00
4384,1,2.6354904295829735,106.26795883206601,220.39583333468414,1.747792619356302,24.5,1,2026-01-04 01:03:00
4385,1,2.6638851094932403,106.92465540101873,218.78505542475938,1.7683293597521001,24.5,1,2026-01-04 01:04:00
4386,1,2.7981207372759447,106.47848273430014,219.19127601461994,1.6592193352929587,24.5,1,2026-01-04 01:05:00
4387,1,2.6934947519574393,105.63751110419392,218.62744172848983,1.7692886710100828,24.5,1,2026-01-04 01:06:00
4388,1,2.9484532058583897,106.35887062596414,217.13465742052068,1.9027797675321956,24.5,1,2026-01-04 01:07:00
4389,1,2.938230013719179,106.68086947540755,220.29167294043077,1.8290421068569425,24.5,1,2026-01-04 01:08:00
4390,1,2.9476568585164196,106.25367629696824,221.17059887303267,1.9444984678846735,24.5,1,2026-01-04 01:09:00
4391,1,2.8714501152356253,105.83388711819954,221.02976719215275,1.963478099636099,24.5,1,2026-01-04 01:10:00
4392,1,3.066110425945033,107.60052441462992,221.63985050527046,2.004304600807695,24.5,1,2026-01-04 01:11:00
4393,1,2.8966902937482333,106.26093245317641,220.64868042002973,1.9220885282674696,24.5,1,2026-01-04 01:12:00
4394,1,2.913003593450966,106.76285597565713,218.9345490035662,1.9676000795599287,24.5,1,2026-01-04 01:13:00
4395,1,2.9903473834798495,106.95268817978486,221.67932772886238,1.8855354014217018,24.5,1,2026-01-04 01:14:00
4396,1,3.0041626737980556,106.58337395141018,217.28496492031613,1.8428792415035922,24.5,1,2026-01-04 01:15:00
4397,1,3.030323732120752,107.84870225246118,218.19865723497503,1.9852629660162233,24.5,1,2026-01-04 01:16:00
4398,1,2.937058088608694,106.14050624527361,218.0715998571535,1.8797593599220028,24.5,1,2026-01-04 01:17:00
4399,1,3.006645905835072,107.01118784555969,222.16011211827862,1.8680681126638254,24.5,1,2026-01-04 01:18:00
4400,1,3.1430577415736147,107.29146139546889,221.88557702828015,2.0205375968214123,24.5,1,2026-01-04 01:19:00
4401,1,3.1581340026095135,107.18129116052708,220.97461047408999,2.070330689031138,24.5,1,2026-01-04 01:20:00
4402,1,3.0819782199142702,106.26893692009611,222.1438597304236,1.9772591586734987,24.5,1,2026-01-04 01:21:00
4403,1,2.928021164847788,107.38572143735435,218.24143443517602,1.8460337775856668,24.5,1,2026-01-04 01:22:00
4404,1,3.1212840211757267,107.64016524491991,220.69719023972195,1.9984422614410122,24.5,1,2026-01-04 01:23:00
4405,1,3.2119730792291366,107.00966343999562,219.74965114323368,2.0668265377065866,24.5,1,2026-01-04 01:24:00
4406,1,3.381152771545234,108.13056030976838,221.69376420776982,2.0800228963778027,24.5,1,2026-01-04 01:25:00
4407,1,3.0681876723704753,107.38491486400287,219.7695515348956,1.9677006009150282,24.5,1,2026-01-04 01:26:00
4408,1,3.1583413381169345,106.60033371482663,219.23011422317984,1.9654464657911708,24.5,1,2026-01-04 01:27:00
4409,1,3.2087883896953366,106.91809099803282,221.081817037122,2.097875287969362,24.5,1,2026-01-04 01:28:00
4410,1,3.416514282246089,108.51661747392609,221.75233833438247,2.1203280693484112,24.5,1,2026-01-04 01:29:00
4411,1,3.248641317422079,107.795136440809,218.66330961030638,2.140786740128472,24.5,1,2026-01-04 01:30:00
4412,1,3.1980715136728866,107.15022885737174,219.87784865729526,2.036951882234209,24.5,1,2026-01-04 01:31:00
4413,1,3.3353355494906487,107.32052826189266,217.8831187327167,2.1183526379796325,24.5,1,2026-01-04 01:32:00
4414,1,3.21496483011226,107.38709201776938,215.0038779650141,2.082587201043329,24.5,1,2026-01-04 01:33:00
4415,1,3.23189558202269,107.31883919404652,220.40091926282747,2.0352447387273025,24.5,1,2026-01-04 01:34:00
4416,1,3.2969030087502387,107.19717209813518,221.21781071250928,2.1340803012460206,24.5,1,2026-01-04 01:35:00
4417,1,3.5721215205110965,107.23769140209136,220.52413361817344,2.2602929420018683,24.5,1,2026-01-04 01:36:00
4418,1,3.3848585361675023,108.74914982696366,216.10087656449127,2.1484326474635616,24.5,1,2026-01-04 01:37:00
4419,1,3.4257486000165205,108.64429744738004,219.29830113984704,2.222606796063045,24.5,1,2026-01-04 01:38:00
4420,1,3.350162053453827,107.2781903005838,215.56330447989785,2.0966017441984754,24.5,1,2026-01-04 01:39:00
4421,1,3.5358919139193734,108.28377311253394,222.73940221530836,2.20947637359372,24.5,1,2026-01-04 01:40:00
4422,1,3.4748147725424277,107.70935767090582,217.82789083576384,2.245623871271632,24.5,1,2026-01-04 01:41:00
4423,1,3.5690319515652944,108.14689182196913,222.51080721891978,2.2921902402529284,24.5,1,2026-01-04 01:42:00
4424,1,3.559058373980009,108.11188630017341,221.8917392873683,2.2953319375703067,24.5,1,2026-01-04 01:43:00
4425,1,3.5930650129607185,108.26283490983576,218.1988192949279,2.3248995973243636,24.5,1,2026-01-04 01:44:00
4426,1,3.518044497600212,109.60176913564943,217.7344300974645,2.2629602677356724,24.5,1,2026-01-04 01:45:00
4427,1,3.4817027596509913,107.98479294408394,220.70074043277268,2.266925495555648,24.5,1,2026-01-04 01:46:00
4428,1,3.4976734510853187,107.88590753838854,218.31135192563386,2.2514270108045187,24.5,1,2026-01-04 01:47:00
4429,1,3.4064689121746228,107.68833677916787,220.2049692843164,2.087390551641209,24.5,1,2026-01-04 01:48:00
4430,1,3.8085405236512577,109.62120927577418,219.03434481838616,2.358341650349042,24.5,1,2026-01-04 01:49:00
4431,1,3.663637609693256,107.81829768478272,216.43768317106873,2.4488455723540463,24.5,1,2026-01-04 01:50:00
4432,1,3.4964272470204656,108.06037401576452,215.53906396175108,2.2448602308345174,24.5,1,2026-01-04 01:51:00
4433,1,3.6476954542880935,109.54215272958965,220.45336849698919,2.389255227578645,24.5,1,2026-01-04 01:52:00
4434,1,3.6014534352687817,108.79541038958389,218.87688450733876,2.2945403597867546,24.5,1,2026-01-04 01:53:00
4435,1,3.8365127537448767,109.24551005264391,218.89382036617172,2.459566550598352,24.5,1,2026-01-04 01:54:00
4436,1,3.5938389826045483,109.86208856482838,221.39172767818758,2.2838081525796556,24.5,1,2026-01-04 01:55:00
4437,1,3.7813079877253837,109.08187212681963,222.34688455326489,2.549845111597028,24.5,1,2026-01-04 01:56:00
4438,1,3.724172686021181,108.50839445067317,219.45491055727638,2.402306906302687,24.5,1,2026-01-04 01:57:00
4439,1,3.830496090274211,108.99441679471319,219.31880258618028,2.4308793665530373,24.5,1,2026-01-04 01:58:00
4440,1,3.779319972077552,108.33894635935178,221.00028606622777,2.341968533087864,24.5,1,2026-01-04 01:59:00
4441,1,3.5640227248546092,109.48505794298833,217.28612886060085,2.3848840091737857,24.5,1,2026-01-04 02:00:00
4442,1,3.782139157915176,109.41918762667564,220.4463061094954,2.4177049682796254,24.5,1,2026-01-04 02:01:00
4443,1,3.733271176322163,109.64582302871158,221.10377194364432,2.431496917178938,24.5,1,2026-01-04 02:02:00
4444,1,3.857590176942914,109.9496318456758,221.36046041683525,2.516568328877327,24.5,1,2026-01-04 02:03:00
4445,1,3.9133261532531414,109.28392876547994,216.12649459499508,2.486117976990771,24.5,1,2026-01-04 02:04:00
4446,1,3.6490356616929867,108.36994308738879,218.4772894603821,2.373182762555442,24.5,1,2026-01-04 02:05:00
4447,1,3.75117283425132,109.13202360380704,218.24347349435305,2.374597430822988,24.5,1,2026-01-04 02:06:00
4448,1,3.821399036275042,108.72666373804056,220.19977390881843,2.4000587165398968,24.5,1,2026-01-04 02:07:00
4449,1,3.863236935059074,109.42060750952102,220.96148915953597,2.5343744273949866,24.5,1,2026-01-04 02:08:00
4450,1,4.02481999860828,110.26167233529914,222.99342081489198,2.571550825910058,24.5,1,2026-01-04 02:09:00
4451,1,3.871329040050454,109.33454614048313,219.01006903926384,2.506767271053356,24.5,1,2026-01-04 02:10:00
4452,1,3.9407143264643345,109.6783581157715,219.00485500338158,2.5455989370863574,24.5,1,2026-01-04 02:11:00
4453,1,3.9033867663249553,109.35810418625597,222.2993440377575,2.532781369631732,24.5,1,2026-01-04 02:12:00
4454,1,3.9697259297766014,110.10084942233078,220.59315387706062,2.465306843726141,24.5,1,2026-01-04 02:13:00
4455,1,4.069947636484366,109.36106867694086,222.53530302237596,2.577813681196549,24.5,1,2026-01-04 02:14:00
4456,1,3.8896599601946718,108.17408305047252,220.57745600601967,2.4751187873864686,24.5,1,2026-01-04 02:15:00
4457,1,3.998503320496416,110.10871044695136,217.68576676257345,2.5192271202561307,24.5,1,2026-01-04 02:16:00
4458,1,3.9270433729017964,110.3038675612498,217.33374329044437,2.536234103889278,24.5,1,2026-01-04 02:17:00
4459,1,4.025735464726884,110.20764554469274,216.89697550188214,2.6370706626616727,24.5,1,2026-01-04 02:18:00
4460,1,3.9882372829100214,109.33559900069612,221.32410366951694,2.620719353662761,24.5,1,2026-01-04 02:19:00
4461,1,4.073743126335209,109.18380529485304,222.37719364617402,2.5909840027669873,24.5,1,2026-01-04 02:20:00
4462,1,4.061122257963901,110.10492783993608,223.69872428277276,2.6142028855720376,24.5,1,2026-01-04 02:21:00
4463,1,4.025047779332696,109.90902191615173,221.68621066464647,2.598537142804016,24.5,1,2026-01-04 02:22:00
4464,1,4.078736989770295,109.8459486101573,222.32567715506997,2.6414208111888904,24.5,1,2026-01-04 02:23:00
4465,1,4.048042410184415,111.09596887547755,218.83996733469263,2.5465479168315457,24.5,1,2026-01-04 02:24:00
4466,1,3.85270312529495,109.10185358572288,217.68716836651228,2.556234122041948,24.5,1,2026-01-04 02:25:00
4467,1,4.201922829106723,111.29553489511785,221.7001586648351,2.734715298286502,24.5,1,2026-01-04 02:26:00
4468,1,3.85512859465243,109.61408154321737,220.8353615044788,2.513896243672752,24.5,1,2026-01-04 02:27:00
4469,1,3.967042463471155,108.75101219669733,220.21488874868177,2.5977783145390725,24.5,1,2026-01-04 02:28:00
4470,1,4.0404452689620625,109.88452689388119,220.77474296126599,2.6110073727322156,24.5,1,2026-01-04 02:29:00
4471,1,4.092457911341559,110.68986620168525,220.6463709649164,2.5659408559169607,24.5,1,2026-01-04 02:30:00
4472,1,4.249806294454513,110.14790125653397,222.56763371970712,2.710717310205072,24.5,1,2026-01-04 02:31:00
4473,1,3.9007274719746623,108.81438210362161,222.5899711696339,2.4116349353803592,24.5,1,2026-01-04 02:32:00
4474,1,4.013505633575065,109.88907140012967,221.0884407046807,2.5867967758358867,24.5,1,2026-01-04 02:33:00
4475,1,3.860671018716768,109.16726254087871,221.69160574512586,2.4596205190115086,24.5,1,2026-01-04 02:34:00
4476,1,4.069495942370175,110.42516066965699,221.02812510484955,2.599294235119126,24.5,1,2026-01-04 02:35:00
4477,1,4.058288711663803,110.65813973980724,219.07766053593076,2.654097074863384,24.5,1,2026-01-04 02:36:00
4478,1,4.237926541260567,109.8393756575064,221.51312934982627,2.685593827057655,24.5,1,2026-01-04 02:37:00
4479,1,4.008433508450193,109.7700389284492,217.2110098622815,2.548913038853102,24.5,1,2026-01-04 02:38:00
4480,1,4.192434401572197,110.84580083880593,222.10778310459176,2.6799325114501236,24.5,1,2026-01-04 02:39:00
4481,1,4.060395686525099,109.79728793020135,217.61095412046794,2.5022062106731924,24.5,1,2026-01-04 02:40:00
4482,1,4.010726428703417,109.47150100277304,220.57160657358946,2.5489124845028774,24.5,1,2026-01-04 02:41:00
4483,1,3.8699173658291275,109.23006002639411,218.3096920831477,2.347724134010876,24.5,1,2026-01-04 02:42:00
4484,1,4.088448728637755,110.4957162132015,221.10677796614885,2.5820694438773155,24.5,1,2026-01-04 02:43:00
4485,1,3.8852376759401377,110.12619877441294,219.9321495481442,2.5240632823424263,24.5,1,2026-01-04 02:44:00
4486,1,4.105006197567331,110.0965786793708,216.81048808367333,2.643759989458392,24.5,1,2026-01-04 02:45:00
4487,1,4.0297566967810825,110.22665487761927,220.84139926203696,2.5433450986430666,24.5,1,2026-01-04 02:46:00
4488,1,4.126050030537382,111.41859577021951,218.84415844633457,2.6363479407945483,24.5,1,2026-01-04 02:47:00
4489,1,4.005815341777626,109.58928338728828,221.76229344162672,2.5035380582925195,24.5,1,2026-01-04 02:48:00
4490,1,4.045131233847274,109.15818859203033,220.00265137746882,2.5820111610974488,24.5,1,2026-01-04 02:49:00
4491,1,4.048464210943337,110.59530458921876,220.79084197077609,2.7305134718947763,24.5,1,2026-01-04 02:50:00
4492,1,3.967885743230722,110.20929329248888,218.0848620899696,2.624603775380168,24.5,1,2026-01-04 02:51:00
4493,1,3.936423365202336,109.77538141024384,218.82133553714527,2.5146142437450933,24.5,1,2026-01-04 02:52:00
4494,1,4.018042101349435,110.7602901157922,219.08272272779783,2.5718180060390234,24.5,1,2026-01-04 02:53:00
4495,1,3.9251075551478363,110.61071741342849,221.71340496048512,2.4552829156057743,24.5,1,2026-01-04 02:54:00
4496,1,3.91792607541048,108.7266723703495,223.354754175611,2.459339908562555,24.5,1,2026-01-04 02:55:00
4497,1,4.069832693843483,110.1508967642955,218.38965649651425,2.614187337680586,24.5,1,2026-01-04 02:56:00
4498,1,4.079425205512675,111.8294558195509,222.15369628931535,2.575692189158279,24.5,1,2026-01-04 02:57:00
4499,1,3.886599244400653,110.65562072559905,215.66064516454858,2.523908262630215,24.5,1,2026-01-04 02:58:00
4500,1,4.0734170389193585,111.0292481497486,217.61162119781542,2.6760694068844666,24.5,1,2026-01-04 02:59:00
4501,1,3.879514925647005,110.93817679063504,218.08244308762644,2.490318970468433,24.5,1,2026-01-04 03:00:00
4502,1,4.015347408781392,110.55949592976702,217.29498262111855,2.5651293896189804,24.5,1,2026-01-04 03:01:00
4503,1,3.8829198396621143,110.7938521051374,216.83282322042484,2.391324896727561,24.5,1,2026-01-04 03:02:00
4504,1,3.8224991496898637,110.50192640245805,220.8259978242756,2.4739824894049534,24.5,1,2026-01-04 03:03:00
4505,1,4.080658626404731,110.96369240400034,219.5718646045443,2.543718683277673,24.5,1,2026-01-04 03:04:00
4506,1,4.004961384810551,110.26953035499386,220.75881079521022,2.5314991497754225,24.5,1,2026-01-04 03:05:00
4507,1,3.8919650998885187,110.33688660008269,221.38094537224302,2.5281167781333793,24.5,1,2026-01-04 03:06:00
4508,1,3.951705828657563,110.04286573106958,220.53123398634506,2.569443605464173,24.5,1,2026-01-04 03:07:00
4509,1,3.8388899522784805,110.16933112114111,221.31552635230074,2.4225014838217205,24.5,1,2026-01-04 03:08:00
4510,1,3.926352983993302,109.69840437274847,219.86093542751547,2.480855234810997,24.5,1,2026-01-04 03:09:00
4511,1,3.551880599205536,109.27172542264579,217.6260132233885,2.2275494705407377,24.5,1,2026-01-04 03:10:00
4512,1,3.752500403716414,109.84098476282114,222.1156283616416,2.3301766862821425,24.5,1,2026-01-04 03:11:00
4513,1,3.8851886798929964,109.8333579567186,218.82177573443775,2.44259491869164,24.5,1,2026-01-04 03:12:00
4514,1,3.7364258694121233,109.83957533724204,218.12880740247516,2.298698646720705,24.5,1,2026-01-04 03:13:00
4515,1,3.7950320302278637,110.12385823411475,219.6441642483912,2.450587011209337,24.5,1,2026-01-04 03:14:00
4516,1,3.599895041864571,110.14030592688789,218.17437816140696,2.3116800912302704,24.5,1,2026-01-04 03:15:00
4517,1,3.9242120209100317,111.09445642106938,219.16513923602113,2.5262142219096253,24.5,1,2026-01-04 03:16:00
4518,1,3.870262590806635,110.1016208224532,220.68810784312694,2.4158765032230227,24.5,1,2026-01-04 03:17:00
4519,1,3.7144060686280125,110.88861342322556,220.69668347849225,2.304397044482523,24.5,1,2026-01-04 03:18:00
4520,1,3.637105782736468,110.59527429536868,218.20433986714875,2.3173946046071365,24.5,1,2026-01-04 03:19:00
4521,1,3.7800862299944495,110.60625191302215,219.02458925410252,2.408678762624864,24.5,1,2026-01-04 03:20:00
4522,1,3.915694248544341,110.57086709859756,222.14866600954048,2.4841557066762694,24.5,1,2026-01-04 03:21:00
4523,1,3.7748876961463633,110.44821002016631,220.99280023546788,2.3872109771622436,24.5,1,2026-01-04 03:22:00
4524,1,3.9380719310911685,111.19588424295321,224.1501300786971,2.590795593122808,24.5,1,2026-01-04 03:23:00
4525,1,3.5736832718474556,110.58179640315777,222.36025634748304,2.294520032512047,24.5,1,2026-01-04 03:24:00
4526,1,3.5663706493532357,110.65156656616436,222.28858613711986,2.3668742992947513,24.5,1,2026-01-04 03:25:00
4527,1,3.4316555794880483,109.78338501770352,217.2242628990884,2.245886732333018,24.5,1,2026-01-04 03:26:00
4528,1,3.6487237982066643,110.39916828196571,221.52772070326685,2.405419401770657,24.5,1,2026-01-04 03:27:00
4529,1,3.577708880640056,110.8001140577825,219.89378639660617,2.2211462023151167,24.5,1,2026-01-04 03:28:00
4530,1,3.5112132315597595,109.53485965668973,218.8980363929235,2.262023697234757,24.5,1,2026-01-04 03:29:00
4531,1,3.614072775137003,109.89049339580517,220.33603068106507,2.2759433249504624,24.5,1,2026-01-04 03:30:00
4532,1,3.664799567318242,110.15560391755606,221.89042306922298,2.246377239176871,24.5,1,2026-01-04 03:31:00
4533,1,3.3516712180929127,110.1135935819095,221.00166318200843,2.205092228750437,24.5,1,2026-01-04 03:32:00
4534,1,3.38504270652765,110.28776675336204,218.2430523973159,2.136602922271994,24.5,1,2026-01-04 03:33:00
4535,1,3.5612370730449214,109.86231395650861,221.48491782718523,2.2102825078610793,24.5,1,2026-01-04 03:34:00
4536,1,3.368874888404186,108.8165054204371,218.72482491584807,2.1198561035487753,24.5,1,2026-01-04 03:35:00
4537,1,3.3429725882335397,109.78138702958063,220.43336623792857,2.0841023578980624,24.5,1,2026-01-04 03:36:00
4538,1,3.491774493645552,109.42383341273855,219.39329986504572,2.1835461604292274,24.5,1,2026-01-04 03:37:00
4539,1,3.242423516521334,108.59676516751165,219.56226749652876,2.048538902328843,24.5,1,2026-01-04 03:38:00
4540,1,3.352953286343139,108.90722785916374,221.53248595008102,2.216156448110077,24.5,1,2026-01-04 03:39:00
4541,1,3.3423925882558843,109.964407681794,217.9196125603682,2.0893799597032476,24.5,1,2026-01-04 03:40:00
4542,1,3.3213257127761677,110.38145108839603,223.89039014855388,2.1920692237658934,24.5,1,2026-01-04 03:41:00
4543,1,3.3254853229779413,109.83607704872132,216.357827861411,2.153977798659718,24.5,1,2026-01-04 03:42:00
4544,1,3.2075389385813526,109.64546832201525,218.8046646334903,2.056255150165662,24.5,1,2026-01-04 03:43:00
4545,1,3.416968138266001,110.59998734314236,220.74042377988349,2.206595616872403,24.5,1,2026-01-04 03:44:00
4546,1,3.247620374791552,108.63263602842419,221.1686283328706,2.062159411318063,24.5,1,2026-01-04 03:45:00
4547,1,3.2882607042171856,110.00658608808783,219.79904855885658,2.1513674861172056,24.5,1,2026-01-04 03:46:00
4548,1,3.277195033439059,109.67809701665816,219.8852185939969,2.108182599191448,24.5,1,2026-01-04 03:47:00
4549,1,3.131552128513822,109.72546012624215,220.82110017065523,1.9039709863239462,24.5,1,2026-01-04 03:48:00
4550,1,2.949341206521153,108.7859170219809,219.53786104508464,1.8862032615676754,24.5,1,2026-01-04 03:49:00
4551,1,3.220040507584269,109.0433638001792,222.78636251586983,2.0821468138974515,24.5,1,2026-01-04 03:50:00
4552,1,3.15431540549249,109.53592359506352,221.6786982284632,1.9865988234584238,24.5,1,2026-01-04 03:51:00
4553,1,3.1842492697477827,110.51295728020993,221.74564870201127,2.0261492645741965,24.5,1,2026-01-04 03:52:00
4554,1,3.032925034042254,109.858581637421,218.06768655325916,1.8930130416980946,24.5,1,2026-01-04 03:53:00
4555,1,3.0167600783569997,108.9716667205865,219.8412231511886,1.8443305808749282,24.5,1,2026-01-04 03:54:00
4556,1,3.236653464200384,108.93448520987349,219.3990681025586,1.9749428823045587,24.5,1,2026-01-04 03:55:00
4557,1,2.8467547540311773,108.00866360418959,217.98879724862107,1.7281810239634179,24.5,1,2026-01-04 03:56:00
4558,1,3.0861352143136904,110.22383656065507,220.72032836789154,1.9900743377036232,24.5,1,2026-01-04 03:57:00
4559,1,2.9091290137123047,108.57445610089623,218.92470848444037,1.719700943500839,24.5,1,2026-01-04 03:58:00
4560,1,2.9448302271818863,108.97504415383932,221.3108076597005,1.8333368062930404,24.5,1,2026-01-04 03:59:00
4561,1,2.8808068187439173,109.94195510894949,217.85961687421133,1.7876125594654775,24.5,1,2026-01-04 04:00:00
4562,1,2.884140933729282,108.05883728423157,223.43808122568365,1.8137176634371186,24.5,1,2026-01-04 04:01:00
4563,1,2.934683198624499,110.17277542358762,218.20733468281588,1.7668492699266456,24.5,1,2026-01-04 04:02:00
4564,1,3.027711588276558,109.26452991390389,220.43860467440086,1.9386242888271332,24.5,1,2026-01-04 04:03:00
4565,1,2.929488768837242,108.51897436307732,221.58371862077612,1.7923498959191542,24.5,1,2026-01-04 04:04:00
4566,1,2.836756283623423,108.96206196258647,218.85871913959977,1.8536968990891964,24.5,1,2026-01-04 04:05:00
4567,1,2.7425286887096934,108.434778527051,221.7049372868659,1.706121708408481,24.5,1,2026-01-04 04:06:00
4568,1,2.821944091322797,109.40947994876181,217.54163280439917,1.7825549884811023,24.5,1,2026-01-04 04:07:00
4569,1,3.039717462101613,109.06019714742371,222.90423539836513,1.9252630055395914,24.5,1,2026-01-04 04:08:00
4570,1,2.724174824647468,107.77106696588869,220.0282985299315,1.7372784925226648,24.5,1,2026-01-04 04:09:00
4571,1,2.690205648195059,108.76325783277441,218.80717718406225,1.7052360460377118,24.5,1,2026-01-04 04:10:00
4572,1,2.6595725016014917,108.02147973926273,219.40163645514514,1.6624651030665318,24.5,1,2026-01-04 04:11:00
4573,1,2.674415109039777,108.94941314979532,221.61783853878543,1.7102008511973323,24.5,1,2026-01-04 04:12:00
4574,1,2.3947489640153403,107.64070753530345,218.83108941629914,1.5391604957629381,24.5,1,2026-01-04 04:13:00
4575,1,2.6889957586005937,108.66786379228505,218.50128462115444,1.663681603994399,24.5,1,2026-01-04 04:14:00
4576,1,2.556953191204707,108.79801752038762,219.55692680483253,1.6395215781775034,24.5,1,2026-01-04 04:15:00
4577,1,2.4397261291492773,108.38626525012236,217.64607577446006,1.6034460412687437,24.5,1,2026-01-04 04:16:00
4578,1,2.7313134863071187,109.11522877645353,223.64108781588362,1.7634985456892993,24.5,1,2026-01-04 04:17:00
4579,1,2.4700589770880033,108.9849771226784,218.86721081757057,1.6093608512878004,24.5,1,2026-01-04 04:18:00
4580,1,2.5591712763872883,108.00994081814783,221.6632335723608,1.627555262333991,24.5,1,2026-01-04 04:19:00
4581,1,2.709879837842264,109.0066762850266,220.41894016729555,1.6673201299485991,24.5,1,2026-01-04 04:20:00
4582,1,2.374543005547183,106.45245155228231,218.03093189903606,1.4613787687108106,24.5,1,2026-01-04 04:21:00
4583,1,2.3658475634806746,108.55424117180776,219.98809058157454,1.51220603151091,24.5,1,2026-01-04 04:22:00
4584,1,2.549047691695379,108.56650448682764,221.5680055586215,1.6590482248169591,24.5,1,2026-01-04 04:23:00
4585,1,2.598520830012074,108.31415096456205,219.62347732982738,1.7823260449564373,24.5,1,2026-01-04 04:24:00
4586,1,2.335497038900221,108.53051253856955,222.38622589170205,1.5256653831225335,24.5,1,2026-01-04 04:25:00
4587,1,2.5175215557881665,109.42317920669579,222.04303078556373,1.5329749339767411,24.5,1,2026-01-04 04:26:00
4588,1,2.5163155591311,108.45114623228487,221.83782970931665,1.5522116351851531,24.5,1,2026-01-04 04:27:00
4589,1,2.202853161556382,107.6248442032215,219.080686455454,1.5062207920015285,24.5,1,2026-01-04 04:28:00
4590,1,2.460952416266942,108.8457749981862,217.84031510443702,1.544549421323199,24.5,1,2026-01-04 04:29:00
4591,1,2.4637454591596657,107.94501048769042,218.7728247892744,1.5592540469329654,24.5,1,2026-01-04 04:30:00
4592,1,2.3460478736393204,108.09697267492851,220.39248188133345,1.4343343276668796,24.5,1,2026-01-04 04:31:00
4593,1,2.497324605780447,109.52449824063838,221.0915734270647,1.656037072195875,24.5,1,2026-01-04 04:32:00
4594,1,2.409840354747536,108.7907511303012,215.65685719047912,1.5473747423674435,24.5,1,2026-01-04 04:33:00
4595,1,2.339008995686719,107.40520821144295,219.9837735967765,1.4387342709889697,24.5,1,2026-01-04 04:34:00
4596,1,2.271986002342035,107.33045214079478,220.31617845064636,1.3852936547727082,24.5,1,2026-01-04 04:35:00
4597,1,2.196360174339809,108.3888638533623,219.4449114873689,1.4024411764383287,24.5,1,2026-01-04 04:36:00
4598,1,2.3096108575772423,108.98392297844107,222.58254767803174,1.4606673421037657,24.5,1,2026-01-04 04:37:00
4599,1,2.3397598444253696,107.6057959417214,220.84356014850175,1.5189530750284737,24.5,1,2026-01-04 04:38:00
4600,1,2.2537377177196505,108.65642793652457,222.6203838161618,1.450238468005102,24.5,1,2026-01-04 04:39:00
4601,1,2.0208180048998474,108.79977376420982,219.56807895929953,1.2624853396007776,24.5,1,2026-01-04 04:40:00
4602,1,2.3831927294351427,109.8177817010627,221.87495498501386,1.4771300748730334,24.5,1,2026-01-04 04:41:00
4603,1,2.275031507817843,108.65899094773376,223.27013278905503,1.4279058671685343,24.5,1,2026-01-04 04:42:00
4604,1,2.1980688731774802,108.64190151642578,222.62338689854533,1.3596546699585204,24.5,1,2026-01-04 04:43:00
4605,1,2.263090230457096,107.29745057202483,217.81571681314253,1.42157072769042,24.5,1,2026-01-04 04:44:00
4606,1,2.336722725242343,109.96355509702427,219.49264784491524,1.4752195039016964,24.5,1,2026-01-04 04:45:00
4607,1,1.887465365293918,107.486616172499,219.30967058910042,1.1459147707236554,24.5,1,2026-01-04 04:46:00
4608,1,2.220211893309309,107.91325847482626,220.97850907015265,1.4321366857984017,24.5,1,2026-01-04 04:47:00
4609,1,2.0244304173426024,107.94291812442452,221.37270711002907,1.2584464452082211,24.5,1,2026-01-04 04:48:00
4610,1,2.1801823335579007,109.3837764326346,218.3222146519485,1.3329811090174661,24.5,1,2026-01-04 04:49:00
4611,1,2.151227556886998,109.72364518372433,220.13567702783388,1.3390970470291668,24.5,1,2026-01-04 04:50:00
4612,1,2.151924254080527,108.57261514312083,215.96014533568774,1.3690939953308274,24.5,1,2026-01-04 04:51:00
4613,1,2.0956873221194483,108.86693601245233,222.88389001160377,1.3255384269415713,24.5,1,2026-01-04 04:52:00
4614,1,1.9121928634841647,108.01764464210513,218.97525151864662,1.2266737301996495,24.5,1,2026-01-04 04:53:00
4615,1,2.0581691122164494,107.65278594418847,220.111727879689,1.3423880752919386,24.5,1,2026-01-04 04:54:00
4616,1,2.1302227576664614,109.33285698740572,219.38070057202387,1.4080061483350845,24.5,1,2026-01-04 04:55:00
4617,1,2.2133811551914504,108.1958914257831,222.29205515002684,1.4093117861145257,24.5,1,2026-01-04 04:56:00
4618,1,1.9117098961971417,109.05443938178318,214.32498711720524,1.151311202917404,24.5,1,2026-01-04 04:57:00
4619,1,2.1780273596486053,109.35417677064565,219.9667793153482,1.3590248220814685,24.5,1,2026-01-04 04:58:00
4620,1,2.0008103880471175,108.61140001611687,219.7883624850046,1.2104653850656122,24.5,1,2026-01-04 04:59:00
4621,1,2.09059531105941,109.5461053274204,219.09272722481663,1.4019644534308535,24.5,1,2026-01-04 05:00:00
4622,1,2.0371059940826326,109.6181065905154,223.45245309127125,1.382663993416381,24.5,1,2026-01-04 05:01:00
4623,1,2.054016685464353,108.317186835874,218.22534108228845,1.3263331689309112,24.5,1,2026-01-04 05:02:00
4624,1,2.1529888826377035,108.0849963654952,221.54359235447131,1.3989471675454639,24.5,1,2026-01-04 05:03:00
4625,1,1.9256130680132395,107.03471238837537,220.71250557741217,1.2252412359352867,24.5,1,2026-01-04 05:04:00
4626,1,1.9936058250971398,109.61706957965862,222.52303850507104,1.2736911514950036,24.5,1,2026-01-04 05:05:00
4627,1,2.042697074213166,108.18777649461799,218.665621830445,1.206300144301267,24.5,1,2026-01-04 05:06:00
4628,1,2.2613509655894846,109.58507394210714,218.53406220175248,1.4200080663394723,24.5,1,2026-01-04 05:07:00
4629,1,1.9629281420401603,107.81627832538561,222.1921398149548,1.1916419728385468,24.5,1,2026-01-04 05:08:00
4630,1,2.243859728179016,109.77538454847651,220.85064261666022,1.4264778421142692,24.5,1,2026-01-04 05:09:00
4631,1,2.1985270134195645,108.43673760488524,216.91012530664648,1.380756212347022,24.5,1,2026-01-04 05:10:00
4632,1,2.0059117131966335,107.73375250545125,218.92138997107347,1.359720907572039,24.5,1,2026-01-04 05:11:00
4633,1,2.0015248602534053,108.29663324336293,220.77276530769612,1.3053244614546209,24.5,1,2026-01-04 05:12:00
4634,1,1.9689915136117313,108.03780996458751,221.67552844309319,1.2531226264002782,24.5,1,2026-01-04 05:13:00
4635,1,2.004647255603583,108.85414846579744,218.64153869361408,1.2478586459356003,24.5,1,2026-01-04 05:14:00
4636,1,1.8320502104125282,108.2133489031432,214.17148802036613,1.2363035824151059,24.5,1,2026-01-04 05:15:00
4637,1,2.0268158495569546,108.90322378606344,221.04644637147408,1.273400062651113,24.5,1,2026-01-04 05:16:00
4638,1,2.153336273850882,108.68373296383837,217.55935862011205,1.3709293103353992,24.5,1,2026-01-04 05:17:00
4639,1,1.9295946210237542,108.05560638340519,215.96532240375518,1.2156139288381436,24.5,1,2026-01-04 05:18:00
4640,1,1.9533781737929967,108.19732187286695,214.3353481500317,1.2081281359288152,24.5,1,2026-01-04 05:19:00
4641,1,1.8732522068861832,109.50184922250823,221.6279617203955,1.179658027134369,24.5,1,2026-01-04 05:20:00
4642,1,2.074609972071552,108.84533391956589,220.25723490080992,1.2062103602466419,24.5,1,2026-01-04 05:21:00
4643,1,2.0599479581925566,107.51915466401134,219.5486872385755,1.2175758620109696,24.5,1,2026-01-04 05:22:00
4644,1,2.0732008287298833,108.37901679408908,222.77804872592552,1.320643641997183,24.5,1,2026-01-04 05:23:00
4645,1,2.0345608171370886,108.71582863025193,221.27464936604613,1.3571560749394806,24.5,1,2026-01-04 05:24:00
4646,1,2.0491082606798985,109.77321888052205,223.23260008544383,1.3051716074071942,24.5,1,2026-01-04 05:25:00
4647,1,2.077882510136827,109.46636632824774,217.21452905566602,1.269694687140508,24.5,1,2026-01-04 05:26:00
4648,1,2.055240650383144,108.2149858935106,219.93089875209208,1.2192134631551168,24.5,1,2026-01-04 05:27:00
4649,1,2.065327440650867,110.31357306820027,216.76657325010396,1.336790519089726,24.5,1,2026-01-04 05:28:00
4650,1,2.08750018364502,108.85041906068186,219.54123533628908,1.2830035196576273,24.5,1,2026-01-04 05:29:00
4651,1,2.185079532599852,109.82591906152422,219.50276829246664,1.4046869329849674,24.5,1,2026-01-04 05:30:00
4652,1,2.1637223326429433,108.32390504030927,221.25322727452615,1.3784673087189578,24.5,1,2026-01-04 05:31:00
4653,1,2.1103435844676564,107.51001480292724,220.0911277622838,1.3492308193605766,24.5,1,2026-01-04 05:32:00
4654,1,2.2637494971106715,108.39854261448565,221.24681427655983,1.4231940956806644,24.5,1,2026-01-04 05:33:00
4655,1,2.161344328578505,107.10408954222348,221.4068802662778,1.3762555285271219,24.5,1,2026-01-04 05:34:00
4656,1,2.2892506114030895,110.52953675689406,224.30985735476628,1.431267153914393,24.5,1,2026-01-04 05:35:00
4657,1,2.1768608871962662,109.28318305588313,219.36940668942776,1.33477724407449,24.5,1,2026-01-04 05:36:00
4658,1,1.9275203848972478,108.1424114621034,218.11795459866724,1.161721043005888,24.5,1,2026-01-04 05:37:00
4659,1,2.2769066254292905,109.63134570916085,220.49216723063282,1.3098108363299064,24.5,1,2026-01-04 05:38:00
4660,1,2.147257979162793,109.2733711126849,218.3954399457209,1.3384992932727902,24.5,1,2026-01-04 05:39:00
4661,1,2.1830499882352785,109.52953651255558,222.96392153687307,1.4458486782046964,24.5,1,2026-01-04 05:40:00
4662,1,2.192385503632935,109.98468095613285,219.43356392210953,1.4121043106875075,24.5,1,2026-01-04 05:41:00
4663,1,2.134260863659445,108.99575303852376,218.86884726425203,1.3503818678631667,24.5,1,2026-01-04 05:42:00
4664,1,2.204665089823323,108.79289096442898,219.05736855769777,1.3463281822624658,24.5,1,2026-01-04 05:43:00
4665,1,2.1565835064928867,109.69103292687628,221.43683484694327,1.402597619772319,24.5,1,2026-01-04 05:44:00
4666,1,2.339728814975614,110.08701024634155,219.68450603353702,1.4614974935594787,24.5,1,2026-01-04 05:45:00
4667,1,2.2016922900524656,109.4271427822474,218.71666635973924,1.4594959667930039,24.5,1,2026-01-04 05:46:00
4668,1,2.232988089997948,110.65873766808875,223.33070383524705,1.3511814203136745,24.5,1,2026-01-04 05:47:00
4669,1,2.1406251893768022,109.02097698010377,218.2876603186765,1.3046852457594555,24.5,1,2026-01-04 05:48:00
4670,1,2.2918908731032968,109.0230498025019,220.071132148066,1.3945209417950328,24.5,1,2026-01-04 05:49:00
4671,1,2.309740493843519,109.8386500107564,221.30461230322047,1.373824411088053,24.5,1,2026-01-04 05:50:00
4672,1,2.2954850919231364,109.26486007990044,216.73732977916586,1.3919977755099844,24.5,1,2026-01-04 05:51:00
4673,1,2.2102225160654343,109.72635067059815,220.96052100281184,1.3904282225017688,24.5,1,2026-01-04 05:52:00
4674,1,2.1359797868520833,108.85738138691882,217.88978464903911,1.302991509946861,24.5,1,2026-01-04 05:53:00
4675,1,2.414360850749131,109.6058939295667,221.645565561668,1.320090697109364,24.5,1,2026-01-04 05:54:00
4676,1,2.4762115927346273,111.1964077349267,218.07469797616204,1.6052254621347317,24.5,1,2026-01-04 05:55:00
4677,1,2.273163599720294,109.36095003552705,221.3855380636977,1.3399415722945514,24.5,1,2026-01-04 05:56:00
4678,1,2.5644250198063143,109.69328072087293,222.21166613258941,1.6359234853914135,24.5,1,2026-01-04 05:57:00
4679,1,2.441260318771983,110.65954319336619,221.72287305126562,1.5307144064341562,24.5,1,2026-01-04 05:58:00
4680,1,2.4141131832810427,109.31447411672512,220.5026332964762,1.6178667206071697,24.5,1,2026-01-04 05:59:00
4681,1,2.3800945115235064,109.4978897285621,219.53739811414061,1.5403904485557363,24.5,1,2026-01-04 06:00:00
4682,1,2.2894292031993007,110.10933473027885,218.84716084733031,1.408389506751834,24.5,1,2026-01-04 06:01:00
4683,1,2.5922685015021747,110.84850033893908,222.9420693816342,1.5879894542239783,24.5,1,2026-01-04 06:02:00
4684,1,2.3811013832410475,110.71313528502279,218.6010095596647,1.5658622306371999,24.5,1,2026-01-04 06:03:00
4685,1,2.390120834385033,109.58018282633742,217.92586785286,1.4224294307378569,24.5,1,2026-01-04 06:04:00
4686,1,2.6251238239202497,110.78940445949739,221.33073787006566,1.6527152505058906,24.5,1,2026-01-04 06:05:00
4687,1,2.3188768774446955,109.62650573809344,218.407726393627,1.4447777307206262,24.5,1,2026-01-04 06:06:00
4688,1,2.369098800112569,109.66441063797184,218.09987300506774,1.4654569719091606,24.5,1,2026-01-04 06:07:00
4689,1,2.526280251990807,111.1009696115449,217.11279147566046,1.598502441384951,24.5,1,2026-01-04 06:08:00
4690,1,2.597908637230333,110.16211316980171,219.03418032107896,1.6349638354538363,24.5,1,2026-01-04 06:09:00
4691,1,2.6449041023605244,110.74793945177561,219.834569952207,1.6775949983796135,24.5,1,2026-01-04 06:10:00
4692,1,2.5913423023663644,110.5682849510297,220.4861834553214,1.6280018909619725,24.5,1,2026-01-04 06:11:00
4693,1,2.9157423990908957,110.45047734984733,221.90261248859898,1.844688143207378,24.5,1,2026-01-04 06:12:00
4694,1,2.642864772336216,111.17280956414234,221.0537958473316,1.6576213994399718,24.5,1,2026-01-04 06:13:00
4695,1,2.644189320811952,110.98092248619966,219.61825556089363,1.620644851041396,24.5,1,2026-01-04 06:14:00
4696,1,2.605740583997467,109.39220592319909,219.60360864724055,1.6296083390624687,24.5,1,2026-01-04 06:15:00
4697,1,2.7353619084520155,110.98735073766413,221.02031493783036,1.6745720491171778,24.5,1,2026-01-04 06:16:00
4698,1,2.8239515828087365,110.50832152179227,222.54514032585715,1.726486886814743,24.5,1,2026-01-04 06:17:00
4699,1,2.873868677903394,111.80131310548981,220.2526283989664,1.7797262131147111,24.5,1,2026-01-04 06:18:00
4700,1,2.606355250145446,109.79072158213889,219.0617382915792,1.623169691194128,24.5,1,2026-01-04 06:19:00
4701,1,2.737972083704664,110.74641078021583,218.0142679978289,1.7130000281275184,24.5,1,2026-01-04 06:20:00
4702,1,2.815202397120919,111.36992536883733,217.10958947117555,1.805150883252496,24.5,1,2026-01-04 06:21:00
4703,1,2.9041314059865173,111.26744013251611,221.33253934408705,1.7898025305616878,24.5,1,2026-01-04 06:22:00
4704,1,2.8627076390486397,111.63072869245042,221.15595704727912,1.7985046850348987,24.5,1,2026-01-04 06:23:00
4705,1,2.937232162132591,110.42344450433028,221.15472705021332,1.8409439856400012,24.5,1,2026-01-04 06:24:00
4706,1,2.801842679657945,112.10987121111908,219.74268110729588,1.7198512556273902,24.5,1,2026-01-04 06:25:00
4707,1,3.103897139365605,111.96180354479343,222.8138694917835,1.9424661753983128,24.5,1,2026-01-04 06:26:00
4708,1,3.0142673853189383,112.40421442926278,219.03176301083036,1.9327417384803331,24.5,1,2026-01-04 06:27:00
4709,1,2.835587366708631,111.70022469678197,221.9105384744144,1.7801566150902792,24.5,1,2026-01-04 06:28:00
4710,1,2.8576522736872274,111.2775578773486,219.92251421002092,1.795761637360286,24.5,1,2026-01-04 06:29:00
4711,1,2.865779726582244,110.57457386243848,218.7832984706413,1.7540621893968045,24.5,1,2026-01-04 06:30:00
4712,1,3.09307321566153,111.40691001566901,221.18506061463552,2.029495391903668,24.5,1,2026-01-04 06:31:00
4713,1,2.908905135778064,112.36123338799254,220.81927223736798,1.7834741112832804,24.5,1,2026-01-04 06:32:00
4714,1,3.0246509339972922,112.48449797844624,220.71394551853385,1.8045685803890483,24.5,1,2026-01-04 06:33:00
4715,1,3.1169188548634623,111.49361052650603,220.1625568441124,1.9883651546867225,24.5,1,2026-01-04 06:34:00
4716,1,3.081065289991445,110.12517756465006,219.92421383656634,1.9170455990959807,24.5,1,2026-01-04 06:35:00
4717,1,3.2032963780757626,111.80847891789851,224.77674398574086,1.9837146645083161,24.5,1,2026-01-04 06:36:00
4718,1,3.053863180644897,111.55339718807224,222.36851329039234,1.8781517409701045,24.5,1,2026-01-04 06:37:00
4719,1,3.2306183854740462,111.9630773092255,221.44565378997103,2.10909836027015,24.5,1,2026-01-04 06:38:00
4720,1,3.1105186442633705,112.24315209791025,220.22359831640676,1.9581204746801186,24.5,1,2026-01-04 06:39:00
4721,1,3.18550307086099,112.56407005668981,222.01431440119333,2.014456291942084,24.5,1,2026-01-04 06:40:00
4722,1,3.248711831956845,112.79946670395302,221.0359895527829,2.0343235694095365,24.5,1,2026-01-04 06:41:00
4723,1,3.2405346372344597,112.50011885295295,220.05240950554807,2.0343931258293684,24.5,1,2026-01-04 06:42:00
4724,1,3.2426120253786,111.19059557567302,219.39287134946818,2.09191518620214,24.5,1,2026-01-04 06:43:00
4725,1,3.1905883499717413,111.96543255828965,219.83816532467463,1.9768020614213446,24.5,1,2026-01-04 06:44:00
4726,1,3.1643259512634847,113.69665341450016,213.6591485282439,1.899925917806125,24.5,1,2026-01-04 06:45:00
4727,1,3.314652105745835,112.65270821285296,220.42120167859528,2.1096884843137835,24.5,1,2026-01-04 06:46:00
4728,1,3.174218919153707,112.42683308601882,219.02304783977928,2.0033798160328535,24.5,1,2026-01-04 06:47:00
4729,1,3.347830996247122,112.65752984429476,223.18533999656577,2.091950426185352,24.5,1,2026-01-04 06:48:00
4730,1,3.405888568405219,112.91404937535218,220.0386881416235,2.1460614899014216,24.5,1,2026-01-04 06:49:00
4731,1,3.2206542928722426,110.95461084341689,217.62207316093009,1.988349327741401,24.5,1,2026-01-04 06:50:00
4732,1,3.519498289074931,112.77997108281552,219.90023969174376,2.1939205489668425,24.5,1,2026-01-04 06:51:00
4733,1,3.517539226689834,112.97566922785332,217.90775782987498,2.184861122945472,24.5,1,2026-01-04 06:52:00
4734,1,3.3297118954562515,113.31615654782023,220.94681483142494,2.0446468378387035,24.5,1,2026-01-04 06:53:00
4735,1,3.6068205846211225,113.14790373080803,220.58189472867898,2.3060781792057026,24.5,1,2026-01-04 06:54:00
4736,1,3.4938373424021916,111.88230446242864,221.91567926221654,2.105413895021458,24.5,1,2026-01-04 06:55:00
4737,1,3.5132343489030227,113.29148600298164,218.41823641661088,2.305932951281999,24.5,1,2026-01-04 06:56:00
4738,1,3.4650647152102882,112.41854270368147,220.0680161924563,2.201543231745828,24.5,1,2026-01-04 06:57:00
4739,1,3.580418652028396,112.50476533497569,217.26995640914674,2.1403836132765064,24.5,1,2026-01-04 06:58:00
4740,1,3.6135322343589955,112.68061910301321,221.40298956384942,2.238466663050999,24.5,1,2026-01-04 06:59:00
4741,1,3.5009178514683486,113.31182964208776,221.03774236088023,2.1709194573875528,24.5,1,2026-01-04 07:00:00
4742,1,3.4817023502071947,113.72021647869299,220.99161004205513,2.186762568073179,24.5,1,2026-01-04 07:01:00
4743,1,3.4531713383860536,113.24410680850207,220.00323806271388,2.0997254071163147,24.5,1,2026-01-04 07:02:00
4744,1,3.650314325246058,113.71117426265535,220.8295457815776,2.273266806888715,24.5,1,2026-01-04 07:03:00
4745,1,3.7458097102806858,113.74019633055401,223.2086782166172,2.324805210516132,24.5,1,2026-01-04 07:04:00
4746,1,3.706482390851813,113.5798945034685,219.42981148591596,2.2692778839720495,24.5,1,2026-01-04 07:05:00
4747,1,3.6588637237392763,113.83001185491408,220.27729036742016,2.2324654009869134,24.5,1,2026-01-04 07:06:00
4748,1,3.52962043711969,111.79883158947354,217.82774740163717,2.2416170414205343,24.5,1,2026-01-04 07:07:00
4749,1,3.5996927987368528,113.45727009857178,218.26347807680332,2.154213796203832,24.5,1,2026-01-04 07:08:00
4750,1,3.8325674586960066,113.17555984556618,220.19562658618662,2.4075487308224925,24.5,1,2026-01-04 07:09:00
4751,1,3.715332147410943,114.21733926007872,222.20786709340382,2.350385057622865,24.5,1,2026-01-04 07:10:00
4752,1,3.747861903503034,113.60084547225179,219.48743835149685,2.3195783322883208,24.5,1,2026-01-04 07:11:00
4753,1,3.6397784805650035,113.50726742181885,219.52816694137576,2.2656898283908595,24.5,1,2026-01-04 07:12:00
4754,1,3.7905153372370233,112.91090617395805,219.18622951099124,2.414732521126992,24.5,1,2026-01-04 07:13:00
4755,1,3.719811574866963,114.30741770061488,218.93048665831137,2.2771275226856096,24.5,1,2026-01-04 07:14:00
4756,1,3.914172239781007,114.41622736187293,220.58994291141764,2.4028658245133423,24.5,1,2026-01-04 07:15:00
4757,1,3.836293944478472,114.36039790990375,217.0054847096427,2.359528681243901,24.5,1,2026-01-04 07:16:00
4758,1,3.8175872605716252,113.32497984431066,222.56187915333345,2.4307054602524394,24.5,1,2026-01-04 07:17:00
4759,1,3.8004068286490216,113.46221238502429,218.6691554037411,2.4261409256880517,24.5,1,2026-01-04 07:18:00
4760,1,3.8176990540794318,114.01482720409632,221.4438069708763,2.302239688347279,24.5,1,2026-01-04 07:19:00
4761,1,3.6739223837081667,113.32882444105907,217.46000280521224,2.3327858509750126,24.5,1,2026-01-04 07:20:00
4762,1,3.8082952376083026,114.15672502296847,221.33768026109243,2.406663592413628,24.5,1,2026-01-04 07:21:00
4763,1,3.9271926703410407,112.84758035084778,221.343889215629,2.5170132188696828,24.5,1,2026-01-04 07:22:00
4764,1,3.9408194591905907,113.91354655700516,220.76840414401178,2.466808245727495,24.5,1,2026-01-04 07:23:00
4765,1,3.884338526242944,115.28464160947401,218.01114295640042,2.410019586986196,24.5,1,2026-01-04 07:24:00
4766,1,3.8932250711983776,114.41539666471328,220.49909637919615,2.474770342241393,24.5,1,2026-01-04 07:25:00
4767,1,3.9760028747888128,114.53321833022724,217.63388763053123,2.5036089382947124,24.5,1,2026-01-04 07:26:00
4768,1,3.9316786806346005,115.4841475562323,219.49447348980763,2.5531440813442914,24.5,1,2026-01-04 07:27:00
4769,1,4.052183252185475,113.05244619417726,222.05882620191065,2.5633956968000486,24.5,1,2026-01-04 07:28:00
4770,1,3.8000403716137017,113.50177292731853,221.59340385414148,2.366379924936189,24.5,1,2026-01-04 07:29:00
4771,1,3.564177694669492,113.35215343034625,220.03036588508087,2.1533750402521177,24.5,1,2026-01-04 07:30:00
4772,1,3.9619689289730773,114.97999757958632,218.05038684815432,2.4296746738528716,24.5,1,2026-01-04 07:31:00
4773,1,3.854646770982449,114.67882450478764,221.29117542434838,2.320081548873597,24.5,1,2026-01-04 07:32:00
4774,1,3.96283229481895,113.90570070629342,220.03876247539606,2.4480114168080545,24.5,1,2026-01-04 07:33:00
4775,1,3.8764443026101856,115.03481041887818,215.35936880353916,2.451227414265343,24.5,1,2026-01-04 07:34:00
4776,1,4.187304989339656,114.59985609771853,221.56525965263305,2.5973369201013243,24.5,1,2026-01-04 07:35:00
4777,1,4.042814265783631,115.35849580682702,219.95153433226062,2.5587237008900483,24.5,1,2026-01-04 07:36:00
4778,1,4.069777526871154,113.99148221095383,222.40490249596616,2.5409882093937948,24.5,1,2026-01-04 07:37:00
4779,1,4.058245307272481,114.69692146680136,217.80945896231438,2.49655084758091,24.5,1,2026-01-04 07:38:00
4780,1,3.9394756990582436,114.40795011600487,213.646592373608,2.447187904096775,24.5,1,2026-01-04 07:39:00
4781,1,3.987696492585327,115.19449729026925,220.55816771669038,2.496065174782901,24.5,1,2026-01-04 07:40:00
4782,1,4.147510289873235,114.5763234603487,220.58312735336395,2.578252469868931,24.5,1,2026-01-04 07:41:00
4783,1,3.859356861132364,114.45077614690338,216.6186567447871,2.3999426018899688,24.5,1,2026-01-04 07:42:00
4784,1,4.0318283875109975,115.0886425997695,218.04300090826678,2.4606207548519907,24.5,1,2026-01-04 07:43:00
4785,1,3.97891085124165,114.75846855223251,225.5104354874398,2.4443776264359314,24.5,1,2026-01-04 07:44:00
4786,1,4.050248893861047,115.33391655025254,219.3887787716924,2.622911949047818,24.5,1,2026-01-04 07:45:00
4787,1,4.08961404691216,114.9455634457415,221.46191795275243,2.5955538761303703,24.5,1,2026-01-04 07:46:00
4788,1,4.1896053660557175,114.88317064178618,218.69868034526323,2.522138561157813,24.5,1,2026-01-04 07:47:00
4789,1,3.8140083850126274,114.29375581494318,215.8193942022937,2.2445303509460124,24.5,1,2026-01-04 07:48:00
4790,1,3.9802671145525617,114.72873803576044,219.65948350640818,2.4694435126287284,24.5,1,2026-01-04 07:49:00
4791,1,4.121106009742706,115.16394691553973,219.4687908794278,2.597296946838359,24.5,1,2026-01-04 07:50:00
4792,1,4.067094205557861,114.84375843460818,219.20024352266324,2.4929192603008965,24.5,1,2026-01-04 07:51:00
4793,1,4.061777073439364,114.92712408981954,219.77071832898721,2.5664546233183163,24.5,1,2026-01-04 07:52:00
4794,1,3.959861443192469,113.79170483522212,220.52853654329127,2.4549950311605215,24.5,1,2026-01-04 07:53:00
4795,1,3.9808605851464764,115.18847777132255,219.6997660974924,2.4566157689280437,24.5,1,2026-01-04 07:54:00
4796,1,4.12272054490479,115.2760493586652,217.47198766410528,2.590152615491958,24.5,1,2026-01-04 07:55:00
4797,1,4.055432163012734,115.5205423835441,220.97236958312388,2.483844253832743,24.5,1,2026-01-04 07:56:00
4798,1,4.006257186273702,115.01544254606634,216.10125648935517,2.465413907269436,24.5,1,2026-01-04 07:57:00
4799,1,3.9511918646464137,113.88395633449679,215.8992850854316,2.4789293020718954,24.5,1,2026-01-04 07:58:00
4800,1,3.941424021069653,114.50731398908428,221.47836098940314,2.437561828417653,24.5,1,2026-01-04 07:59:00
4801,1,4.14490978708283,115.03397962221264,221.01404054427073,2.6602401504504694,24.5,1,2026-01-04 08:00:00
4802,1,4.076339128855714,115.52095379221811,219.88520926985194,2.556809998464433,24.5,1,2026-01-04 08:01:00
4803,1,4.20262408617859,114.20013461399397,217.20910299048987,2.6314346271579154,24.5,1,2026-01-04 08:02:00
4804,1,3.8906728159055772,114.80858840611093,218.58417811865186,2.404286352340253,24.5,1,2026-01-04 08:03:00
4805,1,4.087073766644895,115.46476551133505,219.474506504627,2.5717396986688503,24.5,1,2026-01-04 08:04:00
4806,1,3.8192349225507387,114.33712030643116,216.80821206285177,2.345967406631251,24.5,1,2026-01-04 08:05:00
4807,1,3.9913004316636362,115.07607548030569,218.52194268395354,2.482387900596999,24.5,1,2026-01-04 08:06:00
4808,1,4.1192788432389,114.82165239699687,221.30466067635336,2.5013430474752623,24.5,1,2026-01-04 08:07:00
4809,1,3.828931998438789,114.15238682142257,222.85461072857842,2.4193569329446682,24.5,1,2026-01-04 08:08:00
4810,1,3.9467729586774323,114.71975002163221,219.1611304946829,2.454530803913366,24.5,1,2026-01-04 08:09:00
4811,1,3.9452229194914166,114.46721381582869,221.5129767086322,2.537924054532002,24.5,1,2026-01-04 08:10:00
4812,1,3.8287120278643205,115.275790533545,216.17187985882506,2.4861537090843595,24.5,1,2026-01-04 08:11:00
4813,1,4.022411644091007,114.64108607846175,221.31890248222723,2.524182482482838,24.5,1,2026-01-04 08:12:00
4814,1,4.034702087531614,114.6856794976993,218.39210317054503,2.496784428293815,24.5,1,2026-01-04 08:13:00
4815,1,3.939653527560544,116.03494021299981,220.61469123341595,2.3870784255992428,24.5,1,2026-01-04 08:14:00
4816,1,3.944862633271766,115.61521413222188,219.50449516352057,2.4825941921373698,24.5,1,2026-01-04 08:15:00
4817,1,3.9822244594547844,113.89975161200476,222.64082801956766,2.4707091235873095,24.5,1,2026-01-04 08:16:00
4818,1,3.882586939534123,114.53072114755373,218.25112870332018,2.425301310466306,24.5,1,2026-01-04 08:17:00
4819,1,3.8146589896884717,114.9115605526453,221.25521259512365,2.4426920134970644,24.5,1,2026-01-04 08:18:00
4820,1,3.994654193987622,115.3939375771312,219.44098507340692,2.4259124968607173,24.5,1,2026-01-04 08:19:00
4821,1,3.905954009047496,114.13610611425739,219.68338904398067,2.3658952132511866,24.5,1,2026-01-04 08:20:00
4822,1,3.903851248364405,115.7381769745622,219.63229221368158,2.3987495019421408,24.5,1,2026-01-04 08:21:00
4823,1,3.748149242712118,115.28993312480753,218.30865379101178,2.3552557239596768,24.5,1,2026-01-04 08:22:00
4824,1,3.7998992244442786,115.14478589848682,219.97180206818666,2.373656083675046,24.5,1,2026-01-04 08:23:00
4825,1,3.814589192828589,115.71704687926906,219.87470355575635,2.3099618353766034,24.5,1,2026-01-04 08:24:00
4826,1,3.6747846964608972,114.89290203315332,220.48248049681345,2.306045744328193,24.5,1,2026-01-04 08:25:00
4827,1,3.641057035131806,114.84938967024931,220.16901029138572,2.187114723027742,24.5,1,2026-01-04 08:26:00
4828,1,3.7621767884758515,115.72118989730848,221.59598909922448,2.2798083820709114,24.5,1,2026-01-04 08:27:00
4829,1,3.867435629027438,115.66025106192775,221.84701723209474,2.380640748662816,24.5,1,2026-01-04 08:28:00
4830,1,3.667080472411432,114.24717646033208,217.8987533563444,2.234885990285456,24.5,1,2026-01-04 08:29:00
4831,1,3.680165084059697,115.04597867074939,221.73754500118153,2.314896569726992,24.5,1,2026-01-04 08:30:00
4832,1,3.618139847632628,114.29487103273055,217.6273271457803,2.2462340986134515,24.5,1,2026-01-04 08:31:00
4833,1,3.6989353802419833,115.05378287858163,221.17571177627548,2.3698052586106835,24.5,1,2026-01-04 08:32:00
4834,1,3.695290610849585,115.04299976928715,221.23947756940575,2.2666918976802983,24.5,1,2026-01-04 08:33:00
4835,1,3.8463108804050985,114.41573908199317,216.17736621667498,2.3658448127862015,24.5,1,2026-01-04 08:34:00
4836,1,3.7896136842889385,114.93492259062018,220.18595849305882,2.397276160697002,24.5,1,2026-01-04 08:35:00
4837,1,3.7516002781086577,115.1450966956263,219.06300777327937,2.3085397888493997,24.5,1,2026-01-04 08:36:00
4838,1,3.7402243610025057,114.73631506607494,218.48246948412924,2.3805415628228275,24.5,1,2026-01-04 08:37:00
4839,1,3.5739780867192787,114.73633661506108,222.701704661398,2.2301718707419145,24.5,1,2026-01-04 08:38:00
4840,1,3.4707692816006324,114.9687713881407,218.69264171872516,2.0216555243365004,24.5,1,2026-01-04 08:39:00
4841,1,3.460935657750127,114.47194870254086,218.3872461417639,2.19189885754787,24.5,1,2026-01-04 08:40:00
4842,1,3.719182253272027,115.09486780990973,220.15138988001019,2.3375882570136604,24.5,1,2026-01-04 08:41:00
4843,1,3.530912552397258,115.39492001602235,221.37117949259684,2.223279465061667,24.5,1,2026-01-04 08:42:00
4844,1,3.4160097612991,114.68862996195381,219.71670282797976,2.0091514899789598,24.5,1,2026-01-04 08:43:00
4845,1,3.522825932500565,114.66955392419543,222.3327410913385,2.137146340193396,24.5,1,2026-01-04 08:44:00
4846,1,3.504400564360364,113.99257510784219,221.06195132392818,2.1292934566910815,24.5,1,2026-01-04 08:45:00
4847,1,3.4511969281023065,115.05095131007572,215.64357736053714,2.0836863326597777,24.5,1,2026-01-04 08:46:00
4848,1,3.4841577147065217,114.82208057965711,218.941066072986,2.232925917008599,24.5,1,2026-01-04 08:47:00
4849,1,3.3562532626055677,115.15720780212321,218.8763158012966,2.0662606620026054,24.5,1,2026-01-04 08:48:00
4850,1,3.52348648764105,114.69632547895861,220.95872190685884,2.167789657068666,24.5,1,2026-01-04 08:49:00
4851,1,3.275408352340139,113.29161687122462,214.75036588725177,2.0442601563099383,24.5,1,2026-01-04 08:50:00
4852,1,3.463999961777422,113.43573241692975,225.09801941743544,2.161026882609333,24.5,1,2026-01-04 08:51:00
4853,1,3.4685814570453055,115.04337939098197,221.06205218978843,1.9684241678531826,24.5,1,2026-01-04 08:52:00
4854,1,3.302842269347256,113.97141775495612,220.29775360783538,2.000622876016882,24.5,1,2026-01-04 08:53:00
4855,1,3.3217979019102337,114.56711188539983,222.3631354328383,1.9737643024674,24.5,1,2026-01-04 08:54:00
4856,1,3.456764861554563,114.58257448068674,224.68730810562525,2.1472718455683215,24.5,1,2026-01-04 08:55:00
4857,1,3.2439946992849418,114.10060233980188,221.74149328917682,1.9816757903310624,24.5,1,2026-01-04 08:56:00
4858,1,3.274821934982211,114.21381619734437,221.89762619294325,2.015657148294046,24.5,1,2026-01-04 08:57:00
4859,1,3.326283011898301,113.91664727371018,220.26138004892877,1.942419407304939,24.5,1,2026-01-04 08:58:00
4860,1,3.449770032680841,114.70204369683334,219.7169484932661,2.106610374971317,24.5,1,2026-01-04 08:59:00
4861,1,3.2735473046052013,114.04686967273281,219.0484091119902,2.0692559050345385,24.5,1,2026-01-04 09:00:00
4862,1,3.2299765031253083,114.12330129263755,218.34777601657092,2.05697359923231,24.5,1,2026-01-04 09:01:00
4863,1,3.220082653656947,114.13960571627624,218.625971800601,2.0161613460452754,24.5,1,2026-01-04 09:02:00
4864,1,3.020408081438805,113.8523693339046,217.29888807131402,1.7904675410574482,24.5,1,2026-01-04 09:03:00
4865,1,3.1559842639816456,114.75473209068755,219.84825709862994,2.0033822749648924,24.5,1,2026-01-04 09:04:00
4866,1,3.0754779823847627,114.06967887169044,216.63066484554722,1.9269250696497209,24.5,1,2026-01-04 09:05:00
4867,1,3.1441403174431093,114.80717157445564,220.38183304828743,1.926884063124694,24.5,1,2026-01-04 09:06:00
4868,1,3.096711932106301,115.04971899180723,219.9273387839153,1.8021465109337442,24.5,1,2026-01-04 09:07:00
4869,1,3.108292503961405,114.66764280227427,220.2938705967734,1.9580050468222263,24.5,1,2026-01-04 09:08:00
4870,1,2.99965787478192,114.31213193021209,218.95573685996,1.8137668859707525,24.5,1,2026-01-04 09:09:00
4871,1,3.1159625695144135,114.2365660318596,226.153720740361,1.9319645659087887,24.5,1,2026-01-04 09:10:00
4872,1,2.916372945015035,114.27740361120564,222.72023180036064,1.7952555309719447,24.5,1,2026-01-04 09:11:00
4873,1,2.9190083400832494,113.96842276037981,217.51091499983056,1.8701954520850221,24.5,1,2026-01-04 09:12:00
4874,1,3.111910435116993,114.82277054740932,220.4657361748538,1.905324458683224,24.5,1,2026-01-04 09:13:00
4875,1,2.960220576474019,114.36121769202228,218.78398771412535,1.8174748372987786,24.5,1,2026-01-04 09:14:00
4876,1,2.8952060335568066,113.68410706827135,217.9710405465852,1.8570501487353985,24.5,1,2026-01-04 09:15:00
4877,1,3.058350271586484,114.79622206565723,217.31985585775212,1.8452170898477227,24.5,1,2026-01-04 09:16:00
4878,1,2.7572153681091516,113.63760342217304,220.8644333815185,1.7337485514258162,24.5,1,2026-01-04 09:17:00
4879,1,2.734838301277623,113.54482767352495,218.63723952986086,1.6691933536505978,24.5,1,2026-01-04 09:18:00
4880,1,3.0441272998647046,113.86287218640865,221.9356520480504,1.8187060648022115,24.5,1,2026-01-04 09:19:00
4881,1,2.854627445472665,113.89065588272581,221.98756442906088,1.7523793082063166,24.5,1,2026-01-04 09:20:00
4882,1,2.8148428937706367,114.3071835886496,222.7478287704229,1.7623118718851205,24.5,1,2026-01-04 09:21:00
4883,1,2.6430116794629916,114.02749886971868,218.2952264678518,1.6897813533065622,24.5,1,2026-01-04 09:22:00
4884,1,2.8229091707049596,114.0119027709525,220.95073122138402,1.8060658267425,24.5,1,2026-01-04 09:23:00
4885,1,2.8172121983335647,114.15557076733016,221.2649084332846,1.713923995016145,24.5,1,2026-01-04 09:24:00
4886,1,2.604636457328635,114.20780641684281,219.05164364979208,1.5487018789999962,24.5,1,2026-01-04 09:25:00
4887,1,2.674375350270233,113.52269144435395,218.45645608521426,1.624751339026031,24.5,1,2026-01-04 09:26:00
4888,1,2.693276259622988,112.88166999052072,223.21904133155195,1.593041944400138,24.5,1,2026-01-04 09:27:00
4889,1,2.700932250208328,114.4274721032921,220.45499175146412,1.645779862106765,24.5,1,2026-01-04 09:28:00
4890,1,2.5520637119541605,113.0317451175308,221.27193550142348,1.5480990793921123,24.5,1,2026-01-04 09:29:00
4891,1,2.73810481848766,113.38781669358119,218.35584797634414,1.715488066336041,24.5,1,2026-01-04 09:30:00
4892,1,2.6762338020012333,112.6355634766198,217.5614310669556,1.530710947645941,24.5,1,2026-01-04 09:31:00
4893,1,2.545244741162343,113.77907333238808,218.86110045101577,1.5238516371812776,24.5,1,2026-01-04 09:32:00
4894,1,2.5523302912028716,112.47195294685324,219.75195722522,1.5284439084548314,24.5,1,2026-01-04 09:33:00
4895,1,2.5207345860375825,112.99020094552056,217.8715599863653,1.6045517419085755,24.5,1,2026-01-04 09:34:00
4896,1,2.462425065696706,113.64483035374903,219.98031038269923,1.4536088319712752,24.5,1,2026-01-04 09:35:00
4897,1,2.440924768880894,113.77231714986193,216.622989623863,1.5073060772391822,24.5,1,2026-01-04 09:36:00
4898,1,2.453904383022383,112.96347886041272,217.75990515506027,1.497371238757963,24.5,1,2026-01-04 09:37:00
4899,1,2.6687585149733457,113.63176080551767,221.34182249655376,1.6874310554013103,24.5,1,2026-01-04 09:38:00
4900,1,2.5823296967788556,113.03700189203204,221.2075810405558,1.6119531322018479,24.5,1,2026-01-04 09:39:00
4901,1,2.5412390296037026,113.21112912479977,219.21624646922626,1.56289229005784,24.5,1,2026-01-04 09:40:00
4902,1,2.4537932703375853,113.56941053472889,217.9644713818461,1.4753748612152116,24.5,1,2026-01-04 09:41:00
4903,1,2.288397039934268,112.79417455276298,217.945192896948,1.3090349434331001,24.5,1,2026-01-04 09:42:00
4904,1,2.394711707581531,113.14721695526093,219.25346350811736,1.478977828242952,24.5,1,2026-01-04 09:43:00
4905,1,2.504134886426604,112.60123128743604,221.28903698329057,1.5600100990105852,24.5,1,2026-01-04 09:44:00
4906,1,2.2675006144338012,113.6985013816674,221.85649138268866,1.3096929528575831,24.5,1,2026-01-04 09:45:00
4907,1,2.4141272575928943,113.68867604046956,219.00693652903607,1.4163862600180868,24.5,1,2026-01-04 09:46:00
4908,1,2.5537022812953047,114.1810691979096,217.69301514803044,1.5759871764893647,24.5,1,2026-01-04 09:47:00
4909,1,2.44444868704923,114.21344700044426,220.53568727573267,1.513293321281308,24.5,1,2026-01-04 09:48:00
4910,1,2.441359691623113,113.00108817501665,218.3529300587483,1.4447635475884164,24.5,1,2026-01-04 09:49:00
4911,1,2.31372692107133,113.02919134727527,218.9634947222776,1.3873302034130623,24.5,1,2026-01-04 09:50:00
4912,1,2.415494937099489,112.24497602653886,222.6505521808741,1.3863446309569911,24.5,1,2026-01-04 09:51:00
4913,1,2.2192005130510672,114.91729399506514,221.65423085713152,1.4267735329813556,24.5,1,2026-01-04 09:52:00
4914,1,2.3459953689721567,113.23495443529015,220.3159486245029,1.3703577929332587,24.5,1,2026-01-04 09:53:00
4915,1,2.288654718186533,113.90918096537374,217.45616199777456,1.4272417041031276,24.5,1,2026-01-04 09:54:00
4916,1,2.2703262029571145,112.46030783604759,220.42279313494132,1.387028991836743,24.5,1,2026-01-04 09:55:00
4917,1,2.3803362102166834,113.99704440642098,222.12531458157505,1.5204051251034096,24.5,1,2026-01-04 09:56:00
4918,1,2.150560111536081,114.13423657942883,219.24873266846893,1.2756393518557547,24.5,1,2026-01-04 09:57:00
4919,1,2.2087267706139317,113.0459392249051,222.70222817997342,1.3537535197125754,24.5,1,2026-01-04 09:58:00
4920,1,2.2251002073112103,112.52482301486548,222.58549057903642,1.2756462354578701,24.5,1,2026-01-04 09:59:00
4921,1,2.105847898596278,112.8164688705886,223.32746566428693,1.190594045437983,24.5,1,2026-01-04 10:00:00
4922,1,2.1971320893798776,111.80908548983281,220.6104862530627,1.3730141102271196,24.5,1,2026-01-04 10:01:00
4923,1,1.9944898731793173,112.72801109824049,221.174783399612,1.1299406723588026,24.5,1,2026-01-04 10:02:00
4924,1,2.2828970095669097,113.7919677424952,222.82837457666218,1.3839390880927407,24.5,1,2026-01-04 10:03:00
4925,1,2.151876333685566,113.07403876726768,220.89478787413796,1.3657008941191633,24.5,1,2026-01-04 10:04:00
4926,1,2.0670940766671335,112.80838240553825,218.99753178441958,1.3005286965246914,24.5,1,2026-01-04 10:05:00
4927,1,2.0277231666133178,113.23030646311433,219.10291432694427,1.2057818371895728,24.5,1,2026-01-04 10:06:00
4928,1,2.092812999258189,113.3944587346749,220.4771099075475,1.199230290014389,24.5,1,2026-01-04 10:07:00
4929,1,2.148103061376762,112.21971794540345,217.41887715610756,1.33777977278699,24.5,1,2026-01-04 10:08:00
4930,1,2.1488836137449527,113.24063739389405,219.71348216927163,1.3797634471549391,24.5,1,2026-01-04 10:09:00
4931,1,2.03764408043706,114.3988086427976,222.1930942364605,1.2114633098614573,24.5,1,2026-01-04 10:10:00
4932,1,1.9566013065720071,112.10938545771948,215.61749229766943,1.154789850652394,24.5,1,2026-01-04 10:11:00
4933,1,2.1717848226330982,113.16176369672183,223.06896420358902,1.2999968348974313,24.5,1,2026-01-04 10:12:00
4934,1,2.0165158524619646,114.10500488357644,222.24474843740632,1.2598812664937078,24.5,1,2026-01-04 10:13:00
4935,1,2.06087199278835,113.76246937997072,219.08047076833904,1.3196850958179207,24.5,1,2026-01-04 10:14:00
4936,1,2.080809685064949,112.80901967266897,221.0867816557436,1.2083247363033383,24.5,1,2026-01-04 10:15:00
4937,1,2.08468687893012,113.28349787967986,220.00629545381264,1.1976306979435662,24.5,1,2026-01-04 10:16:00
4938,1,2.159162188050487,113.27366578894649,222.45998073687736,1.434874393895968,24.5,1,2026-01-04 10:17:00
4939,1,1.9335147628555611,112.40849818876758,221.9653662855399,1.171163395029962,24.5,1,2026-01-04 10:18:00
4940,1,1.823463321328268,112.69058987734184,217.199858553634,1.1253981869208614,24.5,1,2026-01-04 10:19:00
4941,1,1.9900957210116048,112.84413004367846,221.17452482692835,1.17972162344139,24.5,1,2026-01-04 10:20:00
4942,1,2.2120969935048427,113.56257013074197,219.5887442927135,1.3741422200830526,24.5,1,2026-01-04 10:21:00
4943,1,2.237625834623415,113.09982803221448,220.1656651410362,1.4130862838180256,24.5,1,2026-01-04 10:22:00
4944,1,2.1997292752349593,112.75528986613787,218.54365619806038,1.3568197309639065,24.5,1,2026-01-04 10:23:00
4945,1,2.039627614916188,113.1030588234675,223.49627413824166,1.331086762053596,24.5,1,2026-01-04 10:24:00
4946,1,1.862930475714509,113.85126708144386,222.08012363980515,1.1198189268965282,24.5,1,2026-01-04 10:25:00
4947,1,1.7756781403229291,112.77232723395451,218.52045767205408,1.069690658708813,24.5,1,2026-01-04 10:26:00
4948,1,1.9382597670340391,112.88364285848785,217.33077878617954,1.1934315875332948,24.5,1,2026-01-04 10:27:00
4949,1,1.9969288668017926,113.63283678541517,219.2286547380443,1.240761301713111,24.5,1,2026-01-04 10:28:00
4950,1,2.1643378361133947,113.40052658466351,220.8690052921826,1.3308466798931557,24.5,1,2026-01-04 10:29:00
4951,1,2.117237912437269,114.54596717851125,220.48041168789246,1.2263858838987753,24.5,1,2026-01-04 10:30:00
4952,1,2.0721646759221284,113.3117122402885,222.5062656495365,1.2786307530642815,24.5,1,2026-01-04 10:31:00
4953,1,1.9510817568600642,113.5286989541032,221.5798394443617,1.1703761567478148,24.5,1,2026-01-04 10:32:00
4954,1,1.9488353394192865,112.66003949519136,221.9391380515058,1.1585481427719408,24.5,1,2026-01-04 10:33:00
4955,1,2.0630870941144357,113.6770214818243,220.65371080122088,1.2587190359740055,24.5,1,2026-01-04 10:34:00
4956,1,2.077840387603389,113.64898726704187,217.221402539578,1.2178817786942053,24.5,1,2026-01-04 10:35:00
4957,1,2.0728628493827688,113.40996432066088,219.6086029377062,1.2060294148674848,24.5,1,2026-01-04 10:36:00
4958,1,1.9542722403845023,112.87927802926008,222.12017947981732,1.0596604592155563,24.5,1,2026-01-04 10:37:00
4959,1,2.10899800912022,113.15711531197876,219.8969541429507,1.3719176405442368,24.5,1,2026-01-04 10:38:00
4960,1,2.1010221323131457,113.68772533905846,221.0061807372475,1.3073564021650255,24.5,1,2026-01-04 10:39:00
4961,1,1.9389790571922947,113.6204741148254,219.36250336950772,1.1749256626084827,24.5,1,2026-01-04 10:40:00
4962,1,1.9600727419028399,113.24897151792902,217.94037630291632,1.160128596743567,24.5,1,2026-01-04 10:41:00
4963,1,2.1306487545199064,113.8178559225432,219.75331187190778,1.1534222772755622,24.5,1,2026-01-04 10:42:00
4964,1,2.0511635493720104,113.46457709262536,220.6180948860653,1.212278809550049,24.5,1,2026-01-04 10:43:00
4965,1,2.222812620528127,113.93836820174126,218.68862456107712,1.3888596032782532,24.5,1,2026-01-04 10:44:00
4966,1,2.1280199020991044,113.5693371174492,219.52857751028665,1.3423434277101576,24.5,1,2026-01-04 10:45:00
4967,1,2.02214618991188,113.53154491075566,218.12107351602805,1.2627854379102097,24.5,1,2026-01-04 10:46:00
4968,1,2.116412810230701,115.26432884371587,222.23848983512818,1.2958319616265577,24.5,1,2026-01-04 10:47:00
4969,1,2.1045854236900423,113.87740399340507,219.41108848482392,1.345780621256676,24.5,1,2026-01-04 10:48:00
4970,1,2.0650891983825557,113.95018477063556,222.90551109025236,1.2400019511671234,24.5,1,2026-01-04 10:49:00
4971,1,2.0561487953286695,113.82064960620495,223.05749570108182,1.3051237006046699,24.5,1,2026-01-04 10:50:00
4972,1,2.198478807328687,113.75533322648427,219.83790807055652,1.3180882816708368,24.5,1,2026-01-04 10:51:00
4973,1,2.203436637365209,114.75130266610793,217.9831025349053,1.2961421208930635,24.5,1,2026-01-04 10:52:00
4974,1,2.167020484351877,113.78573128195674,215.82820424453334,1.2676322939191582,24.5,1,2026-01-04 10:53:00
4975,1,2.2801058259631986,114.81029047740553,217.0559258539464,1.333329628852199,24.5,1,2026-01-04 10:54:00
4976,1,2.0866924951014627,113.6005304612109,217.25233035020267,1.3017644429828992,24.5,1,2026-01-04 10:55:00
4977,1,2.377346516133892,113.70418134046159,222.756939254923,1.4082610688561128,24.5,1,2026-01-04 10:56:00
4978,1,2.1004424303323947,114.02094344457035,220.23164917445388,1.22526482326121,24.5,1,2026-01-04 10:57:00
4979,1,2.105611715549633,113.15380028332498,220.779209048184,1.315617576545903,24.5,1,2026-01-04 10:58:00
4980,1,1.993087452244994,114.02643955718548,215.55915798212976,1.2278084583802533,24.5,1,2026-01-04 10:59:00
4981,1,2.1553314215287402,113.28995289054545,217.60406714156548,1.3580213536125658,24.5,1,2026-01-04 11:00:00
4982,1,2.2030707994280294,113.84265954542585,221.77415955289257,1.3644012113299488,24.5,1,2026-01-04 11:01:00
4983,1,2.3082159514271736,113.42079220872,220.57354822476518,1.364870440874764,24.5,1,2026-01-04 11:02:00
4984,1,2.2834916385845743,115.95837682629202,219.7055894426288,1.3911693263660962,24.5,1,2026-01-04 11:03:00
4985,1,2.1653935505121367,113.02519582432377,221.12968471720023,1.3217373144143176,24.5,1,2026-01-04 11:04:00
4986,1,2.282252710330755,114.22517854627655,223.27159561227162,1.3403762515344086,24.5,1,2026-01-04 11:05:00
4987,1,2.260205497440209,114.95178587161568,219.5579150729259,1.3175732643412825,24.5,1,2026-01-04 11:06:00
4988,1,2.138053599807165,114.6495709108901,220.13873960531615,1.2644459097814584,24.5,1,2026-01-04 11:07:00
4989,1,2.2354457812019564,114.74096065363989,220.38519383746262,1.4593235385575767,24.5,1,2026-01-04 11:08:00
4990,1,2.3167702985074445,114.12581132081922,224.784219270548,1.3861015747376855,24.5,1,2026-01-04 11:09:00
4991,1,2.457666143356911,115.61220166315005,215.80128747116194,1.5537846022937276,24.5,1,2026-01-04 11:10:00
4992,1,2.4098543044157874,115.14619435344646,221.36644602957762,1.4395335732097003,24.5,1,2026-01-04 11:11:00
4993,1,2.4555176374102974,114.86525137632572,219.77039550248188,1.5349806276355886,24.5,1,2026-01-04 11:12:00
4994,1,2.2667546812629995,114.49613731717636,221.13354345236837,1.4209435312779843,24.5,1,2026-01-04 11:13:00
4995,1,2.528427761504443,114.75458075406976,218.68525489201056,1.5821189010911907,24.5,1,2026-01-04 11:14:00
4996,1,2.569523978874501,114.45958087447019,219.9020699382831,1.578665883536014,24.5,1,2026-01-04 11:15:00
4997,1,2.2677979490524454,115.13530542415045,221.422821158931,1.4449076207210398,24.5,1,2026-01-04 11:16:00
4998,1,2.468713374768407,115.48693634976654,226.2258204020877,1.5167173228003763,24.5,1,2026-01-04 11:17:00
4999,1,2.5578947078856573,114.45779930965378,221.61607237880415,1.6374283704601855,24.5,1,2026-01-04 11:18:00
5000,1,2.5515955501783365,114.9745873934849,218.303868803939,1.4667797120416641,24.5,1,2026-01-04 11:19:00
